// Generated by tools/make_fonts.py. Do not edit; rerun the script.
// Sora (c) The Sora Project Authors, SIL Open Font License 1.1.

#include "fonts.h"

// Sora-SemiBold.ttf at 14 px, 320 glyphs, 13751 bytes
static const uint8_t sora_title_bitmap[] = {
    0x05,0x20,0x1F,0x70,0x1F,0x70,0x1F,0x70,0x1F,0x70,0x1F,0x70,0x1F,0x70,0x1A,0x50,0x13,0x20,0x4F,0x90,0x4F,0x90,0x15,0x14,
    0x20,0x4F,0x4E,0x70,0x4F,0x4E,0x70,0x4F,0x4E,0x70,0x3D,0x3C,0x60,0x00,0x24,0x04,0x30,0x00,0x8B,0x0D,0x80,0x00,0xAA,0x0E,
    0x60,0x3A,0xED,0xAF,0xB6,0x3C,0xFD,0xDF,0xC6,0x00,0xF5,0x6E,0x00,0x24,0xF5,0x8D,0x30,0xAF,0xFF,0xFF,0xF2,0x39,0xE5,0xCB,
    0x51,0x08,0xC0,0xD8,0x00,0x09,0xA0,0xD6,0x00,0x00,0x1A,0x20,0x00,0x00,0x3F,0x40,0x00,0x09,0xFF,0xF8,0x00,0x3F,0xB5,0xBF,
    0x30,0x5F,0x30,0x3D,0x50,0x4F,0x92,0x00,0x00,0x0C,0xFF,0xE8,0x00,0x01,0x7A,0xDF,0x60,0x35,0x00,0x0D,0xB0,0x8F,0x30,0x0D,
    0xB0,0x3F,0xEA,0xDF,0x70,0x05,0xDF,0xE8,0x00,0x00,0x1F,0x30,0x00,0x00,0x0C,0x30,0x00,0x04,0x61,0x01,0x40,0x00,0x5F,0xEA,
    0x08,0xC0,0x00,0xA9,0x4E,0x0C,0x80,0x00,0xB7,0x2F,0x3F,0x40,0x00,0xA9,0x4E,0x7E,0x00,0x00,0x5F,0xE9,0xBA,0x48,0x30,0x04,
    0x61,0xE7,0xED,0xE1,0x00,0x05,0xF7,0xD0,0xD5,0x00,0x09,0xB7,0xC0,0xC6,0x00,0x0D,0x75,0xE2,0xE4,0x00,0x3F,0x31,0xDF,0xC0,
    0x00,0x01,0x00,0x14,0x10,0x00,0x16,0x64,0x00,0x02,0xEF,0xFC,0x00,0x08,0xF7,0x55,0x00,0x09,0xD0,0x00,0x00,0x08,0xF2,0x8F,
    0xFA,0x1C,0xF9,0x4B,0xF6,0x8F,0x9F,0x57,0xF0,0xBC,0x0B,0xEB,0xD0,0xBD,0x02,0xDF,0x80,0x7F,0xB8,0xDF,0x90,0x0A,0xFF,0xEA,
    0xE5,0x00,0x34,0x10,0x00,0x15,0x10,0x4F,0x20,0x4F,0x20,0x4F,0x20,0x3D,0x20,0x00,0xBC,0x05,0xF6,0x0B,0xD0,0x1F,0x90,0x4F,
    0x60,0x6F,0x40,0x6F,0x30,0x6F,0x30,0x5F,0x50,0x3F,0x70,0x0E,0xA0,0x09,0xE1,0x03,0xF8,0x00,0x68,0x9D,0x20,0x3F,0x90,0x0A,
    0xE1,0x05,0xF5,0x01,0xF8,0x00,0xE9,0x00,0xDA,0x00,0xDA,0x00,0xE9,0x02,0xF6,0x06,0xF3,0x0C,0xD0,0x5F,0x70,0x68,0x10,0x00,
    0x88,0x00,0x28,0x88,0x23,0x5E,0xE9,0xDA,0x02,0x78,0xA1,0x3B,0xE9,0xE8,0x4C,0x98,0x66,0x01,0x99,0x00,0x00,0x22,0x00,0x00,
    0x24,0x00,0x00,0x6E,0x00,0x00,0x6E,0x00,0x4A,0xCF,0xAA,0x7F,0xFF,0xFE,0x00,0x6E,0x00,0x00,0x6E,0x00,0x00,0x49,0x00,0x02,
    0x00,0x0E,0x60,0x4F,0x30,0x8D,0x00,0xB9,0x00,0x12,0x00,0x6C,0xCC,0xC0,0x6D,0xDD,0xD0,0x25,0x20,0x6F,0x50,0x6F,0x50,0x00,
    0x9C,0x00,0xCB,0x00,0xE9,0x03,0xF6,0x06,0xF3,0x09,0xE0,0x0B,0xC0,0x0E,0xA0,0x2F,0x70,0x5F,0x40,0x8F,0x10,0xAC,0x00,0x00,
    0x27,0x84,0x00,0x03,0xEF,0xFF,0x70,0x0C,0xF9,0x7E,0xE1,0x2F,0xA0,0x05,0xF6,0x5F,0x60,0x01,0xF9,0x5F,0x50,0x00,0xE9,0x5F,
    0x50,0x00,0xE9,0x4F,0x70,0x01,0xF8,0x1F,0xB0,0x07,0xF5,0x0A,0xFC,0xBF,0xD1,0x02,0xCF,0xFE,0x50,0x00,0x04,0x41,0x00,0x23,
    0x32,0xAF,0xF9,0x58,0xF9,0x00,0xE9,0x00,0xE9,0x00,0xE9,0x00,0xE9,0x00,0xE9,0x00,0xE9,0x00,0xE9,0x00,0xE9,0x00,0x69,0x60,
    0x00,0x0B,0xFF,0xFA,0x00,0x3F,0xA3,0xBF,0x30,0x5D,0x30,0x5F,0x50,0x00,0x00,0x6F,0x50,0x00,0x05,0xEE,0x10,0x02,0xBF,0xE4,
    0x00,0x1D,0xF9,0x10,0x00,0x4F,0x70,0x00,0x00,0x5F,0xCB,0xBB,0x40,0x5F,0xFF,0xFF,0x60,0x15,0x55,0x55,0x00,0x5F,0xFF,0xFF,
    0x00,0x27,0x77,0xEF,0x00,0x00,0x0A,0xE4,0x00,0x01,0xBE,0x40,0x00,0x02,0xFF,0xF8,0x00,0x00,0x53,0xBF,0x20,0x12,0x00,0x5F,
    0x60,0x9F,0x10,0x5F,0x50,0x5F,0xC8,0xDE,0x10,0x09,0xFF,0xE6,0x00,0x00,0x24,0x10,0x00,0x00,0x04,0x00,0x00,0x00,0x1E,0x90,
    0x00,0x00,0x7F,0x40,0x00,0x01,0xEB,0x37,0x10,0x08,0xF5,0x7F,0x20,0x1E,0xC0,0x7F,0x20,0x8F,0x50,0x7F,0x20,0x9F,0xCC,0xDF,
    0xC1,0x8D,0xDD,0xEF,0xD1,0x00,0x00,0x7F,0x20,0x00,0x00,0x7F,0x20,0x04,0x55,0x54,0x00,0x0C,0xFF,0xFE,0x00,0x0D,0xB7,0x77,
    0x00,0x0E,0x70,0x00,0x00,0x0F,0xAB,0xA3,0x00,0x2F,0xFC,0xFE,0x20,0x18,0x40,0x5F,0x80,0x24,0x00,0x0E,0xA0,0x7F,0x40,0x2F,
    0x90,0x2F,0xD8,0xCF,0x40,0x06,0xFF,0xF8,0x00,0x00,0x24,0x20,0x00,0x00,0x04,0x66,0x10,0x02,0xCF,0xFF,0x20,0x0B,0xF8,0x56,
    0x10,0x2F,0x90,0x00,0x00,0x5F,0x6A,0xB7,0x00,0x6F,0xED,0xDF,0x80,0x6F,0xA0,0x1C,0xD0,0x5F,0x50,0x09,0xF0,0x2F,0x70,0x0A,
    0xE0,0x0B,0xE8,0x9F,0xA0,0x03,0xDF,0xFC,0x20,0x00,0x04,0x40,0x00,0x35,0x55,0x55,0x20,0x9F,0xFF,0xFF,0x50,0x9D,0x77,0xBF,
    0x40,0x9B,0x00,0xCD,0x00,0x00,0x03,0xF8,0x00,0x00,0x08,0xF3,0x00,0x00,0x0C,0xC0,0x00,0x00,0x3F,0x70,0x00,0x00,0x8F,0x20,
    0x00,0x00,0xDB,0x00,0x00,0x04,0xE7,0x00,0x00,0x00,0x69,0x71,0x00,0x0B,0xFF,0xFD,0x10,0x3F,0xB3,0x8F,0x70,0x4F,0x60,0x1F,
    0x80,0x1E,0xC5,0x9F,0x40,0x06,0xFF,0xFA,0x00,0x3E,0xB5,0x9F,0x60,0x8F,0x20,0x0D,0xB0,0x8F,0x30,0x0D,0xC0,0x4F,0xD8,0xBF,
    0x80,0x08,0xFF,0xFB,0x10,0x00,0x24,0x30,0x00,0x00,0x58,0x60,0x00,0x0A,0xFF,0xFB,0x00,0x5F,0xA4,0x8F,0x60,0x8F,0x20,0x0D,
    0xA0,0x8F,0x10,0x0D,0xC0,0x6F,0x81,0x6F,0xD0,0x1C,0xFF,0xED,0xC0,0x01,0x78,0x3C,0xB0,0x00,0x00,0x4F,0x80,0x07,0x9A,0xEE,
    0x20,0x0A,0xFF,0xC4,0x00,0x01,0x32,0x00,0x00,0x13,0x10,0x6F,0x50,0x6F,0x50,0x13,0x10,0x00,0x00,0x25,0x20,0x6F,0x50,0x6F,
    0x50,0x13,0x10,0x5F,0x60,0x5F,0x60,0x13,0x10,0x00,0x00,0x02,0x00,0x0E,0x60,0x4F,0x30,0x8D,0x00,0xB9,0x00,0x12,0x00,0x00,
    0x01,0x8A,0x04,0xAE,0xFA,0x3F,0xEA,0x30,0x4F,0x61,0x00,0x3D,0xFE,0x82,0x00,0x5B,0xFC,0x00,0x00,0x36,0x6D,0xDD,0xDC,0x5C,
    0xCC,0xCB,0x00,0x00,0x00,0x7F,0xFF,0xFE,0x4A,0xAA,0xA9,0x3A,0x40,0x00,0x3F,0xFC,0x61,0x02,0x7D,0xFB,0x00,0x02,0xBC,0x04,
    0xAE,0xFA,0x4F,0xEA,0x30,0x37,0x10,0x00,0x01,0x78,0x20,0x1D,0xFF,0xE3,0x8F,0x76,0xF9,0x8B,0x00,0xCB,0x00,0x01,0xEA,0x00,
    0xBD,0xF5,0x00,0xED,0x50,0x00,0xB7,0x00,0x00,0x32,0x00,0x01,0xFB,0x00,0x01,0xFB,0x00,0x00,0x01,0x69,0xA8,0x30,0x00,0x00,
    0x3D,0xFE,0xEF,0xF9,0x00,0x01,0xDD,0x50,0x01,0x8F,0x80,0x09,0xE2,0x00,0x00,0x07,0xF2,0x1E,0x70,0xAF,0xC6,0xA0,0xD8,0x4F,
    0x26,0xFA,0xAE,0xC0,0xAB,0x6E,0x0A,0xC0,0x0C,0xC0,0x9C,0x7D,0x0B,0xA0,0x0A,0xC0,0x9B,0x6E,0x09,0xD0,0x0D,0xC0,0xC9,0x3F,
    0x35,0xFC,0xCD,0xFA,0xF4,0x0D,0x90,0x8D,0xB2,0xBF,0x80,0x07,0xF4,0x00,0x00,0x00,0x00,0x00,0xBE,0x84,0x33,0x00,0x00,0x00,
    0x1A,0xFF,0xFB,0x00,0x00,0x00,0x00,0x26,0x64,0x00,0x00,0x00,0x15,0x53,0x00,0x00,0x00,0x5F,0xFB,0x00,0x00,0x00,0x9E,0xCE,
    0x10,0x00,0x00,0xCB,0x6F,0x40,0x00,0x01,0xF7,0x2F,0x80,0x00,0x06,0xF3,0x0C,0xC0,0x00,0x0A,0xF7,0x7C,0xF1,0x00,0x0D,0xFF,
    0xFF,0xF5,0x00,0x3F,0x95,0x55,0xE9,0x00,0x7F,0x30,0x00,0xBD,0x00,0xAD,0x00,0x00,0x7E,0x20,0x55,0x54,0x10,0xFF,0xFF,0xD2,
    0xFB,0x79,0xF9,0xF9,0x00,0xEB,0xF9,0x02,0xFA,0xFE,0xDE,0xF3,0xFD,0xAB,0xFA,0xF9,0x00,0xAE,0xF9,0x00,0xAF,0xFC,0x9A,0xFC,
    0xFF,0xFF,0xD4,0x33,0x32,0x00,0x00,0x16,0x86,0x10,0x00,0x02,0xDF,0xFF,0xD2,0x00,0x0B,0xFA,0x7A,0xFB,0x00,0x3F,0xA0,0x00,
    0xAF,0x20,0x6F,0x50,0x00,0x38,0x30,0x8F,0x30,0x00,0x00,0x00,0x8F,0x30,0x00,0x00,0x00,0x5F,0x60,0x00,0x4C,0x50,0x1E,0xD1,
    0x00,0xAF,0x30,0x08,0xFD,0xAD,0xFA,0x00,0x00,0x9F,0xFF,0xB1,0x00,0x00,0x02,0x43,0x00,0x00,0x67,0x76,0x20,0x00,0xFF,0xFF,
    0xF8,0x00,0xFC,0x89,0xEF,0x50,0xF9,0x00,0x2E,0xC0,0xF9,0x00,0x09,0xF2,0xF9,0x00,0x07,0xF3,0xF9,0x00,0x08,0xF3,0xF9,0x00,
    0x0B,0xE1,0xF9,0x00,0x7F,0xA0,0xFE,0xDE,0xFE,0x20,0xFF,0xFE,0xB3,0x00,0x55,0x55,0x40,0xFF,0xFF,0xD0,0xFC,0x77,0x60,0xF9,
    0x00,0x00,0xFA,0x11,0x10,0xFF,0xFF,0xA0,0xFD,0xAA,0x70,0xF9,0x00,0x00,0xF9,0x00,0x00,0xFD,0xBB,0xA0,0xFF,0xFF,0xE0,0x33,
    0x33,0x20,0xFF,0xFF,0xB0,0xFC,0x88,0x60,0xFA,0x00,0x00,0xFA,0x00,0x00,0xFF,0xEE,0x80,0xFE,0xCC,0x70,0xFA,0x00,0x00,0xFA,
    0x00,0x00,0xFA,0x00,0x00,0xFA,0x00,0x00,0x00,0x16,0x86,0x10,0x00,0x01,0xCF,0xFF,0xE3,0x00,0x0A,0xFB,0x7A,0xFC,0x00,0x2F,
    0xB0,0x00,0x9F,0x20,0x6F,0x50,0x00,0x27,0x20,0x8F,0x30,0x35,0x55,0x40,0x8F,0x30,0x9F,0xFF,0xD0,0x5F,0x60,0x35,0x7F,0x50,
    0x1E,0xC1,0x00,0x6F,0x30,0x08,0xFD,0x9A,0xFE,0x10,0x00,0x9F,0xFF,0xD4,0x00,0x00,0x02,0x43,0x00,0x00,0x53,0x00,0x04,0x40,
    0xF9,0x00,0x0C,0xC0,0xF9,0x00,0x0C,0xC0,0xF9,0x00,0x0C,0xC0,0xF9,0x00,0x0C,0xC0,0xFF,0xFF,0xFF,0xC0,0xFE,0xCC,0xCE,0xC0,
    0xF9,0x00,0x0C,0xC0,0xF9,0x00,0x0C,0xC0,0xF9,0x00,0x0C,0xC0,0xF9,0x00,0x0C,0xC0,0x53,0xF9,0xF9,0xF9,0xF9,0xF9,0xF9,0xF9,
    0xF9,0xF9,0xF9,0x03,0x55,0x55,0x10,0x0A,0xFF,0xFF,0x40,0x05,0x88,0xBF,0x40,0x00,0x00,0x6F,0x40,0x00,0x00,0x6F,0x40,0x00,
    0x00,0x6F,0x40,0x00,0x00,0x6F,0x40,0xAF,0x00,0x7F,0x40,0x9F,0x30,0x9F,0x30,0x4F,0xEB,0xFD,0x00,0x09,0xFF,0xE4,0x00,0x00,
    0x24,0x10,0x00,0x53,0x00,0x25,0x10,0xF9,0x01,0xDD,0x10,0xF9,0x09,0xF5,0x00,0xF9,0x4F,0xA0,0x00,0xF9,0xDE,0x20,0x00,0xFE,
    0xFB,0x00,0x00,0xFA,0xAF,0x60,0x00,0xF9,0x2E,0xE1,0x00,0xF9,0x06,0xF9,0x00,0xF9,0x00,0xBF,0x30,0xF9,0x00,0x3F,0xB0,0x53,
    0x00,0x00,0xFA,0x00,0x00,0xFA,0x00,0x00,0xFA,0x00,0x00,0xFA,0x00,0x00,0xFA,0x00,0x00,0xFA,0x00,0x00,0xFA,0x00,0x00,0xFA,
    0x00,0x00,0xFE,0xCC,0xA0,0xFF,0xFF,0xC0,0x55,0x10,0x00,0x35,0x30,0xFF,0x60,0x00,0xDF,0x80,0xFF,0xB0,0x04,0xFF,0x80,0xFD,
    0xE1,0x09,0xCF,0x80,0xF9,0xF6,0x0D,0x8F,0x80,0xF7,0xCB,0x4F,0x3F,0x80,0xF7,0x7E,0xAC,0x0F,0x80,0xF7,0x2F,0xF8,0x0F,0x80,
    0xF7,0x0B,0xD3,0x0F,0x80,0xF7,0x00,0x00,0x0F,0x80,0xF7,0x00,0x00,0x0F,0x80,0x55,0x30,0x00,0x43,0xFF,0xD0,0x00,0xE8,0xFD,
    0xF4,0x00,0xE8,0xF8,0xEA,0x00,0xE8,0xF8,0xAE,0x10,0xE8,0xF8,0x4F,0x70,0xE8,0xF8,0x0D,0xD0,0xE8,0xF8,0x07,0xF4,0xE8,0xF8,
    0x01,0xEA,0xE8,0xF8,0x00,0xAF,0xF8,0xF8,0x00,0x4F,0xF8,0x00,0x05,0x87,0x20,0x00,0x01,0xCF,0xFF,0xF6,0x00,0x0A,0xFB,0x78,
    0xEE,0x30,0x2F,0xB0,0x00,0x4F,0x90,0x6F,0x50,0x00,0x0C,0xD0,0x8F,0x30,0x00,0x0A,0xE0,0x8F,0x30,0x00,0x0A,0xE0,0x5F,0x70,
    0x00,0x0D,0xC0,0x1E,0xD2,0x00,0x8F,0x70,0x07,0xFE,0xBC,0xFD,0x10,0x00,0x8F,0xFF,0xD3,0x00,0x00,0x02,0x43,0x00,0x00,0x55,
    0x53,0x00,0xFF,0xFF,0xC2,0xFC,0x7A,0xFA,0xFA,0x00,0xCE,0xFA,0x00,0xBE,0xFA,0x01,0xED,0xFE,0xCE,0xF7,0xFE,0xDC,0x70,0xFA,
    0x00,0x00,0xFA,0x00,0x00,0xFA,0x00,0x00,0x00,0x05,0x87,0x30,0x00,0x01,0xCF,0xFF,0xF6,0x00,0x0A,0xFC,0x78,0xEE,0x30,0x2F,
    0xC0,0x00,0x4F,0x90,0x6F,0x60,0x00,0x0C,0xD0,0x8F,0x30,0x00,0x0A,0xE0,0x8F,0x30,0x00,0x0A,0xE0,0x5F,0x70,0x00,0x0D,0xC0,
    0x1E,0xD2,0x00,0x7F,0x70,0x07,0xFE,0xAC,0xFD,0x10,0x00,0x8F,0xFF,0xD3,0x00,0x00,0x01,0xF9,0x00,0x00,0x00,0x00,0xDE,0xA5,
    0x00,0x00,0x00,0x6E,0xF7,0x00,0x55,0x54,0x10,0x00,0xFF,0xFF,0xE4,0x00,0xFC,0x78,0xFD,0x00,0xFA,0x00,0x9F,0x20,0xFA,0x00,
    0x8F,0x30,0xFA,0x13,0xDF,0x10,0xFF,0xFF,0xF8,0x00,0xFD,0xAF,0xC0,0x00,0xFA,0x09,0xF5,0x00,0xFA,0x01,0xED,0x10,0xFA,0x00,
    0x7F,0x70,0x11,0x00,0x01,0x10,0x00,0x58,0x61,0x00,0x09,0xFF,0xFD,0x10,0x2F,0xC4,0x9F,0x70,0x5F,0x60,0x0B,0x80,0x3F,0xB3,
    0x00,0x00,0x0C,0xFF,0xEA,0x10,0x01,0x8B,0xDF,0xA0,0x12,0x00,0x0B,0xE0,0x8F,0x20,0x0A,0xE0,0x4F,0xD8,0x9F,0xB0,0x08,0xFF,
    0xFC,0x20,0x00,0x24,0x30,0x00,0x45,0x55,0x55,0x20,0xCF,0xFF,0xFF,0x80,0x68,0xBF,0x98,0x40,0x00,0x7F,0x20,0x00,0x00,0x7F,
    0x20,0x00,0x00,0x7F,0x20,0x00,0x00,0x7F,0x20,0x00,0x00,0x7F,0x20,0x00,0x00,0x7F,0x20,0x00,0x00,0x7F,0x20,0x00,0x00,0x7F,
    0x20,0x00,0x15,0x20,0x00,0x43,0x3F,0x70,0x00,0xDB,0x3F,0x70,0x00,0xDB,0x3F,0x70,0x00,0xDB,0x3F,0x70,0x00,0xDB,0x3F,0x70,
    0x00,0xDB,0x3F,0x70,0x00,0xDB,0x2F,0x80,0x00,0xDA,0x0E,0xC0,0x04,0xF8,0x09,0xFC,0xAE,0xF3,0x01,0xCF,0xFF,0x70,0x00,0x03,
    0x42,0x00,0x44,0x00,0x00,0x43,0x9F,0x10,0x01,0xF8,0x6F,0x50,0x04,0xF5,0x2F,0x80,0x07,0xF1,0x0D,0xB0,0x0A,0xD0,0x09,0xE0,
    0x0D,0xA0,0x05,0xF3,0x2F,0x70,0x01,0xF7,0x6F,0x30,0x00,0xDB,0x9E,0x00,0x00,0x9E,0xEB,0x00,0x00,0x6F,0xF8,0x00,0x34,0x00,
    0x00,0x00,0x01,0x52,0x9F,0x10,0x1D,0xB0,0x05,0xF5,0x7F,0x50,0x3F,0xF1,0x07,0xF2,0x3F,0x70,0x6F,0xF3,0x0A,0xE0,0x0E,0xA0,
    0x8E,0xF6,0x0C,0xC0,0x0C,0xD0,0xAB,0xE9,0x0E,0x90,0x09,0xF1,0xC8,0xBB,0x1F,0x70,0x06,0xF3,0xE6,0x9E,0x3F,0x40,0x03,0xF8,
    0xF3,0x6F,0x7F,0x10,0x00,0xEE,0xF1,0x3F,0xDD,0x00,0x00,0xCF,0xD0,0x0E,0xFA,0x00,0x35,0x10,0x02,0x52,0x4F,0x90,0x0A,0xF3,
    0x0B,0xE2,0x3F,0x90,0x04,0xF9,0xAE,0x20,0x00,0xAF,0xF9,0x00,0x00,0x4F,0xF1,0x00,0x00,0x9F,0xF6,0x00,0x02,0xEA,0xDD,0x00,
    0x09,0xF2,0x6F,0x70,0x2F,0xA0,0x0C,0xE1,0xAF,0x20,0x05,0xF8,0x44,0x00,0x02,0x50,0xAF,0x10,0x0B,0xD0,0x4F,0x70,0x1F,0x80,
    0x0D,0xC0,0x7F,0x30,0x07,0xF3,0xBC,0x00,0x02,0xFA,0xF7,0x00,0x00,0xBF,0xF2,0x00,0x00,0x2F,0x80,0x00,0x00,0x1F,0x70,0x00,
    0x00,0x1F,0x70,0x00,0x00,0x1F,0x70,0x00,0x25,0x55,0x55,0x30,0x6F,0xFF,0xFF,0xB0,0x37,0x77,0x9F,0xA0,0x00,0x00,0xCE,0x20,
    0x00,0x07,0xF7,0x00,0x00,0x2E,0xB0,0x00,0x00,0xAE,0x20,0x00,0x06,0xF7,0x00,0x00,0x2E,0xC0,0x00,0x00,0x8F,0xCB,0xBB,0x80,
    0x8F,0xFF,0xFF,0xC0,0xDD,0xA0,0xEE,0x90,0xE8,0x00,0xE8,0x00,0xE8,0x00,0xE8,0x00,0xE8,0x00,0xE8,0x00,0xE8,0x00,0xE8,0x00,
    0xE8,0x00,0xE9,0x20,0xEF,0xB0,0x88,0x60,0xBB,0x00,0x9F,0x10,0x6F,0x40,0x3F,0x60,0x0E,0x90,0x0B,0xC0,0x08,0xE0,0x05,0xF3,
    0x02,0xF6,0x00,0xD9,0x00,0xBC,0x00,0x8D,0x7D,0xD3,0x7D,0xF3,0x04,0xF3,0x04,0xF3,0x04,0xF3,0x04,0xF3,0x04,0xF3,0x04,0xF3,
    0x04,0xF3,0x04,0xF3,0x04,0xF3,0x26,0xF3,0x8F,0xF3,0x58,0x82,0x00,0x35,0x10,0x00,0xCF,0x80,0x02,0xFA,0xC0,0x07,0xD3,0xF2,
    0x0B,0x90,0xE6,0x1F,0x50,0xAB,0x3A,0x10,0x49,0x55,0x55,0x55,0x20,0xFF,0xFF,0xFF,0x80,0x55,0x55,0x55,0x20,0x86,0x00,0x9E,
    0x00,0x3F,0x40,0x06,0x30,0x09,0xA9,0x50,0x0E,0xFF,0xF5,0x01,0x13,0xEA,0x05,0x9A,0xEB,0x5F,0xB8,0xEB,0x9F,0x00,0xDB,0x9F,
    0x65,0xFB,0x3E,0xFE,0xAB,0x01,0x42,0x11,0x15,0x20,0x00,0x00,0x2F,0x80,0x00,0x00,0x2F,0x80,0x00,0x00,0x2F,0x8A,0xDA,0x10,
    0x2F,0xEE,0xEF,0xA0,0x2F,0xC1,0x1C,0xF1,0x2F,0x80,0x07,0xF4,0x2F,0x70,0x06,0xF4,0x2F,0xA0,0x09,0xF2,0x2F,0xE9,0x9F,0xC0,
    0x2F,0x6E,0xFE,0x30,0x00,0x02,0x41,0x00,0x02,0xAD,0xB2,0x00,0x0D,0xFD,0xFD,0x00,0x5F,0x70,0x7F,0x40,0x8F,0x20,0x13,0x10,
    0x8F,0x10,0x00,0x00,0x7F,0x50,0x4D,0x50,0x2E,0xD8,0xDF,0x20,0x06,0xEF,0xF6,0x00,0x00,0x24,0x20,0x00,0x00,0x00,0x03,0x40,
    0x00,0x00,0x0B,0xD0,0x00,0x00,0x0B,0xD0,0x03,0xBD,0x8B,0xD0,0x1D,0xFD,0xEE,0xD0,0x5F,0x90,0x3E,0xD0,0x8F,0x20,0x0B,0xD0,
    0x8F,0x10,0x0B,0xD0,0x7F,0x50,0x1D,0xD0,0x2F,0xE8,0xBE,0xD0,0x06,0xFF,0xD8,0xD0,0x00,0x24,0x10,0x00,0x02,0xBE,0xB2,0x00,
    0x0D,0xFC,0xFC,0x00,0x5F,0x50,0x6F,0x40,0x8F,0xAA,0xBF,0x70,0x8F,0xAA,0xAA,0x50,0x6F,0x30,0x27,0x20,0x2E,0xD8,0xCF,0x20,
    0x06,0xEF,0xF7,0x00,0x00,0x14,0x20,0x00,0x00,0x35,0x00,0x08,0xFF,0x00,0x0E,0xB5,0x00,0x5F,0xA7,0x10,0xBF,0xFF,0x20,0x0F,
    0x80,0x00,0x0F,0x80,0x00,0x0F,0x80,0x00,0x0F,0x80,0x00,0x0F,0x80,0x00,0x0F,0x80,0x00,0x01,0x10,0x00,0x00,0x01,0x00,0x00,
    0x05,0xDF,0xA7,0x90,0x1E,0xFB,0xED,0xB0,0x6F,0x70,0x2E,0xB0,0x8F,0x20,0x0C,0xB0,0x8F,0x20,0x0C,0xB0,0x6F,0x80,0x4F,0xB0,
    0x1D,0xFD,0xEE,0xB0,0x03,0xCD,0x7C,0xB0,0x00,0x00,0x4F,0x90,0x08,0xED,0xFF,0x30,0x06,0xCC,0xA4,0x00,0x15,0x20,0x00,0x00,
    0x2F,0x80,0x00,0x00,0x2F,0x80,0x00,0x00,0x2F,0x8B,0xD6,0x00,0x2F,0xEE,0xFF,0x20,0x2F,0xB0,0x7F,0x50,0x2F,0x80,0x4F,0x60,
    0x2F,0x80,0x4F,0x60,0x2F,0x80,0x4F,0x60,0x2F,0x80,0x4F,0x60,0x2F,0x80,0x4F,0x60,0x09,0x30,0x3F,0x80,0x07,0x20,0x7A,0x70,
    0xAF,0xA0,0x0D,0xA0,0x0D,0xA0,0x0D,0xA0,0x0D,0xA0,0x0D,0xA0,0x0D,0xA0,0x0A,0x60,0x0F,0xA0,0x05,0x20,0x6A,0x80,0x8E,0xC0,
    0x0B,0xC0,0x0B,0xC0,0x0B,0xC0,0x0B,0xC0,0x0B,0xC0,0x0B,0xC0,0x0C,0xB0,0xDF,0x90,0xCA,0x10,0x15,0x20,0x00,0x00,0x2F,0x80,
    0x00,0x00,0x2F,0x80,0x00,0x00,0x2F,0x80,0x6A,0x20,0x2F,0x82,0xEA,0x00,0x2F,0x8A,0xE1,0x00,0x2F,0xAF,0x70,0x00,0x2F,0xBD,
    0xC0,0x00,0x2F,0x86,0xF6,0x00,0x2F,0x80,0xDD,0x10,0x2F,0x80,0x5F,0x80,0x45,0x20,0xCF,0x70,0x4F,0x70,0x1F,0x70,0x1F,0x70,
    0x1F,0x70,0x1F,0x70,0x1F,0x70,0x1F,0x70,0x1F,0x70,0x1F,0x70,0x2A,0x4C,0xC4,0x5D,0xC2,0x2F,0xDE,0xFD,0xEE,0xFA,0x2F,0xA0,
    0x9F,0x80,0xCE,0x2F,0x70,0x6F,0x40,0x9F,0x2F,0x70,0x6F,0x40,0x9F,0x2F,0x70,0x6F,0x40,0x9F,0x2F,0x70,0x6F,0x40,0x9F,0x2F,
    0x70,0x6F,0x40,0x9F,0x2A,0x4C,0xD6,0x00,0x2F,0xCE,0xFF,0x20,0x2F,0xB0,0x7F,0x50,0x2F,0x80,0x4F,0x60,0x2F,0x80,0x4F,0x60,
    0x2F,0x80,0x4F,0x60,0x2F,0x80,0x4F,0x60,0x2F,0x80,0x4F,0x60,0x01,0xAD,0xC5,0x00,0x0C,0xFD,0xEF,0x50,0x5F,0x90,0x2E,0xC0,
    0x8F,0x20,0x0A,0xF0,0x8F,0x10,0x09,0xF0,0x6F,0x50,0x0C,0xD0,0x1E,0xE8,0xAF,0x80,0x05,0xEF,0xFB,0x10,0x00,0x14,0x30,0x00,
    0x2A,0x3B,0xEA,0x10,0x2F,0xBD,0xDF,0xA0,0x2F,0xC1,0x0C,0xF1,0x2F,0x70,0x06,0xF4,0x2F,0x70,0x06,0xF4,0x2F,0xA0,0x09,0xF2,
    0x2F,0xF9,0x9F,0xC0,0x2F,0xAE,0xFE,0x40,0x2F,0x82,0x41,0x00,0x2F,0x80,0x00,0x00,0x2C,0x60,0x00,0x00,0x03,0xCE,0x95,0x90,
    0x1D,0xFC,0xEC,0xD0,0x6F,0x80,0x3E,0xD0,0x8F,0x20,0x0B,0xD0,0x8F,0x20,0x0B,0xD0,0x7F,0x60,0x1E,0xD0,0x2E,0xE9,0xCF,0xD0,
    0x06,0xEF,0xCC,0xD0,0x00,0x13,0x0B,0xD0,0x00,0x00,0x0B,0xD0,0x00,0x00,0x09,0xA0,0x2A,0x29,0x50,0x2F,0xBF,0x70,0x2F,0xC2,
    0x00,0x2F,0x80,0x00,0x2F,0x70,0x00,0x2F,0x70,0x00,0x2F,0x70,0x00,0x2F,0x70,0x00,0x07,0xDD,0x70,0x4F,0xCC,0xF4,0x7F,0x11,
    0x95,0x4F,0xDA,0x50,0x07,0xCE,0xF5,0x34,0x01,0xDA,0x8F,0x76,0xE9,0x2D,0xFF,0xD2,0x00,0x44,0x00,0x0B,0x60,0x00,0x0E,0x80,
    0x00,0x8F,0xC8,0x30,0xCF,0xED,0x50,0x0E,0x80,0x00,0x0E,0x80,0x00,0x0E,0x80,0x00,0x0E,0x80,0x00,0x0C,0xE9,0x30,0x05,0xEF,
    0x50,0x00,0x13,0x10,0x3A,0x40,0x5A,0x20,0x5F,0x50,0x7F,0x30,0x5F,0x50,0x7F,0x30,0x5F,0x50,0x7F,0x30,0x5F,0x50,0x7F,0x30,
    0x4F,0x70,0x8F,0x30,0x1F,0xE9,0xDF,0x30,0x09,0xFF,0x8F,0x30,0x00,0x33,0x00,0x00,0x89,0x00,0x5A,0x10,0x9F,0x20,0xAE,0x00,
    0x5F,0x60,0xCB,0x00,0x1F,0x91,0xF8,0x00,0x0C,0xC4,0xF5,0x00,0x09,0xF7,0xF1,0x00,0x05,0xFE,0xD0,0x00,0x01,0xFF,0xA0,0x00,
    0x88,0x00,0x66,0x00,0xA5,0x9E,0x02,0xFE,0x02,0xF5,0x6F,0x35,0xEF,0x35,0xF2,0x2F,0x67,0xCE,0x67,0xE0,0x0D,0x9A,0xAB,0x9A,
    0xB0,0x0B,0xCC,0x79,0xBC,0x90,0x08,0xEE,0x56,0xEF,0x60,0x04,0xFF,0x23,0xFF,0x30,0x6A,0x10,0x89,0x00,0x4F,0x82,0xF8,0x00,
    0x0B,0xE8,0xE2,0x00,0x05,0xFF,0x90,0x00,0x02,0xFF,0x90,0x00,0x09,0xEA,0xE2,0x00,0x2F,0x82,0xF9,0x00,0x9E,0x20,0xAF,0x20,
    0x88,0x00,0x6A,0xAE,0x00,0xBC,0x6F,0x40,0xE9,0x2F,0x82,0xF6,0x0C,0xB5,0xF2,0x09,0xE8,0xE0,0x05,0xFE,0xB0,0x01,0xCF,0x80,
    0x00,0x2F,0x40,0x4B,0xDE,0x10,0x5F,0xE6,0x00,0x6A,0xAA,0xA0,0x8D,0xDE,0xF1,0x00,0x1D,0xA0,0x00,0x9E,0x20,0x04,0xF6,0x00,
    0x1D,0xC0,0x00,0x7F,0xA8,0x82,0x8F,0xFF,0xF3,0x01,0xAB,0x07,0xFB,0x0A,0xC0,0x0A,0xC0,0x0A,0xC0,0x2C,0xB0,0x8E,0x50,0x6E,
    0x90,0x0B,0xC0,0x0A,0xC0,0x0A,0xC0,0x0A,0xE3,0x05,0xFC,0x00,0x47,0x33,0x9B,0x9B,0x9B,0x9B,0x9B,0x9B,0x9B,0x9B,0x9B,0x9B,
    0x9B,0x9B,0x79,0x8C,0x30,0x8F,0xB0,0x09,0xE0,0x08,0xE0,0x08,0xE0,0x08,0xF3,0x02,0xDB,0x05,0xF8,0x08,0xE0,0x08,0xE0,0x08,
    0xE0,0x2B,0xD0,0x9F,0x90,0x56,0x00,0x2C,0xB1,0x46,0xAC,0xED,0xD7,0x73,0x2C,0xB1,0x2A,0x60,0x4F,0x90,0x28,0x50,0x05,0x20,
    0x1F,0x70,0x1F,0x70,0x1F,0x70,0x1F,0x70,0x1F,0x70,0x1F,0x70,0x1A,0x50,0x00,0x03,0x00,0x00,0x00,0x2F,0x30,0x00,0x03,0xBF,
    0xB3,0x00,0x1D,0xFC,0xFD,0x00,0x6F,0x60,0x7F,0x40,0x8F,0x10,0x00,0x00,0x8F,0x10,0x15,0x20,0x5F,0x81,0x9F,0x40,0x0C,0xFF,
    0xFC,0x00,0x01,0x8F,0x81,0x00,0x00,0x2F,0x30,0x00,0x00,0x05,0x66,0x10,0x01,0xCF,0xFF,0x20,0x08,0xF8,0x56,0x10,0x0B,0xC0,
    0x00,0x00,0x0B,0xB0,0x00,0x00,0x5E,0xDA,0xA4,0x00,0x5E,0xDA,0xA4,0x00,0x0B,0xB0,0x00,0x00,0x0B,0xB0,0x08,0x80,0x5D,0xD8,
    0x8D,0xA0,0x9F,0xFF,0xFF,0xA0,0x4C,0x14,0x26,0xB0,0x4F,0xEF,0xFE,0xB0,0x0B,0xE6,0xAF,0x30,0x0D,0x90,0x1F,0x60,0x0D,0x90,
    0x1F,0x60,0x0B,0xE7,0xBF,0x30,0x5F,0xDF,0xEE,0xC0,0x3A,0x02,0x14,0x90,0x44,0x00,0x03,0x40,0x8F,0x30,0x0C,0xB0,0x2F,0x80,
    0x3F,0x60,0x0B,0xD0,0x8E,0x10,0x05,0xF5,0xDA,0x00,0x25,0xED,0xF8,0x30,0x5D,0xDF,0xED,0xA0,0x13,0x3F,0x83,0x20,0x6F,0xFF,
    0xFF,0xB0,0x00,0x0F,0x60,0x00,0x00,0x0F,0x60,0x00,0x33,0x9B,0x9B,0x9B,0x9B,0x9B,0x33,0x00,0x79,0x9B,0x9B,0x9B,0x9B,0x79,
    0x00,0x34,0x10,0x00,0x08,0xFF,0xD2,0x00,0x1F,0xA6,0xF8,0x00,0x2F,0x70,0x32,0x00,0x0C,0xFB,0x50,0x00,0x1D,0xDE,0xF9,0x00,
    0x7E,0x11,0xAF,0x10,0x8F,0x40,0x7F,0x10,0x3E,0xFC,0xE9,0x00,0x02,0x8E,0xF5,0x00,0x36,0x01,0xE9,0x00,0x6F,0x86,0xE8,0x00,
    0x1C,0xFF,0xD2,0x00,0x00,0x34,0x10,0x00,0xD9,0x9D,0xEA,0xAD,0x11,0x11,0x00,0x26,0x61,0x00,0x04,0xC7,0x8C,0x30,0x1C,0x27,
    0x72,0xC0,0x57,0x9D,0xD9,0x84,0x84,0xD4,0x36,0x57,0x84,0xE4,0x25,0x57,0x67,0xAC,0xCA,0x84,0x1C,0x29,0x92,0xC0,0x06,0xC6,
    0x6C,0x50,0x00,0x38,0x72,0x00,0x15,0x40,0x00,0x4F,0xFC,0x00,0x15,0x9F,0x20,0x6E,0xCF,0x30,0xAC,0x5F,0x30,0x7F,0xDF,0x30,
    0x04,0x22,0x00,0x05,0xC4,0x7C,0x30,0x0D,0xD1,0xEB,0x00,0x7F,0x58,0xF3,0x00,0xBE,0x1C,0xD0,0x00,0x5F,0x77,0xF5,0x00,0x0C,
    0xE2,0xDD,0x00,0x04,0x83,0x58,0x20,0x25,0x55,0x55,0x10,0x7F,0xFF,0xFF,0x50,0x37,0x77,0x7F,0x50,0x00,0x00,0x0E,0x50,0x00,
    0x00,0x0E,0x40,0x00,0x48,0x71,0x00,0x06,0xB5,0x7B,0x10,0x1B,0x7C,0x95,0x80,0x56,0x97,0xC3,0xB0,0x75,0x9C,0xD1,0xA0,0x56,
    0x99,0xC0,0xB0,0x1B,0x63,0x77,0x80,0x06,0xB5,0x7C,0x10,0x00,0x48,0x71,0x00,0x88,0x84,0xDD,0xD7,0x02,0x40,0x00,0x4E,0xFA,
    0x00,0xAB,0x5F,0x20,0xB7,0x1F,0x30,0x8E,0xCE,0x10,0x19,0xB4,0x00,0x00,0x13,0x00,0x00,0x4F,0x00,0x00,0x4F,0x00,0x3C,0xDF,
    0xCB,0x3C,0xDF,0xCB,0x00,0x4F,0x00,0x00,0x4F,0x00,0x00,0x13,0x00,0x4F,0xFF,0xFF,0x38,0x88,0x88,0x18,0x92,0x8D,0xCA,0x32,
    0x7B,0x19,0xE5,0x8D,0x52,0x9F,0xFB,0x23,0x32,0x47,0x74,0x7D,0xFA,0x07,0xC2,0x0A,0xE8,0x54,0x6C,0x7E,0xE9,0x05,0x50,0x18,
    0x40,0x6F,0x20,0xBA,0x00,0x63,0x00,0x3A,0x40,0x5A,0x20,0x5F,0x50,0x7F,0x30,0x5F,0x50,0x7F,0x30,0x5F,0x50,0x7F,0x30,0x5F,
    0x50,0x7F,0x30,0x5F,0x70,0x9F,0x30,0x5F,0xEB,0xEF,0xD2,0x5F,0xEF,0x6A,0xE3,0x5F,0x41,0x00,0x00,0x5F,0x40,0x00,0x00,0x4C,
    0x30,0x00,0x00,0x03,0x55,0x15,0x00,0x7F,0xFF,0x4F,0x10,0xDF,0xFF,0x4F,0x10,0xEF,0xFF,0x4F,0x10,0xBF,0xFF,0x4F,0x10,0x2A,
    0xCF,0x4F,0x10,0x00,0x1F,0x4F,0x10,0x00,0x1F,0x4F,0x10,0x00,0x1F,0x4F,0x10,0x00,0x1F,0x4F,0x10,0x00,0x1F,0x4F,0x10,0x6F,
    0x50,0x6F,0x50,0x25,0x20,0x02,0x00,0x2D,0x10,0x2B,0xC0,0x6B,0xC0,0x5A,0x30,0x68,0x20,0x9E,0x40,0x0D,0x40,0x0D,0x40,0x0D,
    0x40,0x0D,0x40,0x02,0x10,0x02,0x63,0x00,0x2E,0xFF,0x50,0x8E,0x4C,0xB0,0xAC,0x09,0xD0,0x8F,0x6D,0xB0,0x2D,0xFE,0x40,0x01,
    0x42,0x00,0x5C,0x56,0xC3,0x00,0x1D,0xD2,0xEB,0x00,0x07,0xF6,0x8F,0x40,0x02,0xF9,0x4F,0x80,0x09,0xF3,0xAE,0x20,0x2E,0xA3,
    0xF8,0x00,0x48,0x25,0x81,0x00,0x35,0x20,0x03,0x80,0x00,0xBF,0x50,0x0A,0x80,0x00,0x0C,0x50,0x2E,0x20,0x00,0x0C,0x50,0x99,
    0x00,0x00,0x0C,0x51,0xE3,0x67,0x00,0x0C,0x58,0xB0,0xD7,0x10,0x05,0x3E,0x46,0xD8,0x80,0x00,0x6C,0x0D,0x89,0x90,0x00,0xB6,
    0x0E,0xFF,0xF1,0x03,0xD0,0x00,0x08,0x80,0x02,0x30,0x00,0x00,0x00,0x35,0x20,0x03,0x80,0x00,0xBF,0x50,0x0A,0x80,0x00,0x0C,
    0x50,0x2E,0x20,0x00,0x0C,0x50,0x99,0x00,0x00,0x0C,0x51,0xE3,0x7B,0x60,0x0C,0x58,0xB3,0xE8,0xE1,0x05,0x3E,0x41,0x23,0xF1,
    0x00,0x6C,0x00,0x8E,0x80,0x00,0xB6,0x03,0xF7,0x51,0x03,0xD0,0x04,0xFF,0xF2,0x02,0x30,0x00,0x00,0x00,0x13,0x32,0x00,0x29,
    0x00,0x00,0x8F,0xFA,0x00,0x9A,0x00,0x00,0x15,0xD4,0x01,0xE3,0x00,0x00,0x0D,0xE5,0x07,0xB0,0x00,0x00,0x33,0x7C,0x0D,0x54,
    0x80,0x00,0x9C,0xCA,0x6D,0x0B,0x82,0x00,0x19,0x92,0xC6,0x4E,0x7A,0x00,0x00,0x04,0xE1,0xBA,0x8B,0x10,0x00,0x0B,0x80,0xCF,
    0xFF,0x30,0x00,0x3E,0x10,0x00,0x7A,0x00,0x00,0x24,0x00,0x00,0x00,0x00,0x00,0x5A,0x30,0x00,0x8F,0x40,0x00,0x58,0x20,0x00,
    0x37,0x10,0x00,0x8F,0x20,0x1C,0xFF,0x20,0x7F,0x73,0x00,0x9E,0x00,0x56,0x8F,0x31,0xDB,0x3F,0xEE,0xF6,0x06,0xCD,0x70,0x00,
    0x77,0x00,0x00,0x00,0x00,0x7F,0x40,0x00,0x00,0x00,0x0D,0xB0,0x00,0x00,0x00,0x15,0x53,0x00,0x00,0x00,0x5F,0xFB,0x00,0x00,
    0x00,0x9E,0xCE,0x10,0x00,0x00,0xCB,0x6F,0x40,0x00,0x01,0xF7,0x2F,0x80,0x00,0x06,0xF3,0x0C,0xC0,0x00,0x0A,0xF7,0x7C,0xF1,
    0x00,0x0D,0xFF,0xFF,0xF5,0x00,0x3F,0x95,0x55,0xE9,0x00,0x7F,0x30,0x00,0xBD,0x00,0xAD,0x00,0x00,0x7E,0x20,0x00,0x00,0x48,
    0x30,0x00,0x00,0x00,0xDC,0x00,0x00,0x00,0x07,0xF3,0x00,0x00,0x00,0x15,0x53,0x00,0x00,0x00,0x5F,0xFB,0x00,0x00,0x00,0x9E,
    0xCE,0x10,0x00,0x00,0xCB,0x6F,0x40,0x00,0x01,0xF7,0x2F,0x80,0x00,0x06,0xF3,0x0C,0xC0,0x00,0x0A,0xF7,0x7C,0xF1,0x00,0x0D,
    0xFF,0xFF,0xF5,0x00,0x3F,0x95,0x55,0xE9,0x00,0x7F,0x30,0x00,0xBD,0x00,0xAD,0x00,0x00,0x7E,0x20,0x00,0x07,0x83,0x00,0x00,
    0x00,0x5F,0xCB,0x00,0x00,0x00,0xC9,0x3F,0x50,0x00,0x00,0x15,0x53,0x00,0x00,0x00,0x5F,0xFB,0x00,0x00,0x00,0x9E,0xCE,0x10,
    0x00,0x00,0xCB,0x6F,0x40,0x00,0x01,0xF7,0x2F,0x80,0x00,0x06,0xF3,0x0C,0xC0,0x00,0x0A,0xF7,0x7C,0xF1,0x00,0x0D,0xFF,0xFF,
    0xF5,0x00,0x3F,0x95,0x55,0xE9,0x00,0x7F,0x30,0x00,0xBD,0x00,0xAD,0x00,0x00,0x7E,0x20,0x00,0x14,0x00,0x00,0x00,0x00,0xCF,
    0xCA,0x50,0x00,0x00,0x54,0xBD,0x30,0x00,0x00,0x15,0x53,0x00,0x00,0x00,0x5F,0xFB,0x00,0x00,0x00,0x9E,0xCE,0x10,0x00,0x00,
    0xCB,0x6F,0x40,0x00,0x01,0xF7,0x2F,0x80,0x00,0x06,0xF3,0x0C,0xC0,0x00,0x0A,0xF7,0x7C,0xF1,0x00,0x0D,0xFF,0xFF,0xF5,0x00,
    0x3F,0x95,0x55,0xE9,0x00,0x7F,0x30,0x00,0xBD,0x00,0xAD,0x00,0x00,0x7E,0x20,0x00,0x43,0x16,0x00,0x00,0x00,0xDD,0x8F,0x50,
    0x00,0x00,0x88,0x4B,0x20,0x00,0x00,0x15,0x53,0x00,0x00,0x00,0x5F,0xFB,0x00,0x00,0x00,0x9E,0xCE,0x10,0x00,0x00,0xCB,0x6F,
    0x40,0x00,0x01,0xF7,0x2F,0x80,0x00,0x06,0xF3,0x0C,0xC0,0x00,0x0A,0xF7,0x7C,0xF1,0x00,0x0D,0xFF,0xFF,0xF5,0x00,0x3F,0x95,
    0x55,0xE9,0x00,0x7F,0x30,0x00,0xBD,0x00,0xAD,0x00,0x00,0x7E,0x20,0x00,0x0A,0xD3,0x00,0x00,0x00,0x3B,0x69,0x00,0x00,0x00,
    0x2D,0xC7,0x00,0x00,0x00,0x16,0x73,0x00,0x00,0x00,0x5F,0xFB,0x00,0x00,0x00,0x9E,0xCE,0x10,0x00,0x00,0xCB,0x6F,0x40,0x00,
    0x01,0xF7,0x2F,0x80,0x00,0x06,0xF3,0x0C,0xC0,0x00,0x0A,0xF7,0x7C,0xF1,0x00,0x0D,0xFF,0xFF,0xF5,0x00,0x3F,0x95,0x55,0xE9,
    0x00,0x7F,0x30,0x00,0xBD,0x00,0xAD,0x00,0x00,0x7E,0x20,0x00,0x04,0x55,0x55,0x55,0x00,0x00,0x2F,0xFF,0xFF,0xFF,0x10,0x00,
    0x6F,0x8D,0xD7,0x77,0x10,0x00,0xAD,0x0C,0xC0,0x00,0x00,0x00,0xE9,0x0C,0xC1,0x11,0x00,0x04,0xF5,0x0C,0xFF,0xFD,0x00,0x09,
    0xFB,0xBE,0xEA,0xA9,0x00,0x0D,0xFF,0xFF,0xC0,0x00,0x00,0x4F,0x60,0x0C,0xC0,0x00,0x00,0x8F,0x20,0x0C,0xEB,0xBB,0x20,0xDC,
    0x00,0x0C,0xFF,0xFF,0x30,0x00,0x16,0x86,0x10,0x00,0x02,0xDF,0xFF,0xD2,0x00,0x0B,0xFA,0x7A,0xFB,0x00,0x3F,0xA0,0x00,0xAF,
    0x20,0x6F,0x50,0x00,0x38,0x30,0x8F,0x30,0x00,0x00,0x00,0x8F,0x30,0x00,0x00,0x00,0x5F,0x60,0x00,0x4C,0x50,0x1E,0xD1,0x00,
    0xAF,0x30,0x08,0xFD,0xAD,0xFA,0x00,0x00,0x9F,0xFF,0xB1,0x00,0x00,0x02,0xE5,0x00,0x00,0x00,0x00,0xBE,0x20,0x00,0x00,0x04,
    0x9E,0x30,0x00,0x00,0x05,0xB8,0x00,0x00,0x58,0x10,0x00,0x3F,0x80,0x00,0x09,0xE1,0x00,0x55,0x55,0x40,0xFF,0xFF,0xD0,0xFC,
    0x77,0x60,0xF9,0x00,0x00,0xFA,0x11,0x10,0xFF,0xFF,0xA0,0xFD,0xAA,0x70,0xF9,0x00,0x00,0xF9,0x00,0x00,0xFD,0xBB,0xA0,0xFF,
    0xFF,0xE0,0x00,0x28,0x50,0x00,0x9E,0x20,0x02,0xE6,0x00,0x55,0x55,0x40,0xFF,0xFF,0xD0,0xFC,0x77,0x60,0xF9,0x00,0x00,0xFA,
    0x11,0x10,0xFF,0xFF,0xA0,0xFD,0xAA,0x70,0xF9,0x00,0x00,0xF9,0x00,0x00,0xFD,0xBB,0xA0,0xFF,0xFF,0xE0,0x05,0x85,0x00,0x1E,
    0xCE,0x10,0x9D,0x1D,0x90,0x55,0x55,0x40,0xFF,0xFF,0xD0,0xFC,0x77,0x60,0xF9,0x00,0x00,0xFA,0x11,0x10,0xFF,0xFF,0xA0,0xFD,
    0xAA,0x70,0xF9,0x00,0x00,0xF9,0x00,0x00,0xFD,0xBB,0xA0,0xFF,0xFF,0xE0,0x25,0x06,0x20,0x9F,0x6F,0x80,0x5B,0x2B,0x50,0x55,
    0x55,0x40,0xFF,0xFF,0xD0,0xFC,0x77,0x60,0xF9,0x00,0x00,0xFA,0x11,0x10,0xFF,0xFF,0xA0,0xFD,0xAA,0x70,0xF9,0x00,0x00,0xF9,
    0x00,0x00,0xFD,0xBB,0xA0,0xFF,0xFF,0xE0,0x38,0x40,0x0C,0xC0,0x04,0xF4,0x00,0x53,0x00,0xF9,0x00,0xF9,0x00,0xF9,0x00,0xF9,
    0x00,0xF9,0x00,0xF9,0x00,0xF9,0x00,0xF9,0x00,0xF9,0x00,0xF9,0x07,0x70,0x4F,0x60,0xCB,0x00,0x53,0x00,0xF9,0x00,0xF9,0x00,
    0xF9,0x00,0xF9,0x00,0xF9,0x00,0xF9,0x00,0xF9,0x00,0xF9,0x00,0xF9,0x00,0xF9,0x00,0x02,0x87,0x00,0x0B,0xCE,0x50,0x4F,0x39,
    0xD0,0x00,0x53,0x00,0x00,0xF9,0x00,0x00,0xF9,0x00,0x00,0xF9,0x00,0x00,0xF9,0x00,0x00,0xF9,0x00,0x00,0xF9,0x00,0x00,0xF9,
    0x00,0x00,0xF9,0x00,0x00,0xF9,0x00,0x00,0xF9,0x00,0x06,0x14,0x40,0x5F,0x7E,0xD0,0x2B,0x49,0x80,0x00,0x53,0x00,0x00,0xF9,
    0x00,0x00,0xF9,0x00,0x00,0xF9,0x00,0x00,0xF9,0x00,0x00,0xF9,0x00,0x00,0xF9,0x00,0x00,0xF9,0x00,0x00,0xF9,0x00,0x00,0xF9,
    0x00,0x00,0xF9,0x00,0x06,0x77,0x62,0x00,0x00,0x0F,0xFF,0xFF,0x80,0x00,0x0F,0xC8,0x9E,0xF5,0x00,0x0F,0x90,0x02,0xEC,0x00,
    0x1F,0x91,0x00,0x9F,0x20,0xDF,0xFF,0x60,0x7F,0x30,0x8F,0xDA,0x40,0x8F,0x30,0x0F,0x90,0x00,0xBE,0x10,0x0F,0x90,0x07,0xFA,
    0x00,0x0F,0xED,0xEF,0xE2,0x00,0x0F,0xFF,0xEB,0x30,0x00,0x00,0x33,0x00,0x00,0x02,0xFF,0xAB,0x10,0x01,0x65,0xCB,0x10,0x55,
    0x30,0x00,0x43,0xFF,0xD0,0x00,0xE8,0xFD,0xF4,0x00,0xE8,0xF8,0xEA,0x00,0xE8,0xF8,0xAE,0x10,0xE8,0xF8,0x4F,0x70,0xE8,0xF8,
    0x0D,0xD0,0xE8,0xF8,0x07,0xF4,0xE8,0xF8,0x01,0xEA,0xE8,0xF8,0x00,0xAF,0xF8,0xF8,0x00,0x4F,0xF8,0x00,0x38,0x30,0x00,0x00,
    0x00,0x1D,0xC0,0x00,0x00,0x00,0x05,0xF5,0x00,0x00,0x00,0x05,0x87,0x20,0x00,0x01,0xCF,0xFF,0xF6,0x00,0x0A,0xFB,0x78,0xEE,
    0x30,0x2F,0xB0,0x00,0x4F,0x90,0x6F,0x50,0x00,0x0C,0xD0,0x8F,0x30,0x00,0x0A,0xE0,0x8F,0x30,0x00,0x0A,0xE0,0x5F,0x70,0x00,
    0x0D,0xC0,0x1E,0xD2,0x00,0x8F,0x70,0x07,0xFE,0xBC,0xFD,0x10,0x00,0x8F,0xFF,0xD3,0x00,0x00,0x02,0x43,0x00,0x00,0x00,0x00,
    0x07,0x70,0x00,0x00,0x00,0x5F,0x60,0x00,0x00,0x00,0xDB,0x00,0x00,0x00,0x05,0x87,0x20,0x00,0x01,0xCF,0xFF,0xF6,0x00,0x0A,
    0xFB,0x78,0xEE,0x30,0x2F,0xB0,0x00,0x4F,0x90,0x6F,0x50,0x00,0x0C,0xD0,0x8F,0x30,0x00,0x0A,0xE0,0x8F,0x30,0x00,0x0A,0xE0,
    0x5F,0x70,0x00,0x0D,0xC0,0x1E,0xD2,0x00,0x8F,0x70,0x07,0xFE,0xBC,0xFD,0x10,0x00,0x8F,0xFF,0xD3,0x00,0x00,0x02,0x43,0x00,
    0x00,0x00,0x03,0x87,0x00,0x00,0x00,0x0C,0xCF,0x50,0x00,0x00,0x5F,0x39,0xD1,0x00,0x00,0x05,0x87,0x20,0x00,0x01,0xCF,0xFF,
    0xF6,0x00,0x0A,0xFB,0x78,0xEE,0x30,0x2F,0xB0,0x00,0x4F,0x90,0x6F,0x50,0x00,0x0C,0xD0,0x8F,0x30,0x00,0x0A,0xE0,0x8F,0x30,
    0x00,0x0A,0xE0,0x5F,0x70,0x00,0x0D,0xC0,0x1E,0xD2,0x00,0x8F,0x70,0x07,0xFE,0xBC,0xFD,0x10,0x00,0x8F,0xFF,0xD3,0x00,0x00,
    0x02,0x43,0x00,0x00,0x00,0x03,0x20,0x00,0x00,0x00,0x5F,0xE9,0xA0,0x00,0x00,0x34,0x7D,0xA0,0x00,0x00,0x05,0x87,0x20,0x00,
    0x01,0xCF,0xFF,0xF6,0x00,0x0A,0xFB,0x78,0xEE,0x30,0x2F,0xB0,0x00,0x4F,0x90,0x6F,0x50,0x00,0x0C,0xD0,0x8F,0x30,0x00,0x0A,
    0xE0,0x8F,0x30,0x00,0x0A,0xE0,0x5F,0x70,0x00,0x0D,0xC0,0x1E,0xD2,0x00,0x8F,0x70,0x07,0xFE,0xBC,0xFD,0x10,0x00,0x8F,0xFF,
    0xD3,0x00,0x00,0x02,0x43,0x00,0x00,0x00,0x16,0x14,0x40,0x00,0x00,0x6F,0x6E,0xD0,0x00,0x00,0x3B,0x39,0x80,0x00,0x00,0x05,
    0x87,0x20,0x00,0x01,0xCF,0xFF,0xF6,0x00,0x0A,0xFB,0x78,0xEE,0x30,0x2F,0xB0,0x00,0x4F,0x90,0x6F,0x50,0x00,0x0C,0xD0,0x8F,
    0x30,0x00,0x0A,0xE0,0x8F,0x30,0x00,0x0A,0xE0,0x5F,0x70,0x00,0x0D,0xC0,0x1E,0xD2,0x00,0x8F,0x70,0x07,0xFE,0xBC,0xFD,0x10,
    0x00,0x8F,0xFF,0xD3,0x00,0x00,0x02,0x43,0x00,0x00,0x01,0x00,0x01,0x3D,0x30,0x8B,0x2D,0xD6,0xF7,0x03,0xEF,0xA0,0x01,0xDF,
    0x70,0x0A,0xEB,0xF4,0x4F,0x61,0xCC,0x05,0x00,0x23,0x00,0x05,0x87,0x3D,0x40,0x01,0xCF,0xFF,0xFC,0x00,0x0A,0xFB,0x79,0xFE,
    0x20,0x2F,0xB0,0x09,0xDF,0x90,0x6F,0x50,0x3F,0x4C,0xD0,0x8F,0x30,0xAA,0x0A,0xE0,0x8F,0x34,0xF3,0x0A,0xE0,0x5F,0x7C,0x90,
    0x0D,0xC0,0x1E,0xEE,0x10,0x8F,0x70,0x07,0xFE,0xBC,0xFD,0x10,0x05,0xEF,0xFF,0xD3,0x00,0x0A,0x71,0x43,0x00,0x00,0x00,0x68,
    0x00,0x00,0x00,0x6F,0x50,0x00,0x00,0x0C,0xC0,0x00,0x15,0x20,0x00,0x43,0x3F,0x70,0x00,0xDB,0x3F,0x70,0x00,0xDB,0x3F,0x70,
    0x00,0xDB,0x3F,0x70,0x00,0xDB,0x3F,0x70,0x00,0xDB,0x3F,0x70,0x00,0xDB,0x2F,0x80,0x00,0xDA,0x0E,0xC0,0x04,0xF8,0x09,0xFC,
    0xAE,0xF3,0x01,0xCF,0xFF,0x70,0x00,0x03,0x42,0x00,0x00,0x00,0x38,0x30,0x00,0x00,0xCD,0x10,0x00,0x05,0xF4,0x00,0x15,0x20,
    0x00,0x43,0x3F,0x70,0x00,0xDB,0x3F,0x70,0x00,0xDB,0x3F,0x70,0x00,0xDB,0x3F,0x70,0x00,0xDB,0x3F,0x70,0x00,0xDB,0x3F,0x70,
    0x00,0xDB,0x2F,0x80,0x00,0xDA,0x0E,0xC0,0x04,0xF8,0x09,0xFC,0xAE,0xF3,0x01,0xCF,0xFF,0x70,0x00,0x03,0x42,0x00,0x00,0x07,
    0x84,0x00,0x00,0x4F,0xCC,0x00,0x00,0xBA,0x2E,0x60,0x15,0x20,0x00,0x43,0x3F,0x70,0x00,0xDB,0x3F,0x70,0x00,0xDB,0x3F,0x70,
    0x00,0xDB,0x3F,0x70,0x00,0xDB,0x3F,0x70,0x00,0xDB,0x3F,0x70,0x00,0xDB,0x2F,0x80,0x00,0xDA,0x0E,0xC0,0x04,0xF8,0x09,0xFC,
    0xAE,0xF3,0x01,0xCF,0xFF,0x70,0x00,0x03,0x42,0x00,0x00,0x34,0x16,0x10,0x00,0xCE,0x6F,0x60,0x00,0x79,0x3B,0x30,0x15,0x20,
    0x00,0x43,0x3F,0x70,0x00,0xDB,0x3F,0x70,0x00,0xDB,0x3F,0x70,0x00,0xDB,0x3F,0x70,0x00,0xDB,0x3F,0x70,0x00,0xDB,0x3F,0x70,
    0x00,0xDB,0x2F,0x80,0x00,0xDA,0x0E,0xC0,0x04,0xF8,0x09,0xFC,0xAE,0xF3,0x01,0xCF,0xFF,0x70,0x00,0x03,0x42,0x00,0x00,0x01,
    0x86,0x00,0x00,0x07,0xF4,0x00,0x00,0x1D,0x90,0x00,0x44,0x00,0x02,0x50,0xAF,0x10,0x0B,0xD0,0x4F,0x70,0x1F,0x80,0x0D,0xC0,
    0x7F,0x30,0x07,0xF3,0xBC,0x00,0x02,0xFA,0xF7,0x00,0x00,0xBF,0xF2,0x00,0x00,0x2F,0x80,0x00,0x00,0x1F,0x70,0x00,0x00,0x1F,
    0x70,0x00,0x00,0x1F,0x70,0x00,0x53,0x00,0x00,0xFA,0x00,0x00,0xFD,0xB9,0x30,0xFF,0xFF,0xE3,0xFA,0x05,0xFA,0xFA,0x00,0xDC,
    0xFA,0x00,0xEC,0xFC,0x7B,0xF8,0xFF,0xFF,0xB1,0xFB,0x53,0x00,0xFA,0x00,0x00,0x00,0x59,0x60,0x00,0x06,0xFF,0xFA,0x00,0x0D,
    0xD4,0xBF,0x20,0x5F,0x90,0x7F,0x30,0xBF,0x93,0xCE,0x10,0x3F,0x9A,0xFA,0x00,0x1F,0x93,0x8F,0x80,0x1F,0x90,0x0C,0xD0,0x1F,
    0x90,0x0C,0xD0,0x1F,0x99,0xBF,0xA0,0x1E,0x8D,0xFC,0x20,0x00,0x01,0x20,0x00,0x05,0x81,0x00,0x04,0xF5,0x00,0x00,0xCA,0x00,
    0x00,0x45,0x00,0x09,0xA9,0x50,0x0E,0xFF,0xF5,0x01,0x13,0xEA,0x05,0x9A,0xEB,0x5F,0xB8,0xEB,0x9F,0x00,0xDB,0x9F,0x65,0xFB,
    0x3E,0xFE,0xAB,0x01,0x42,0x11,0x00,0x06,0x70,0x00,0x0E,0x80,0x00,0x5F,0x20,0x00,0x45,0x00,0x09,0xA9,0x50,0x0E,0xFF,0xF5,
    0x01,0x13,0xEA,0x05,0x9A,0xEB,0x5F,0xB8,0xEB,0x9F,0x00,0xDB,0x9F,0x65,0xFB,0x3E,0xFE,0xAB,0x01,0x42,0x11,0x00,0x57,0x10,
    0x02,0xFD,0x70,0x08,0xC7,0xD0,0x06,0x41,0x71,0x09,0xA9,0x50,0x0E,0xFF,0xF5,0x01,0x13,0xEA,0x05,0x9A,0xEB,0x5F,0xB8,0xEB,
    0x9F,0x00,0xDB,0x9F,0x65,0xFB,0x3E,0xFE,0xAB,0x01,0x42,0x11,0x09,0xE8,0x70,0x07,0x8E,0xE1,0x00,0x01,0x10,0x09,0xA9,0x50,
    0x0E,0xFF,0xF5,0x01,0x13,0xEA,0x05,0x9A,0xEB,0x5F,0xB8,0xEB,0x9F,0x00,0xDB,0x9F,0x65,0xFB,0x3E,0xFE,0xAB,0x01,0x42,0x11,
    0x0A,0xC6,0xE1,0x0B,0xC7,0xF2,0x01,0x10,0x20,0x09,0xA9,0x50,0x0E,0xFF,0xF5,0x01,0x13,0xEA,0x05,0x9A,0xEB,0x5F,0xB8,0xEB,
    0x9F,0x00,0xDB,0x9F,0x65,0xFB,0x3E,0xFE,0xAB,0x01,0x42,0x11,0x00,0x8A,0x10,0x02,0xD9,0x70,0x02,0xDA,0x70,0x00,0x69,0x10,
    0x09,0xA9,0x50,0x0E,0xFF,0xF5,0x01,0x13,0xEA,0x05,0x9A,0xEB,0x5F,0xB8,0xEB,0x9F,0x00,0xDB,0x9F,0x65,0xFB,0x3E,0xFE,0xAB,
    0x01,0x42,0x11,0x0A,0xBA,0x54,0xCD,0x90,0x00,0x0E,0xFF,0xFE,0xED,0xF8,0x00,0x00,0x02,0xEE,0x20,0xBE,0x00,0x05,0x9A,0xED,
    0x88,0xBF,0x20,0x5F,0xB8,0xED,0xAA,0xAA,0x20,0x9F,0x00,0xDD,0x00,0x36,0x00,0x8F,0x77,0xEF,0xA8,0xEB,0x00,0x2D,0xFE,0x48,
    0xFF,0xE3,0x00,0x00,0x20,0x00,0x34,0x10,0x00,0x02,0xAD,0xB2,0x00,0x0D,0xFD,0xFD,0x00,0x5F,0x70,0x7F,0x40,0x8F,0x20,0x13,
    0x10,0x8F,0x10,0x00,0x00,0x7F,0x50,0x4D,0x50,0x2E,0xD8,0xDF,0x20,0x06,0xEF,0xF6,0x00,0x00,0x2E,0x40,0x00,0x00,0x0A,0xE0,
    0x00,0x00,0x4B,0xE1,0x00,0x00,0x3A,0x50,0x00,0x02,0x84,0x00,0x00,0x00,0xDA,0x00,0x00,0x00,0x8E,0x00,0x00,0x00,0x17,0x10,
    0x00,0x02,0xBE,0xB2,0x00,0x0D,0xFC,0xFC,0x00,0x5F,0x50,0x6F,0x40,0x8F,0xAA,0xBF,0x70,0x8F,0xAA,0xAA,0x50,0x6F,0x30,0x27,
    0x20,0x2E,0xD8,0xCF,0x20,0x06,0xEF,0xF7,0x00,0x00,0x14,0x20,0x00,0x00,0x04,0x82,0x00,0x00,0x0A,0xD0,0x00,0x00,0x0E,0x70,
    0x00,0x00,0x17,0x10,0x00,0x02,0xBE,0xB2,0x00,0x0D,0xFC,0xFC,0x00,0x5F,0x50,0x6F,0x40,0x8F,0xAA,0xBF,0x70,0x8F,0xAA,0xAA,
    0x50,0x6F,0x30,0x27,0x20,0x2E,0xD8,0xCF,0x20,0x06,0xEF,0xF7,0x00,0x00,0x14,0x20,0x00,0x00,0x37,0x30,0x00,0x00,0xCD,0xC0,
    0x00,0x03,0xF4,0xF3,0x00,0x04,0x60,0x64,0x00,0x02,0xBE,0xB2,0x00,0x0D,0xFC,0xFC,0x00,0x5F,0x50,0x6F,0x40,0x8F,0xAA,0xBF,
    0x70,0x8F,0xAA,0xAA,0x50,0x6F,0x30,0x27,0x20,0x2E,0xD8,0xCF,0x20,0x06,0xEF,0xF7,0x00,0x00,0x14,0x20,0x00,0x06,0xE4,0xE6,
    0x00,0x07,0xF5,0xF7,0x00,0x00,0x20,0x20,0x00,0x02,0xBE,0xB2,0x00,0x0D,0xFC,0xFC,0x00,0x5F,0x50,0x6F,0x40,0x8F,0xAA,0xBF,
    0x70,0x8F,0xAA,0xAA,0x50,0x6F,0x30,0x27,0x20,0x2E,0xD8,0xCF,0x20,0x06,0xEF,0xF7,0x00,0x00,0x14,0x20,0x00,0x18,0x40,0x0C,
    0xB0,0x06,0xE1,0x01,0x72,0x07,0xA7,0x0A,0xFA,0x00,0xDA,0x00,0xDA,0x00,0xDA,0x00,0xDA,0x00,0xDA,0x00,0xDA,0x03,0x83,0x09,
    0xE1,0x0D,0x80,0x17,0x20,0x7A,0x70,0xAF,0xA0,0x0D,0xA0,0x0D,0xA0,0x0D,0xA0,0x0D,0xA0,0x0D,0xA0,0x0D,0xA0,0x03,0x74,0x00,
    0x0A,0xDD,0x00,0x2F,0x4E,0x50,0x37,0x06,0x50,0x07,0xA7,0x00,0x0A,0xFA,0x00,0x00,0xDA,0x00,0x00,0xDA,0x00,0x00,0xDA,0x00,
    0x00,0xDA,0x00,0x00,0xDA,0x00,0x00,0xDA,0x00,0x5E,0x4E,0x70,0x5F,0x5F,0x80,0x02,0x02,0x00,0x07,0xA7,0x00,0x0A,0xFA,0x00,
    0x00,0xDA,0x00,0x00,0xDA,0x00,0x00,0xDA,0x00,0x00,0xDA,0x00,0x00,0xDA,0x00,0x00,0xDA,0x00,0x00,0x56,0x35,0x70,0x01,0xFF,
    0xFE,0x30,0x00,0x44,0xEF,0x40,0x00,0x14,0x6C,0x90,0x06,0xEF,0xCA,0xC0,0x3F,0xD7,0xAF,0xD0,0x7F,0x40,0x0D,0xD0,0x9F,0x10,
    0x0B,0xC0,0x7F,0x40,0x0D,0xA0,0x2F,0xD8,0xBF,0x50,0x06,0xEF,0xF9,0x00,0x00,0x14,0x30,0x00,0x02,0xEC,0x55,0x00,0x02,0x9B,
    0xF7,0x00,0x00,0x00,0x20,0x00,0x2A,0x4C,0xD6,0x00,0x2F,0xCE,0xFF,0x20,0x2F,0xB0,0x7F,0x50,0x2F,0x80,0x4F,0x60,0x2F,0x80,
    0x4F,0x60,0x2F,0x80,0x4F,0x60,0x2F,0x80,0x4F,0x60,0x2F,0x80,0x4F,0x60,0x00,0x85,0x00,0x00,0x00,0xAD,0x00,0x00,0x00,0x4F,
    0x30,0x00,0x00,0x06,0x30,0x00,0x01,0xAD,0xC5,0x00,0x0C,0xFD,0xEF,0x50,0x5F,0x90,0x2E,0xC0,0x8F,0x20,0x0A,0xF0,0x8F,0x10,
    0x09,0xF0,0x6F,0x50,0x0C,0xD0,0x1E,0xE8,0xAF,0x80,0x05,0xEF,0xFB,0x10,0x00,0x14,0x30,0x00,0x00,0x02,0x84,0x00,0x00,0x07,
    0xF2,0x00,0x00,0x0B,0xB0,0x00,0x00,0x06,0x30,0x00,0x01,0xAD,0xC5,0x00,0x0C,0xFD,0xEF,0x50,0x5F,0x90,0x2E,0xC0,0x8F,0x20,
    0x0A,0xF0,0x8F,0x10,0x09,0xF0,0x6F,0x50,0x0C,0xD0,0x1E,0xE8,0xAF,0x80,0x05,0xEF,0xFB,0x10,0x00,0x14,0x30,0x00,0x00,0x27,
    0x50,0x00,0x00,0x8D,0xE1,0x00,0x00,0xE6,0xD7,0x00,0x02,0x71,0x56,0x00,0x01,0xAD,0xC5,0x00,0x0C,0xFD,0xEF,0x50,0x5F,0x90,
    0x2E,0xC0,0x8F,0x20,0x0A,0xF0,0x8F,0x10,0x09,0xF0,0x6F,0x50,0x0C,0xD0,0x1E,0xE8,0xAF,0x80,0x05,0xEF,0xFB,0x10,0x00,0x14,
    0x30,0x00,0x01,0xDC,0x55,0x00,0x01,0x9A,0xF9,0x00,0x00,0x00,0x20,0x00,0x01,0xAD,0xC5,0x00,0x0C,0xFD,0xEF,0x50,0x5F,0x90,
    0x2E,0xC0,0x8F,0x20,0x0A,0xF0,0x8F,0x10,0x09,0xF0,0x6F,0x50,0x0C,0xD0,0x1E,0xE8,0xAF,0x80,0x05,0xEF,0xFB,0x10,0x00,0x14,
    0x30,0x00,0x02,0xE5,0xD9,0x00,0x03,0xF6,0xDA,0x00,0x00,0x20,0x11,0x00,0x01,0xAD,0xC5,0x00,0x0C,0xFD,0xEF,0x50,0x5F,0x90,
    0x2E,0xC0,0x8F,0x20,0x0A,0xF0,0x8F,0x10,0x09,0xF0,0x6F,0x50,0x0C,0xD0,0x1E,0xE8,0xAF,0x80,0x05,0xEF,0xFB,0x10,0x00,0x14,
    0x30,0x00,0x00,0x6C,0x00,0x00,0x7F,0x00,0x00,0x13,0x00,0x4A,0xAA,0xAA,0x7F,0xFF,0xFE,0x00,0x00,0x00,0x00,0x6D,0x00,0x00,
    0x7F,0x00,0x00,0x00,0x03,0x40,0x01,0xAD,0xCD,0x50,0x0C,0xFD,0xEF,0x50,0x5F,0x90,0xDE,0xC0,0x8F,0x26,0xAA,0xF0,0x8F,0x2D,
    0x39,0xF0,0x6F,0xBA,0x0C,0xD0,0x2E,0xF9,0xAF,0x80,0x09,0xFF,0xFB,0x10,0x1C,0x24,0x30,0x00,0x03,0x83,0x00,0x00,0x01,0xE9,
    0x00,0x00,0x00,0x8D,0x00,0x00,0x00,0x27,0x10,0x00,0x3A,0x40,0x5A,0x20,0x5F,0x50,0x7F,0x30,0x5F,0x50,0x7F,0x30,0x5F,0x50,
    0x7F,0x30,0x5F,0x50,0x7F,0x30,0x4F,0x70,0x8F,0x30,0x1F,0xE9,0xDF,0x30,0x09,0xFF,0x8F,0x30,0x00,0x33,0x00,0x00,0x00,0x04,
    0x82,0x00,0x00,0x0A,0xC0,0x00,0x00,0x1E,0x60,0x00,0x00,0x26,0x10,0x00,0x3A,0x40,0x5A,0x20,0x5F,0x50,0x7F,0x30,0x5F,0x50,
    0x7F,0x30,0x5F,0x50,0x7F,0x30,0x5F,0x50,0x7F,0x30,0x4F,0x70,0x8F,0x30,0x1F,0xE9,0xDF,0x30,0x09,0xFF,0x8F,0x30,0x00,0x33,
    0x00,0x00,0x00,0x47,0x30,0x00,0x00,0xCD,0xB0,0x00,0x04,0xF4,0xF3,0x00,0x04,0x60,0x74,0x00,0x3A,0x40,0x5A,0x20,0x5F,0x50,
    0x7F,0x30,0x5F,0x50,0x7F,0x30,0x5F,0x50,0x7F,0x30,0x5F,0x50,0x7F,0x30,0x4F,0x70,0x8F,0x30,0x1F,0xE9,0xDF,0x30,0x09,0xFF,
    0x8F,0x30,0x00,0x33,0x00,0x00,0x06,0xE4,0xE5,0x00,0x07,0xF5,0xF6,0x00,0x00,0x20,0x20,0x00,0x3A,0x40,0x5A,0x20,0x5F,0x50,
    0x7F,0x30,0x5F,0x50,0x7F,0x30,0x5F,0x50,0x7F,0x30,0x5F,0x50,0x7F,0x30,0x4F,0x70,0x8F,0x30,0x1F,0xE9,0xDF,0x30,0x09,0xFF,
    0x8F,0x30,0x00,0x33,0x00,0x00,0x00,0x06,0x70,0x00,0x1E,0x80,0x00,0x6E,0x10,0x00,0x45,0x00,0x88,0x00,0x6A,0xAE,0x00,0xBC,
    0x6F,0x40,0xE9,0x2F,0x82,0xF6,0x0C,0xB5,0xF2,0x09,0xE8,0xE0,0x05,0xFE,0xB0,0x01,0xCF,0x80,0x00,0x2F,0x40,0x4B,0xDE,0x10,
    0x5F,0xE6,0x00,0x15,0x20,0x00,0x00,0x2F,0x80,0x00,0x00,0x2F,0x80,0x00,0x00,0x2F,0x8A,0xEB,0x20,0x2F,0xDD,0xDF,0xB0,0x2F,
    0xC1,0x0B,0xF2,0x2F,0x70,0x06,0xF4,0x2F,0x70,0x06,0xF4,0x2F,0xA0,0x0A,0xF2,0x2F,0xFA,0xAF,0xC0,0x2F,0xAE,0xFD,0x30,0x2F,
    0x81,0x30,0x00,0x2F,0x80,0x00,0x00,0x2C,0x60,0x00,0x00,0x0B,0xB7,0xE1,0x0C,0xC8,0xE1,0x01,0x10,0x20,0x88,0x00,0x6A,0xAE,
    0x00,0xBC,0x6F,0x40,0xE9,0x2F,0x82,0xF6,0x0C,0xB5,0xF2,0x09,0xE8,0xE0,0x05,0xFE,0xB0,0x01,0xCF,0x80,0x00,0x2F,0x40,0x4B,
    0xDE,0x10,0x5F,0xE6,0x00,0x00,0xBD,0xDD,0x40,0x00,0x00,0x78,0x88,0x30,0x00,0x00,0x15,0x53,0x00,0x00,0x00,0x5F,0xFB,0x00,
    0x00,0x00,0x9E,0xCE,0x10,0x00,0x00,0xCB,0x6F,0x40,0x00,0x01,0xF7,0x2F,0x80,0x00,0x06,0xF3,0x0C,0xC0,0x00,0x0A,0xF7,0x7C,
    0xF1,0x00,0x0D,0xFF,0xFF,0xF5,0x00,0x3F,0x95,0x55,0xE9,0x00,0x7F,0x30,0x00,0xBD,0x00,0xAD,0x00,0x00,0x7E,0x20,0x05,0x88,
    0x80,0x08,0xDD,0xC0,0x00,0x00,0x00,0x09,0xA9,0x50,0x0E,0xFF,0xF5,0x01,0x13,0xEA,0x05,0x9A,0xEB,0x5F,0xB8,0xEB,0x9F,0x00,
    0xDB,0x9F,0x65,0xFB,0x3E,0xFE,0xAB,0x01,0x42,0x11,0x00,0x62,0x06,0x20,0x00,0x00,0xB9,0x5F,0x20,0x00,0x00,0x4E,0xF9,0x00,
    0x00,0x00,0x15,0x63,0x00,0x00,0x00,0x5F,0xFB,0x00,0x00,0x00,0x9E,0xCE,0x10,0x00,0x00,0xCB,0x6F,0x40,0x00,0x01,0xF7,0x2F,
    0x80,0x00,0x06,0xF3,0x0C,0xC0,0x00,0x0A,0xF7,0x7C,0xF1,0x00,0x0D,0xFF,0xFF,0xF5,0x00,0x3F,0x95,0x55,0xE9,0x00,0x7F,0x30,
    0x00,0xBD,0x00,0xAD,0x00,0x00,0x7E,0x20,0x05,0x41,0x70,0x0A,0x94,0xE0,0x06,0xFE,0xA0,0x00,0x68,0x10,0x09,0xA9,0x50,0x0E,
    0xFF,0xF5,0x01,0x13,0xEA,0x05,0x9A,0xEB,0x5F,0xB8,0xEB,0x9F,0x00,0xDB,0x9F,0x65,0xFB,0x3E,0xFE,0xAB,0x01,0x42,0x11,0x00,
    0x15,0x53,0x00,0x00,0x00,0x5F,0xFB,0x00,0x00,0x00,0x9E,0xCE,0x10,0x00,0x00,0xCB,0x6F,0x40,0x00,0x01,0xF7,0x2F,0x80,0x00,
    0x06,0xF3,0x0C,0xC0,0x00,0x0A,0xF7,0x7C,0xF1,0x00,0x0D,0xFF,0xFF,0xF5,0x00,0x3F,0x95,0x55,0xE9,0x00,0x7F,0x30,0x00,0xBD,
    0x00,0xAD,0x00,0x00,0x8F,0x20,0x00,0x00,0x00,0xB9,0x00,0x00,0x00,0x00,0xF2,0x00,0x00,0x00,0x00,0xED,0x30,0x00,0x00,0x00,
    0x4A,0x20,0x09,0xA9,0x50,0x0E,0xFF,0xF5,0x01,0x13,0xEA,0x05,0x9A,0xEB,0x5F,0xB8,0xEB,0x9F,0x00,0xDB,0x9F,0x65,0xFB,0x3E,
    0xFE,0xAB,0x01,0x42,0xE5,0x00,0x04,0xD1,0x00,0x02,0xFD,0x00,0x00,0x45,0x00,0x00,0x18,0x50,0x00,0x00,0x00,0x8F,0x30,0x00,
    0x00,0x02,0xE8,0x00,0x00,0x00,0x16,0x86,0x10,0x00,0x02,0xDF,0xFF,0xD2,0x00,0x0B,0xFA,0x7A,0xFB,0x00,0x3F,0xA0,0x00,0xAF,
    0x20,0x6F,0x50,0x00,0x38,0x30,0x8F,0x30,0x00,0x00,0x00,0x8F,0x30,0x00,0x00,0x00,0x5F,0x60,0x00,0x4C,0x50,0x1E,0xD1,0x00,
    0xAF,0x30,0x08,0xFD,0xAD,0xFA,0x00,0x00,0x9F,0xFF,0xB1,0x00,0x00,0x02,0x43,0x00,0x00,0x00,0x03,0x82,0x00,0x00,0x0A,0xD0,
    0x00,0x00,0x0E,0x70,0x00,0x00,0x17,0x10,0x00,0x02,0xAD,0xB2,0x00,0x0D,0xFD,0xFD,0x00,0x5F,0x70,0x7F,0x40,0x8F,0x20,0x13,
    0x10,0x8F,0x10,0x00,0x00,0x7F,0x50,0x4D,0x50,0x2E,0xD8,0xDF,0x20,0x06,0xEF,0xF6,0x00,0x00,0x24,0x20,0x00,0x00,0x05,0x86,
    0x00,0x00,0x00,0x1E,0xCE,0x20,0x00,0x00,0x8D,0x1C,0xA0,0x00,0x00,0x16,0x86,0x10,0x00,0x02,0xDF,0xFF,0xD2,0x00,0x0B,0xFA,
    0x7A,0xFB,0x00,0x3F,0xA0,0x00,0xAF,0x20,0x6F,0x50,0x00,0x38,0x30,0x8F,0x30,0x00,0x00,0x00,0x8F,0x30,0x00,0x00,0x00,0x5F,
    0x60,0x00,0x4C,0x50,0x1E,0xD1,0x00,0xAF,0x30,0x08,0xFD,0xAD,0xFA,0x00,0x00,0x9F,0xFF,0xB1,0x00,0x00,0x02,0x43,0x00,0x00,
    0x00,0x37,0x40,0x00,0x00,0xBD,0xC0,0x00,0x03,0xF4,0xF4,0x00,0x04,0x60,0x64,0x00,0x02,0xAD,0xB2,0x00,0x0D,0xFD,0xFD,0x00,
    0x5F,0x70,0x7F,0x40,0x8F,0x20,0x13,0x10,0x8F,0x10,0x00,0x00,0x7F,0x50,0x4D,0x50,0x2E,0xD8,0xDF,0x20,0x06,0xEF,0xF6,0x00,
    0x00,0x24,0x20,0x00,0x00,0x01,0x61,0x00,0x00,0x00,0x06,0xF7,0x00,0x00,0x00,0x03,0xB3,0x00,0x00,0x00,0x16,0x86,0x10,0x00,
    0x02,0xDF,0xFF,0xD2,0x00,0x0B,0xFA,0x7A,0xFB,0x00,0x3F,0xA0,0x00,0xAF,0x20,0x6F,0x50,0x00,0x38,0x30,0x8F,0x30,0x00,0x00,
    0x00,0x8F,0x30,0x00,0x00,0x00,0x5F,0x60,0x00,0x4C,0x50,0x1E,0xD1,0x00,0xAF,0x30,0x08,0xFD,0xAD,0xFA,0x00,0x00,0x9F,0xFF,
    0xB1,0x00,0x00,0x02,0x43,0x00,0x00,0x00,0x3E,0x40,0x00,0x00,0x4F,0x40,0x00,0x00,0x02,0x00,0x00,0x02,0xAD,0xB2,0x00,0x0D,
    0xFD,0xFD,0x00,0x5F,0x70,0x7F,0x40,0x8F,0x20,0x13,0x10,0x8F,0x10,0x00,0x00,0x7F,0x50,0x4D,0x50,0x2E,0xD8,0xDF,0x20,0x06,
    0xEF,0xF6,0x00,0x00,0x24,0x20,0x00,0x00,0x56,0x05,0x50,0x00,0x00,0x5F,0x5E,0x50,0x00,0x00,0x0B,0xFC,0x00,0x00,0x00,0x16,
    0x86,0x10,0x00,0x02,0xDF,0xFF,0xD2,0x00,0x0B,0xFA,0x7A,0xFB,0x00,0x3F,0xA0,0x00,0xAF,0x20,0x6F,0x50,0x00,0x38,0x30,0x8F,
    0x30,0x00,0x00,0x00,0x8F,0x30,0x00,0x00,0x00,0x5F,0x60,0x00,0x4C,0x50,0x1E,0xD1,0x00,0xAF,0x30,0x08,0xFD,0xAD,0xFA,0x00,
    0x00,0x9F,0xFF,0xB1,0x00,0x00,0x02,0x43,0x00,0x00,0x05,0x70,0x83,0x00,0x03,0xF5,0xF2,0x00,0x00,0xCD,0xB0,0x00,0x00,0x37,
    0x30,0x00,0x02,0xAD,0xB2,0x00,0x0D,0xFD,0xFD,0x00,0x5F,0x70,0x7F,0x40,0x8F,0x20,0x13,0x10,0x8F,0x10,0x00,0x00,0x7F,0x50,
    0x4D,0x50,0x2E,0xD8,0xDF,0x20,0x06,0xEF,0xF6,0x00,0x00,0x24,0x20,0x00,0x17,0x31,0x73,0x00,0x0A,0xC8,0xD1,0x00,0x02,0xEF,
    0x60,0x00,0x67,0x76,0x20,0x00,0xFF,0xFF,0xF8,0x00,0xFC,0x89,0xEF,0x50,0xF9,0x00,0x2E,0xC0,0xF9,0x00,0x09,0xF2,0xF9,0x00,
    0x07,0xF3,0xF9,0x00,0x08,0xF3,0xF9,0x00,0x0B,0xE1,0xF9,0x00,0x7F,0xA0,0xFE,0xDE,0xFE,0x20,0xFF,0xFE,0xB3,0x00,0x00,0x00,
    0x00,0x04,0x50,0x00,0x00,0x03,0x4A,0xB0,0x00,0x00,0x0B,0xCA,0xA0,0x00,0x00,0x0B,0xCA,0x90,0x03,0xBD,0x8B,0xC2,0x20,0x1D,
    0xFD,0xEE,0xC0,0x00,0x5F,0x80,0x3E,0xC0,0x00,0x8F,0x20,0x0B,0xC0,0x00,0x8F,0x10,0x0B,0xC0,0x00,0x7F,0x50,0x1D,0xC0,0x00,
    0x2F,0xD8,0xBE,0xC0,0x00,0x06,0xFF,0xD8,0xC0,0x00,0x00,0x24,0x10,0x00,0x00,0x06,0x77,0x62,0x00,0x00,0x0F,0xFF,0xFF,0x80,
    0x00,0x0F,0xC8,0x9E,0xF5,0x00,0x0F,0x90,0x02,0xEC,0x00,0x1F,0x91,0x00,0x9F,0x20,0xDF,0xFF,0x60,0x7F,0x30,0x8F,0xDA,0x40,
    0x8F,0x30,0x0F,0x90,0x00,0xBE,0x10,0x0F,0x90,0x07,0xFA,0x00,0x0F,0xED,0xEF,0xE2,0x00,0x0F,0xFF,0xEB,0x30,0x00,0x00,0x00,
    0x03,0x40,0x00,0x05,0xAE,0xE6,0x00,0x04,0x8D,0xE5,0x03,0xBD,0x8B,0xD0,0x1D,0xFD,0xEE,0xD0,0x5F,0x90,0x3E,0xD0,0x8F,0x20,
    0x0B,0xD0,0x8F,0x10,0x0B,0xD0,0x7F,0x50,0x1D,0xD0,0x2F,0xE8,0xBE,0xD0,0x06,0xFF,0xD8,0xD0,0x00,0x24,0x10,0x00,0x8D,0xDD,
    0x70,0x58,0x88,0x50,0x55,0x55,0x40,0xFF,0xFF,0xD0,0xFC,0x77,0x60,0xF9,0x00,0x00,0xFA,0x11,0x10,0xFF,0xFF,0xA0,0xFD,0xAA,
    0x70,0xF9,0x00,0x00,0xF9,0x00,0x00,0xFD,0xBB,0xA0,0xFF,0xFF,0xE0,0x03,0x88,0x82,0x00,0x04,0xDD,0xD4,0x00,0x00,0x00,0x00,
    0x00,0x02,0xBE,0xB2,0x00,0x0D,0xFC,0xFC,0x00,0x5F,0x50,0x6F,0x40,0x8F,0xAA,0xBF,0x70,0x8F,0xAA,0xAA,0x50,0x6F,0x30,0x27,
    0x20,0x2E,0xD8,0xCF,0x20,0x06,0xEF,0xF7,0x00,0x00,0x14,0x20,0x00,0x45,0x05,0x40,0x7D,0x3D,0x60,0x1D,0xFC,0x10,0x55,0x65,
    0x40,0xFF,0xFF,0xD0,0xFC,0x77,0x60,0xF9,0x00,0x00,0xFA,0x11,0x10,0xFF,0xFF,0xA0,0xFD,0xAA,0x70,0xF9,0x00,0x00,0xF9,0x00,
    0x00,0xFD,0xBB,0xA0,0xFF,0xFF,0xE0,0x03,0x60,0x63,0x00,0x05,0xD1,0xD5,0x00,0x01,0xEE,0xE1,0x00,0x00,0x38,0x30,0x00,0x02,
    0xBE,0xB2,0x00,0x0D,0xFC,0xFC,0x00,0x5F,0x50,0x6F,0x40,0x8F,0xAA,0xBF,0x70,0x8F,0xAA,0xAA,0x50,0x6F,0x30,0x27,0x20,0x2E,
    0xD8,0xCF,0x20,0x06,0xEF,0xF7,0x00,0x00,0x14,0x20,0x00,0x01,0x60,0x00,0x06,0xF5,0x00,0x03,0xB2,0x00,0x55,0x55,0x40,0xFF,
    0xFF,0xD0,0xFC,0x77,0x60,0xF9,0x00,0x00,0xFA,0x11,0x10,0xFF,0xFF,0xA0,0xFD,0xAA,0x70,0xF9,0x00,0x00,0xF9,0x00,0x00,0xFD,
    0xBB,0xA0,0xFF,0xFF,0xE0,0x00,0x4E,0x30,0x00,0x00,0x4F,0x40,0x00,0x00,0x02,0x00,0x00,0x02,0xBE,0xB2,0x00,0x0D,0xFC,0xFC,
    0x00,0x5F,0x50,0x6F,0x40,0x8F,0xAA,0xBF,0x70,0x8F,0xAA,0xAA,0x50,0x6F,0x30,0x27,0x20,0x2E,0xD8,0xCF,0x20,0x06,0xEF,0xF7,
    0x00,0x00,0x14,0x20,0x00,0x55,0x55,0x40,0xFF,0xFF,0xD0,0xFC,0x77,0x60,0xF9,0x00,0x00,0xFA,0x11,0x10,0xFF,0xFF,0xA0,0xFD,
    0xAA,0x70,0xF9,0x00,0x00,0xF9,0x00,0x00,0xFD,0xBB,0xA0,0xFF,0xFF,0xE0,0x00,0x0C,0x90,0x00,0x2F,0x20,0x00,0x1E,0xD2,0x00,
    0x05,0xA2,0x02,0xBE,0xB2,0x00,0x0D,0xFC,0xFC,0x00,0x5F,0x50,0x6F,0x40,0x8F,0xAA,0xBF,0x70,0x8F,0xAA,0xAA,0x50,0x6F,0x30,
    0x27,0x20,0x2E,0xD8,0xCF,0x20,0x06,0xEF,0xF8,0x00,0x00,0x18,0xD0,0x00,0x00,0x05,0xE8,0x00,0x00,0x01,0xA9,0x00,0x65,0x06,
    0x50,0x6F,0x6F,0x40,0x0B,0xFA,0x00,0x55,0x55,0x40,0xFF,0xFF,0xD0,0xFC,0x77,0x60,0xF9,0x00,0x00,0xFA,0x11,0x10,0xFF,0xFF,
    0xA0,0xFD,0xAA,0x70,0xF9,0x00,0x00,0xF9,0x00,0x00,0xFD,0xBB,0xA0,0xFF,0xFF,0xE0,0x05,0x70,0x83,0x00,0x04,0xF5,0xF2,0x00,
    0x00,0xCD,0xB0,0x00,0x00,0x47,0x30,0x00,0x02,0xBE,0xB2,0x00,0x0D,0xFC,0xFC,0x00,0x5F,0x50,0x6F,0x40,0x8F,0xAA,0xBF,0x70,
    0x8F,0xAA,0xAA,0x50,0x6F,0x30,0x27,0x20,0x2E,0xD8,0xCF,0x20,0x06,0xEF,0xF7,0x00,0x00,0x14,0x20,0x00,0x00,0x05,0x85,0x00,
    0x00,0x00,0x1E,0xCE,0x20,0x00,0x00,0x8D,0x1C,0xA0,0x00,0x00,0x16,0x86,0x10,0x00,0x01,0xCF,0xFF,0xE3,0x00,0x0A,0xFB,0x7A,
    0xFC,0x00,0x2F,0xB0,0x00,0x9F,0x20,0x6F,0x50,0x00,0x27,0x20,0x8F,0x30,0x35,0x55,0x40,0x8F,0x30,0x9F,0xFF,0xD0,0x5F,0x60,
    0x35,0x7F,0x50,0x1E,0xC1,0x00,0x6F,0x30,0x08,0xFD,0x9A,0xFE,0x10,0x00,0x9F,0xFF,0xD4,0x00,0x00,0x02,0x43,0x00,0x00,0x00,
    0x27,0x40,0x00,0x00,0x9D,0xE1,0x00,0x01,0xE5,0xE6,0x00,0x03,0x71,0x55,0x00,0x05,0xDF,0xA7,0x90,0x1E,0xFB,0xED,0xB0,0x6F,
    0x70,0x2E,0xB0,0x8F,0x20,0x0C,0xB0,0x8F,0x20,0x0C,0xB0,0x6F,0x80,0x4F,0xB0,0x1D,0xFD,0xEE,0xB0,0x03,0xCD,0x7C,0xB0,0x00,
    0x00,0x4F,0x90,0x08,0xED,0xFF,0x30,0x06,0xCC,0xA4,0x00,0x00,0x45,0x04,0x40,0x00,0x00,0x6D,0x3C,0x70,0x00,0x00,0x1D,0xFD,
    0x10,0x00,0x00,0x16,0xA7,0x10,0x00,0x01,0xCF,0xFF,0xE3,0x00,0x0A,0xFB,0x7A,0xFC,0x00,0x2F,0xB0,0x00,0x9F,0x20,0x6F,0x50,
    0x00,0x27,0x20,0x8F,0x30,0x35,0x55,0x40,0x8F,0x30,0x9F,0xFF,0xD0,0x5F,0x60,0x35,0x7F,0x50,0x1E,0xC1,0x00,0x6F,0x30,0x08,
    0xFD,0x9A,0xFE,0x10,0x00,0x9F,0xFF,0xD4,0x00,0x00,0x02,0x43,0x00,0x00,0x02,0x70,0x44,0x00,0x02,0xF2,0xB8,0x00,0x00,0xDE,
    0xF3,0x00,0x00,0x28,0x50,0x00,0x05,0xDF,0xA7,0x90,0x1E,0xFB,0xED,0xB0,0x6F,0x70,0x2E,0xB0,0x8F,0x20,0x0C,0xB0,0x8F,0x20,
    0x0C,0xB0,0x6F,0x80,0x4F,0xB0,0x1D,0xFD,0xEE,0xB0,0x03,0xCD,0x7C,0xB0,0x00,0x00,0x4F,0x90,0x08,0xED,0xFF,0x30,0x06,0xCC,
    0xA4,0x00,0x00,0x01,0x61,0x00,0x00,0x00,0x06,0xF6,0x00,0x00,0x00,0x03,0xB3,0x00,0x00,0x00,0x16,0x86,0x10,0x00,0x01,0xCF,
    0xFF,0xE3,0x00,0x0A,0xFB,0x7A,0xFC,0x00,0x2F,0xB0,0x00,0x9F,0x20,0x6F,0x50,0x00,0x27,0x20,0x8F,0x30,0x35,0x55,0x40,0x8F,
    0x30,0x9F,0xFF,0xD0,0x5F,0x60,0x35,0x7F,0x50,0x1E,0xC1,0x00,0x6F,0x30,0x08,0xFD,0x9A,0xFE,0x10,0x00,0x9F,0xFF,0xD4,0x00,
    0x00,0x02,0x43,0x00,0x00,0x00,0x1E,0x60,0x00,0x00,0x2F,0x70,0x00,0x00,0x02,0x00,0x00,0x05,0xDF,0xA7,0x90,0x1E,0xFB,0xED,
    0xB0,0x6F,0x70,0x2E,0xB0,0x8F,0x20,0x0C,0xB0,0x8F,0x20,0x0C,0xB0,0x6F,0x80,0x4F,0xB0,0x1D,0xFD,0xEE,0xB0,0x03,0xCD,0x7C,
    0xB0,0x00,0x00,0x4F,0x90,0x08,0xED,0xFF,0x30,0x06,0xCC,0xA4,0x00,0x00,0x16,0x86,0x10,0x00,0x01,0xCF,0xFF,0xE3,0x00,0x0A,
    0xFB,0x7A,0xFC,0x00,0x2F,0xB0,0x00,0x9F,0x20,0x6F,0x50,0x00,0x27,0x20,0x8F,0x30,0x35,0x55,0x40,0x8F,0x30,0x9F,0xFF,0xD0,
    0x5F,0x60,0x35,0x7F,0x50,0x1E,0xC1,0x00,0x6F,0x30,0x08,0xFD,0x9A,0xFE,0x10,0x00,0x9F,0xFF,0xD4,0x00,0x00,0x02,0x95,0x00,
    0x00,0x00,0x02,0xFA,0x00,0x00,0x00,0x00,0x7B,0x00,0x00,0x00,0x01,0xE6,0x00,0x00,0x00,0x00,0x20,0x00,0x00,0x00,0x0A,0x70,
    0x00,0x00,0x2C,0x10,0x00,0x00,0x3F,0x70,0x00,0x00,0x09,0x40,0x00,0x05,0xDF,0xA7,0x90,0x1E,0xFB,0xED,0xB0,0x6F,0x70,0x2E,
    0xB0,0x8F,0x20,0x0C,0xB0,0x8F,0x20,0x0C,0xB0,0x6F,0x80,0x4F,0xB0,0x1D,0xFD,0xEE,0xB0,0x03,0xCD,0x7C,0xB0,0x00,0x00,0x4F,
    0x90,0x08,0xED,0xFF,0x30,0x06,0xCC,0xA4,0x00,0x05,0x30,0x00,0x44,0x00,0x0F,0x90,0x00,0xCC,0x00,0xAF,0xFF,0xFF,0xFF,0x70,
    0x4F,0xB7,0x77,0xDD,0x30,0x0F,0x90,0x00,0xCC,0x00,0x0F,0xFF,0xFF,0xFC,0x00,0x0F,0xEC,0xCC,0xEC,0x00,0x0F,0x90,0x00,0xCC,
    0x00,0x0F,0x90,0x00,0xCC,0x00,0x0F,0x90,0x00,0xCC,0x00,0x0F,0x90,0x00,0xCC,0x00,0x15,0x20,0x00,0x00,0x9F,0xCA,0x20,0x00,
    0x8F,0xB8,0x20,0x00,0x2F,0x8B,0xD6,0x00,0x2F,0xEE,0xFF,0x20,0x2F,0xB0,0x7F,0x50,0x2F,0x80,0x4F,0x60,0x2F,0x80,0x4F,0x60,
    0x2F,0x80,0x4F,0x60,0x2F,0x80,0x4F,0x60,0x2F,0x80,0x4F,0x60,0x03,0x30,0x00,0x4F,0xFA,0xA0,0x25,0x6D,0xA0,0x00,0x53,0x00,
    0x00,0xF9,0x00,0x00,0xF9,0x00,0x00,0xF9,0x00,0x00,0xF9,0x00,0x00,0xF9,0x00,0x00,0xF9,0x00,0x00,0xF9,0x00,0x00,0xF9,0x00,
    0x00,0xF9,0x00,0x00,0xF9,0x00,0x3E,0xB5,0x40,0x38,0xCF,0x60,0x00,0x02,0x00,0x07,0xA7,0x00,0x0A,0xFA,0x00,0x00,0xDA,0x00,
    0x00,0xDA,0x00,0x00,0xDA,0x00,0x00,0xDA,0x00,0x00,0xDA,0x00,0x00,0xDA,0x00,0x4D,0xDD,0xB0,0x38,0x88,0x70,0x00,0x53,0x00,
    0x00,0xF9,0x00,0x00,0xF9,0x00,0x00,0xF9,0x00,0x00,0xF9,0x00,0x00,0xF9,0x00,0x00,0xF9,0x00,0x00,0xF9,0x00,0x00,0xF9,0x00,
    0x00,0xF9,0x00,0x00,0xF9,0x00,0x28,0x88,0x30,0x3D,0xDD,0x50,0x00,0x00,0x00,0x07,0xA7,0x00,0x0A,0xFA,0x00,0x00,0xDA,0x00,
    0x00,0xDA,0x00,0x00,0xDA,0x00,0x00,0xDA,0x00,0x00,0xDA,0x00,0x00,0xDA,0x00,0x27,0x03,0x60,0x2F,0x5A,0xA0,0x09,0xFE,0x40,
    0x00,0x63,0x00,0x00,0xF9,0x00,0x00,0xF9,0x00,0x00,0xF9,0x00,0x00,0xF9,0x00,0x00,0xF9,0x00,0x00,0xF9,0x00,0x00,0xF9,0x00,
    0x00,0xF9,0x00,0x00,0xF9,0x00,0x00,0xF9,0x00,0x27,0x05,0x40,0x4E,0x1C,0x70,0x0D,0xEF,0x20,0x03,0x84,0x00,0x07,0xA7,0x00,
    0x0A,0xFA,0x00,0x00,0xDA,0x00,0x00,0xDA,0x00,0x00,0xDA,0x00,0x00,0xDA,0x00,0x00,0xDA,0x00,0x00,0xDA,0x00,0x05,0x30,0x0F,
    0x90,0x0F,0x90,0x0F,0x90,0x0F,0x90,0x0F,0x90,0x0F,0x90,0x0F,0x90,0x0F,0x90,0x0F,0x90,0x0F,0x90,0x3E,0x30,0x8A,0x00,0x7E,
    0x80,0x18,0x70,0x09,0x30,0x3F,0x80,0x07,0x20,0x7A,0x70,0xAF,0xA0,0x0D,0xA0,0x0D,0xA0,0x0D,0xA0,0x0D,0xA0,0x0D,0xA0,0x0D,
    0xA0,0x2E,0x30,0x6C,0x10,0x4F,0xB0,0x04,0x40,0x05,0x20,0x1F,0xA0,0x0A,0x50,0x05,0x30,0x0F,0x90,0x0F,0x90,0x0F,0x90,0x0F,
    0x90,0x0F,0x90,0x0F,0x90,0x0F,0x90,0x0F,0x90,0x0F,0x90,0x0F,0x90,0x7A,0x70,0xAF,0xA0,0x0D,0xA0,0x0D,0xA0,0x0D,0xA0,0x0D,
    0xA0,0x0D,0xA0,0x0D,0xA0,0x00,0x28,0x70,0x00,0x00,0xAC,0xF5,0x00,0x04,0xF3,0x9D,0x10,0x03,0x55,0x55,0x10,0x0A,0xFF,0xFF,
    0x40,0x05,0x88,0xBF,0x40,0x00,0x00,0x6F,0x40,0x00,0x00,0x6F,0x40,0x00,0x00,0x6F,0x40,0x00,0x00,0x6F,0x40,0xAF,0x00,0x7F,
    0x40,0x9F,0x30,0x9F,0x30,0x4F,0xEB,0xFD,0x00,0x09,0xFF,0xE4,0x00,0x00,0x24,0x10,0x00,0x02,0x74,0x00,0x0A,0xDE,0x00,0x1E,
    0x4E,0x60,0x37,0x05,0x50,0x06,0xA8,0x00,0x08,0xEC,0x00,0x00,0xBC,0x00,0x00,0xBC,0x00,0x00,0xBC,0x00,0x00,0xBC,0x00,0x00,
    0xBC,0x00,0x00,0xBC,0x00,0x00,0xCB,0x00,0x0D,0xF9,0x00,0x0C,0xA1,0x00,0x53,0x00,0x25,0x10,0xF9,0x01,0xDD,0x10,0xF9,0x09,
    0xF5,0x00,0xF9,0x4F,0xA0,0x00,0xF9,0xDE,0x20,0x00,0xFE,0xFB,0x00,0x00,0xFA,0xAF,0x60,0x00,0xF9,0x2E,0xE1,0x00,0xF9,0x06,
    0xF9,0x00,0xF9,0x00,0xBF,0x30,0xF9,0x00,0x3F,0xB0,0x00,0x25,0x00,0x00,0x00,0x9F,0x40,0x00,0x00,0x2C,0x50,0x00,0x00,0x8D,
    0x10,0x00,0x00,0x11,0x00,0x00,0x15,0x20,0x00,0x00,0x2F,0x80,0x00,0x00,0x2F,0x80,0x00,0x00,0x2F,0x80,0x6A,0x20,0x2F,0x82,
    0xEA,0x00,0x2F,0x8A,0xE1,0x00,0x2F,0xAF,0x70,0x00,0x2F,0xBD,0xC0,0x00,0x2F,0x86,0xF6,0x00,0x2F,0x80,0xDD,0x10,0x2F,0x80,
    0x5F,0x80,0x00,0x05,0x10,0x00,0x00,0x1F,0x90,0x00,0x00,0x07,0xA0,0x00,0x00,0x0E,0x50,0x00,0x00,0x02,0x00,0x00,0x07,0x70,
    0x00,0x4F,0x60,0x00,0xCC,0x00,0x00,0x53,0x00,0x00,0xFA,0x00,0x00,0xFA,0x00,0x00,0xFA,0x00,0x00,0xFA,0x00,0x00,0xFA,0x00,
    0x00,0xFA,0x00,0x00,0xFA,0x00,0x00,0xFA,0x00,0x00,0xFE,0xCC,0xA0,0xFF,0xFF,0xC0,0x02,0x84,0x0A,0xE1,0x3F,0x50,0x45,0x20,
    0xCF,0x70,0x4F,0x70,0x1F,0x70,0x1F,0x70,0x1F,0x70,0x1F,0x70,0x1F,0x70,0x1F,0x70,0x1F,0x70,0x1F,0x70,0x53,0x00,0x00,0xFA,
    0x00,0x00,0xFA,0x00,0x00,0xFA,0x00,0x00,0xFA,0x00,0x00,0xFA,0x00,0x00,0xFA,0x00,0x00,0xFA,0x00,0x00,0xFA,0x00,0x00,0xFE,
    0xCC,0xA0,0xFF,0xFF,0xC0,0x01,0x50,0x00,0x06,0xF5,0x00,0x01,0xB6,0x00,0x05,0xD2,0x00,0x01,0x10,0x00,0x45,0x20,0xCF,0x70,
    0x4F,0x70,0x1F,0x70,0x1F,0x70,0x1F,0x70,0x1F,0x70,0x1F,0x70,0x1F,0x70,0x1F,0x70,0x1F,0x70,0x05,0x10,0x1F,0x90,0x07,0xA0,
    0x0E,0x50,0x02,0x00,0x00,0x38,0x00,0x53,0x5F,0x00,0xFA,0x5E,0x00,0xFA,0x5D,0x00,0xFA,0x00,0x00,0xFA,0x00,0x00,0xFA,0x00,
    0x00,0xFA,0x00,0x00,0xFA,0x00,0x00,0xFA,0x00,0x00,0xFE,0xCC,0xA0,0xFF,0xFF,0xC0,0x00,0x06,0x30,0x45,0x2E,0x60,0xCF,0x8E,
    0x50,0x4F,0x8E,0x50,0x1F,0x82,0x10,0x1F,0x80,0x00,0x1F,0x80,0x00,0x1F,0x80,0x00,0x1F,0x80,0x00,0x1F,0x80,0x00,0x1F,0x80,
    0x00,0x1F,0x80,0x00,0x05,0x30,0x00,0x0F,0xA0,0x00,0x0F,0xA0,0x00,0x0F,0xA1,0x20,0x0F,0xBD,0x50,0x0F,0xFC,0x20,0xAF,0xB0,
    0x00,0xAF,0xA0,0x00,0x0F,0xA0,0x00,0x0F,0xEC,0xCA,0x0F,0xFF,0xFC,0x45,0x20,0xCF,0x70,0x4F,0x70,0x1F,0x70,0x1F,0x81,0x1F,
    0xF4,0x7F,0xB1,0xCF,0x70,0x2F,0x70,0x1F,0x70,0x1F,0x70,0x00,0x00,0x68,0x10,0x00,0x03,0xF9,0x00,0x00,0x0A,0xD1,0x00,0x55,
    0x30,0x00,0x43,0xFF,0xD0,0x00,0xE8,0xFD,0xF4,0x00,0xE8,0xF8,0xEA,0x00,0xE8,0xF8,0xAE,0x10,0xE8,0xF8,0x4F,0x70,0xE8,0xF8,
    0x0D,0xD0,0xE8,0xF8,0x07,0xF4,0xE8,0xF8,0x01,0xEA,0xE8,0xF8,0x00,0xAF,0xF8,0xF8,0x00,0x4F,0xF8,0x00,0x02,0x83,0x00,0x00,
    0x08,0xE1,0x00,0x00,0x0C,0x90,0x00,0x00,0x06,0x20,0x00,0x2A,0x4C,0xD6,0x00,0x2F,0xCE,0xFF,0x20,0x2F,0xB0,0x7F,0x50,0x2F,
    0x80,0x4F,0x60,0x2F,0x80,0x4F,0x60,0x2F,0x80,0x4F,0x60,0x2F,0x80,0x4F,0x60,0x2F,0x80,0x4F,0x60,0x55,0x30,0x00,0x43,0xFF,
    0xD0,0x00,0xE8,0xFD,0xF4,0x00,0xE8,0xF8,0xEA,0x00,0xE8,0xF8,0xAE,0x10,0xE8,0xF8,0x4F,0x70,0xE8,0xF8,0x0D,0xD0,0xE8,0xF8,
    0x07,0xF4,0xE8,0xF8,0x01,0xEA,0xE8,0xF8,0x00,0xAF,0xF8,0xF8,0x00,0x4F,0xF8,0x00,0x05,0x10,0x00,0x00,0x3F,0x90,0x00,0x00,
    0x08,0xA0,0x00,0x00,0x2E,0x50,0x00,0x00,0x01,0x00,0x00,0x2A,0x4C,0xD6,0x00,0x2F,0xCE,0xFF,0x20,0x2F,0xB0,0x7F,0x50,0x2F,
    0x80,0x4F,0x60,0x2F,0x80,0x4F,0x60,0x2F,0x80,0x4F,0x60,0x2F,0x80,0x4F,0x60,0x2F,0x80,0x4F,0x60,0x00,0x05,0x10,0x00,0x00,
    0x2F,0x80,0x00,0x00,0x08,0x90,0x00,0x00,0x2E,0x40,0x00,0x00,0x01,0x00,0x00,0x03,0x71,0x37,0x10,0x01,0xD9,0xBB,0x00,0x00,
    0x5F,0xF3,0x00,0x55,0x30,0x00,0x43,0xFF,0xD0,0x00,0xE8,0xFD,0xF4,0x00,0xE8,0xF8,0xEA,0x00,0xE8,0xF8,0xAE,0x10,0xE8,0xF8,
    0x4F,0x70,0xE8,0xF8,0x0D,0xD0,0xE8,0xF8,0x07,0xF4,0xE8,0xF8,0x01,0xEA,0xE8,0xF8,0x00,0xAF,0xF8,0xF8,0x00,0x4F,0xF8,0x03,
    0x80,0x75,0x00,0x02,0xF5,0xE4,0x00,0x00,0xAD,0xD0,0x00,0x00,0x37,0x40,0x00,0x2A,0x4C,0xD6,0x00,0x2F,0xCE,0xFF,0x20,0x2F,
    0xB0,0x7F,0x50,0x2F,0x80,0x4F,0x60,0x2F,0x80,0x4F,0x60,0x2F,0x80,0x4F,0x60,0x2F,0x80,0x4F,0x60,0x2F,0x80,0x4F,0x60,0x55,
    0x30,0x00,0x43,0xFF,0xD0,0x00,0xE8,0xFD,0xF4,0x00,0xE8,0xF8,0xEA,0x00,0xE8,0xF8,0xAF,0x20,0xE8,0xF8,0x4F,0x80,0xE8,0xF8,
    0x0D,0xD0,0xE8,0xF8,0x07,0xF5,0xE8,0xF8,0x01,0xEB,0xE8,0xF8,0x00,0xAF,0xF8,0xF7,0x00,0x4C,0xF8,0x00,0x00,0x00,0xE8,0x00,
    0x02,0x79,0xF5,0x00,0x04,0xFF,0xC0,0x00,0x01,0x54,0x00,0x2C,0x4C,0xD6,0x00,0x2F,0xCE,0xFF,0x20,0x2F,0xB0,0x7F,0x50,0x2F,
    0x80,0x4F,0x60,0x2F,0x80,0x4F,0x60,0x2F,0x80,0x4F,0x60,0x2F,0x80,0x4F,0x60,0x2D,0x70,0x4F,0x60,0x00,0x00,0x5F,0x60,0x00,
    0x09,0xFF,0x30,0x00,0x07,0xB6,0x00,0x00,0x5D,0xDD,0xB0,0x00,0x00,0x38,0x88,0x70,0x00,0x00,0x05,0x87,0x20,0x00,0x01,0xCF,
    0xFF,0xF6,0x00,0x0A,0xFB,0x78,0xEE,0x30,0x2F,0xB0,0x00,0x4F,0x90,0x6F,0x50,0x00,0x0C,0xD0,0x8F,0x30,0x00,0x0A,0xE0,0x8F,
    0x30,0x00,0x0A,0xE0,0x5F,0x70,0x00,0x0D,0xC0,0x1E,0xD2,0x00,0x8F,0x70,0x07,0xFE,0xBC,0xFD,0x10,0x00,0x8F,0xFF,0xD3,0x00,
    0x00,0x02,0x43,0x00,0x00,0x00,0x88,0x85,0x00,0x00,0xDD,0xD7,0x00,0x00,0x00,0x00,0x00,0x01,0xAD,0xC5,0x00,0x0C,0xFD,0xEF,
    0x50,0x5F,0x90,0x2E,0xC0,0x8F,0x20,0x0A,0xF0,0x8F,0x10,0x09,0xF0,0x6F,0x50,0x0C,0xD0,0x1E,0xE8,0xAF,0x80,0x05,0xEF,0xFB,
    0x10,0x00,0x14,0x30,0x00,0x00,0x26,0x03,0x60,0x00,0x00,0x3F,0x4A,0xA0,0x00,0x00,0x0A,0xFE,0x40,0x00,0x00,0x05,0x98,0x20,
    0x00,0x01,0xCF,0xFF,0xF6,0x00,0x0A,0xFB,0x78,0xEE,0x30,0x2F,0xB0,0x00,0x4F,0x90,0x6F,0x50,0x00,0x0C,0xD0,0x8F,0x30,0x00,
    0x0A,0xE0,0x8F,0x30,0x00,0x0A,0xE0,0x5F,0x70,0x00,0x0D,0xC0,0x1E,0xD2,0x00,0x8F,0x70,0x07,0xFE,0xBC,0xFD,0x10,0x00,0x8F,
    0xFF,0xD3,0x00,0x00,0x02,0x43,0x00,0x00,0x01,0x70,0x45,0x00,0x01,0xF3,0xA9,0x00,0x00,0xBE,0xF5,0x00,0x00,0x28,0x50,0x00,
    0x01,0xAD,0xC5,0x00,0x0C,0xFD,0xEF,0x50,0x5F,0x90,0x2E,0xC0,0x8F,0x20,0x0A,0xF0,0x8F,0x10,0x09,0xF0,0x6F,0x50,0x0C,0xD0,
    0x1E,0xE8,0xAF,0x80,0x05,0xEF,0xFB,0x10,0x00,0x14,0x30,0x00,0x00,0x01,0x84,0x83,0x00,0x00,0x06,0xE7,0xE1,0x00,0x00,0x0C,
    0x8C,0x80,0x00,0x00,0x05,0x87,0x20,0x00,0x01,0xCF,0xFF,0xF6,0x00,0x0A,0xFB,0x78,0xEE,0x30,0x2F,0xB0,0x00,0x4F,0x90,0x6F,
    0x50,0x00,0x0C,0xD0,0x8F,0x30,0x00,0x0A,0xE0,0x8F,0x30,0x00,0x0A,0xE0,0x5F,0x70,0x00,0x0D,0xC0,0x1E,0xD2,0x00,0x8F,0x70,
    0x07,0xFE,0xBC,0xFD,0x10,0x00,0x8F,0xFF,0xD3,0x00,0x00,0x02,0x43,0x00,0x00,0x00,0x08,0x38,0x20,0x00,0x4E,0x6D,0x00,0x00,
    0x9A,0xB9,0x00,0x00,0x53,0x62,0x00,0x01,0xAD,0xC5,0x00,0x0C,0xFD,0xEF,0x50,0x5F,0x90,0x2E,0xC0,0x8F,0x20,0x0A,0xF0,0x8F,
    0x10,0x09,0xF0,0x6F,0x50,0x0C,0xD0,0x1E,0xE8,0xAF,0x80,0x05,0xEF,0xFB,0x10,0x00,0x14,0x30,0x00,0x00,0x17,0xA9,0x55,0x55,
    0x40,0x02,0xDF,0xFF,0xFF,0xFF,0xD0,0x0B,0xFB,0x57,0xFB,0x77,0x60,0x2F,0xC0,0x01,0xF9,0x00,0x00,0x6F,0x60,0x01,0xF9,0x11,
    0x10,0x8F,0x30,0x01,0xFF,0xFF,0xA0,0x7F,0x40,0x01,0xFD,0xAA,0x70,0x5F,0x80,0x01,0xF9,0x00,0x00,0x1E,0xE3,0x01,0xF9,0x00,
    0x00,0x07,0xFE,0xBB,0xFE,0xCC,0xB0,0x00,0x8F,0xFF,0xEE,0xEE,0xD0,0x00,0x01,0x43,0x00,0x00,0x00,0x02,0xAD,0xC4,0x1A,0xDA,
    0x20,0x0C,0xFD,0xEE,0xCF,0xDF,0xC0,0x5F,0x90,0x2E,0xF6,0x07,0xF4,0x8F,0x20,0x0A,0xF8,0x89,0xF6,0x8F,0x10,0x09,0xFA,0xAA,
    0xA5,0x7F,0x50,0x0C,0xF3,0x02,0x62,0x2E,0xE8,0xBF,0xED,0x7C,0xE2,0x05,0xEF,0xF9,0x4E,0xFF,0x60,0x00,0x14,0x30,0x01,0x42,
    0x00,0x00,0x07,0x70,0x00,0x00,0x4F,0x60,0x00,0x00,0xCB,0x00,0x00,0x55,0x54,0x10,0x00,0xFF,0xFF,0xE4,0x00,0xFC,0x78,0xFD,
    0x00,0xFA,0x00,0x9F,0x20,0xFA,0x00,0x8F,0x30,0xFA,0x13,0xDF,0x10,0xFF,0xFF,0xF8,0x00,0xFD,0xAF,0xC0,0x00,0xFA,0x09,0xF5,
    0x00,0xFA,0x01,0xED,0x10,0xFA,0x00,0x7F,0x70,0x11,0x00,0x01,0x10,0x00,0x38,0x30,0x00,0x9E,0x10,0x00,0xD8,0x00,0x01,0x71,
    0x00,0x2A,0x29,0x50,0x2F,0xBF,0x70,0x2F,0xC2,0x00,0x2F,0x80,0x00,0x2F,0x70,0x00,0x2F,0x70,0x00,0x2F,0x70,0x00,0x2F,0x70,
    0x00,0x55,0x54,0x10,0x00,0xFF,0xFF,0xE4,0x00,0xFC,0x78,0xFD,0x00,0xFA,0x00,0x9F,0x20,0xFA,0x00,0x8F,0x30,0xFA,0x13,0xDF,
    0x10,0xFF,0xFF,0xF8,0x00,0xFD,0xAF,0xC0,0x00,0xFA,0x09,0xF5,0x00,0xFA,0x01,0xED,0x10,0xFA,0x00,0x7F,0x70,0x11,0x34,0x01,
    0x10,0x00,0xAF,0x10,0x00,0x00,0x3D,0x20,0x00,0x00,0x9B,0x00,0x00,0x00,0x20,0x00,0x00,0x2A,0x29,0x50,0x2F,0xBF,0x70,0x2F,
    0xC2,0x00,0x2F,0x80,0x00,0x2F,0x70,0x00,0x2F,0x70,0x00,0x2F,0x70,0x00,0x2F,0x70,0x00,0x05,0x10,0x00,0x2F,0x80,0x00,0x07,
    0x90,0x00,0x2E,0x50,0x00,0x02,0x00,0x00,0x37,0x14,0x70,0x00,0x1E,0x7D,0x90,0x00,0x06,0xFE,0x10,0x00,0x55,0x54,0x10,0x00,
    0xFF,0xFF,0xE4,0x00,0xFC,0x78,0xFD,0x00,0xFA,0x00,0x9F,0x20,0xFA,0x00,0x8F,0x30,0xFA,0x13,0xDF,0x10,0xFF,0xFF,0xF8,0x00,
    0xFD,0xAF,0xC0,0x00,0xFA,0x09,0xF5,0x00,0xFA,0x01,0xED,0x10,0xFA,0x00,0x7F,0x70,0x11,0x00,0x01,0x10,0x47,0x07,0x40,0x3F,
    0x5F,0x30,0x0B,0xDC,0x00,0x03,0x74,0x00,0x2A,0x29,0x50,0x2F,0xBF,0x70,0x2F,0xC2,0x00,0x2F,0x80,0x00,0x2F,0x70,0x00,0x2F,
    0x70,0x00,0x2F,0x70,0x00,0x2F,0x70,0x00,0x00,0x00,0x86,0x00,0x00,0x06,0xF4,0x00,0x00,0x1D,0x90,0x00,0x00,0x58,0x61,0x00,
    0x09,0xFF,0xFD,0x10,0x2F,0xC4,0x9F,0x70,0x5F,0x60,0x0B,0x80,0x3F,0xB3,0x00,0x00,0x0C,0xFF,0xEA,0x10,0x01,0x8B,0xDF,0xA0,
    0x12,0x00,0x0B,0xE0,0x8F,0x20,0x0A,0xE0,0x4F,0xD8,0x9F,0xB0,0x08,0xFF,0xFC,0x20,0x00,0x24,0x30,0x00,0x00,0x07,0x60,0x00,
    0x2F,0x60,0x00,0x8D,0x00,0x00,0x54,0x00,0x07,0xDD,0x70,0x4F,0xCC,0xF4,0x7F,0x11,0x95,0x4F,0xDA,0x50,0x07,0xCE,0xF5,0x34,
    0x01,0xDA,0x8F,0x76,0xE9,0x2D,0xFF,0xD2,0x00,0x44,0x00,0x00,0x38,0x60,0x00,0x00,0xCC,0xF3,0x00,0x06,0xE2,0xBB,0x00,0x00,
    0x58,0x61,0x00,0x09,0xFF,0xFD,0x10,0x2F,0xC4,0x9F,0x70,0x5F,0x60,0x0B,0x80,0x3F,0xB3,0x00,0x00,0x0C,0xFF,0xEA,0x10,0x01,
    0x8B,0xDF,0xA0,0x12,0x00,0x0B,0xE0,0x8F,0x20,0x0A,0xE0,0x4F,0xD8,0x9F,0xB0,0x08,0xFF,0xFC,0x20,0x00,0x24,0x30,0x00,0x00,
    0x66,0x00,0x05,0xEE,0x40,0x0B,0x99,0xA0,0x07,0x33,0x70,0x07,0xDD,0x70,0x4F,0xCC,0xF4,0x7F,0x11,0x95,0x4F,0xDA,0x50,0x07,
    0xCE,0xF5,0x34,0x01,0xDA,0x8F,0x76,0xE9,0x2D,0xFF,0xD2,0x00,0x44,0x00,0x00,0x58,0x61,0x00,0x09,0xFF,0xFD,0x10,0x2F,0xC4,
    0x9F,0x70,0x5F,0x60,0x0B,0x80,0x3F,0xB3,0x00,0x00,0x0C,0xFF,0xEA,0x10,0x01,0x8B,0xDF,0xA0,0x12,0x00,0x0B,0xE0,0x8F,0x20,
    0x0A,0xE0,0x4F,0xD8,0x9F,0xB0,0x08,0xFF,0xFC,0x20,0x00,0x2C,0x70,0x00,0x00,0x09,0xE4,0x00,0x00,0x29,0xE5,0x00,0x00,0x2B,
    0x90,0x00,0x07,0xDD,0x70,0x4F,0xCC,0xF4,0x7F,0x11,0x95,0x4F,0xDA,0x50,0x07,0xCE,0xF5,0x34,0x01,0xDA,0x8F,0x76,0xE9,0x2D,
    0xFF,0xD2,0x00,0x8B,0x10,0x00,0x5D,0x80,0x00,0x9D,0x80,0x00,0x89,0x10,0x05,0x70,0x56,0x00,0x03,0xF6,0xE6,0x00,0x00,0x9F,
    0xC0,0x00,0x00,0x58,0x61,0x00,0x09,0xFF,0xFD,0x10,0x2F,0xC4,0x9F,0x70,0x5F,0x60,0x0B,0x80,0x3F,0xB3,0x00,0x00,0x0C,0xFF,
    0xEA,0x10,0x01,0x8B,0xDF,0xA0,0x12,0x00,0x0B,0xE0,0x8F,0x20,0x0A,0xE0,0x4F,0xD8,0x9F,0xB0,0x08,0xFF,0xFC,0x20,0x00,0x24,
    0x30,0x00,0x18,0x34,0x70,0x0B,0x9A,0x90,0x05,0xEE,0x30,0x00,0x66,0x00,0x07,0xDD,0x70,0x4F,0xCC,0xF4,0x7F,0x11,0x95,0x4F,
    0xDA,0x50,0x07,0xCE,0xF5,0x34,0x01,0xDA,0x8F,0x76,0xE9,0x2D,0xFF,0xD2,0x00,0x44,0x00,0x45,0x55,0x55,0x20,0xCF,0xFF,0xFF,
    0x80,0x68,0xBF,0x98,0x40,0x00,0x7F,0x20,0x00,0x00,0x7F,0x20,0x00,0x00,0x7F,0x20,0x00,0x00,0x7F,0x20,0x00,0x00,0x7F,0x20,
    0x00,0x00,0x7F,0x20,0x00,0x00,0x7F,0x20,0x00,0x00,0x7F,0x20,0x00,0x00,0x2D,0x10,0x00,0x00,0x2C,0xD0,0x00,0x00,0x6A,0xE0,
    0x00,0x00,0x6B,0x50,0x00,0x0B,0x60,0x00,0x0E,0x80,0x00,0x8F,0xC8,0x30,0xCF,0xED,0x50,0x0E,0x80,0x00,0x0E,0x80,0x00,0x0E,
    0x80,0x00,0x0E,0x80,0x00,0x0C,0xE9,0x30,0x05,0xFF,0x50,0x00,0xC6,0x10,0x00,0x8E,0x20,0x03,0xAE,0x30,0x02,0xA6,0x00,0x06,
    0x50,0x74,0x00,0x07,0xE6,0xF3,0x00,0x00,0xCF,0x80,0x00,0x45,0x55,0x55,0x20,0xCF,0xFF,0xFF,0x80,0x68,0xBF,0x98,0x40,0x00,
    0x7F,0x20,0x00,0x00,0x7F,0x20,0x00,0x00,0x7F,0x20,0x00,0x00,0x7F,0x20,0x00,0x00,0x7F,0x20,0x00,0x00,0x7F,0x20,0x00,0x00,
    0x7F,0x20,0x00,0x00,0x7F,0x20,0x00,0x00,0x0D,0x70,0x00,0x0D,0x60,0x0B,0x6D,0x60,0x0E,0x87,0x30,0x8F,0xC8,0x30,0xCF,0xED,
    0x50,0x0E,0x80,0x00,0x0E,0x80,0x00,0x0E,0x80,0x00,0x0E,0x80,0x00,0x0C,0xE9,0x30,0x05,0xEF,0x50,0x00,0x13,0x10,0x45,0x55,
    0x55,0x20,0xCF,0xFF,0xFF,0x80,0x68,0xBF,0x98,0x40,0x00,0x7F,0x20,0x00,0x00,0x7F,0x20,0x00,0x1A,0xCF,0xB8,0x00,0x1C,0xDF,
    0xC9,0x00,0x00,0x7F,0x20,0x00,0x00,0x7F,0x20,0x00,0x00,0x7F,0x20,0x00,0x00,0x7F,0x20,0x00,0x0B,0x60,0x00,0x0E,0x80,0x00,
    0x8F,0xC8,0x30,0xCF,0xED,0x50,0x0E,0x80,0x00,0xAF,0xDC,0x20,0x5E,0xB7,0x10,0x0E,0x80,0x00,0x0C,0xE9,0x30,0x05,0xEF,0x50,
    0x00,0x13,0x10,0x00,0x14,0x00,0x00,0x00,0xBF,0xC9,0x60,0x00,0x53,0xAD,0x40,0x15,0x20,0x00,0x43,0x3F,0x70,0x00,0xDB,0x3F,
    0x70,0x00,0xDB,0x3F,0x70,0x00,0xDB,0x3F,0x70,0x00,0xDB,0x3F,0x70,0x00,0xDB,0x3F,0x70,0x00,0xDB,0x2F,0x80,0x00,0xDA,0x0E,
    0xC0,0x04,0xF8,0x09,0xFC,0xAE,0xF3,0x01,0xCF,0xFF,0x70,0x00,0x03,0x42,0x00,0x05,0xEA,0x63,0x00,0x05,0x8D,0xF4,0x00,0x00,
    0x00,0x20,0x00,0x3A,0x40,0x5A,0x20,0x5F,0x50,0x7F,0x30,0x5F,0x50,0x7F,0x30,0x5F,0x50,0x7F,0x30,0x5F,0x50,0x7F,0x30,0x4F,
    0x70,0x8F,0x30,0x1F,0xE9,0xDF,0x30,0x09,0xFF,0x8F,0x30,0x00,0x33,0x00,0x00,0x00,0xAD,0xDD,0x50,0x00,0x68,0x88,0x30,0x15,
    0x20,0x00,0x43,0x3F,0x70,0x00,0xDB,0x3F,0x70,0x00,0xDB,0x3F,0x70,0x00,0xDB,0x3F,0x70,0x00,0xDB,0x3F,0x70,0x00,0xDB,0x3F,
    0x70,0x00,0xDB,0x2F,0x80,0x00,0xDA,0x0E,0xC0,0x04,0xF8,0x09,0xFC,0xAE,0xF3,0x01,0xCF,0xFF,0x70,0x00,0x03,0x42,0x00,0x03,
    0x88,0x82,0x00,0x05,0xDD,0xD3,0x00,0x00,0x00,0x00,0x00,0x3A,0x40,0x5A,0x20,0x5F,0x50,0x7F,0x30,0x5F,0x50,0x7F,0x30,0x5F,
    0x50,0x7F,0x30,0x5F,0x50,0x7F,0x30,0x4F,0x70,0x8F,0x30,0x1F,0xE9,0xDF,0x30,0x09,0xFF,0x8F,0x30,0x00,0x33,0x00,0x00,0x00,
    0x53,0x06,0x30,0x00,0xAA,0x4E,0x30,0x00,0x3E,0xFB,0x00,0x15,0x21,0x20,0x43,0x3F,0x70,0x00,0xDB,0x3F,0x70,0x00,0xDB,0x3F,
    0x70,0x00,0xDB,0x3F,0x70,0x00,0xDB,0x3F,0x70,0x00,0xDB,0x3F,0x70,0x00,0xDB,0x2F,0x80,0x00,0xDA,0x0E,0xC0,0x04,0xF8,0x09,
    0xFC,0xAE,0xF3,0x01,0xCF,0xFF,0x70,0x00,0x03,0x42,0x00,0x03,0x60,0x63,0x00,0x06,0xD1,0xE5,0x00,0x02,0xEE,0xE1,0x00,0x00,
    0x48,0x30,0x00,0x3A,0x40,0x5A,0x20,0x5F,0x50,0x7F,0x30,0x5F,0x50,0x7F,0x30,0x5F,0x50,0x7F,0x30,0x5F,0x50,0x7F,0x30,0x4F,
    0x70,0x8F,0x30,0x1F,0xE9,0xDF,0x30,0x09,0xFF,0x8F,0x30,0x00,0x33,0x00,0x00,0x00,0x0A,0xD4,0x00,0x00,0x2C,0x5B,0x00,0x00,
    0x1D,0xC8,0x00,0x15,0x22,0x40,0x43,0x3F,0x70,0x00,0xDB,0x3F,0x70,0x00,0xDB,0x3F,0x70,0x00,0xDB,0x3F,0x70,0x00,0xDB,0x3F,
    0x70,0x00,0xDB,0x3F,0x70,0x00,0xDB,0x2F,0x80,0x00,0xDA,0x0E,0xC0,0x04,0xF8,0x09,0xFC,0xAE,0xF3,0x01,0xCF,0xFF,0x70,0x00,
    0x03,0x42,0x00,0x00,0x5B,0x40,0x00,0x00,0xC7,0xB0,0x00,0x00,0xC9,0xB0,0x00,0x00,0x49,0x30,0x00,0x3A,0x40,0x5A,0x20,0x5F,
    0x50,0x7F,0x30,0x5F,0x50,0x7F,0x30,0x5F,0x50,0x7F,0x30,0x5F,0x50,0x7F,0x30,0x4F,0x70,0x8F,0x30,0x1F,0xE9,0xDF,0x30,0x09,
    0xFF,0x8F,0x30,0x00,0x33,0x00,0x00,0x00,0x05,0x75,0x60,0x00,0x0D,0x8D,0x70,0x00,0x4E,0x5E,0x10,0x15,0x20,0x00,0x43,0x3F,
    0x70,0x00,0xDB,0x3F,0x70,0x00,0xDB,0x3F,0x70,0x00,0xDB,0x3F,0x70,0x00,0xDB,0x3F,0x70,0x00,0xDB,0x3F,0x70,0x00,0xDB,0x2F,
    0x80,0x00,0xDA,0x0E,0xC0,0x04,0xF8,0x09,0xFC,0xAE,0xF3,0x01,0xCF,0xFF,0x70,0x00,0x03,0x42,0x00,0x00,0x38,0x47,0x00,0x00,
    0x9A,0xA9,0x00,0x00,0xD6,0xE4,0x00,0x00,0x62,0x60,0x00,0x3A,0x40,0x5A,0x20,0x5F,0x50,0x7F,0x30,0x5F,0x50,0x7F,0x30,0x5F,
    0x50,0x7F,0x30,0x5F,0x50,0x7F,0x30,0x4F,0x70,0x8F,0x30,0x1F,0xE9,0xDF,0x30,0x09,0xFF,0x8F,0x30,0x00,0x33,0x00,0x00,0x15,
    0x20,0x00,0x43,0x3F,0x70,0x00,0xDB,0x3F,0x70,0x00,0xDB,0x3F,0x70,0x00,0xDB,0x3F,0x70,0x00,0xDB,0x3F,0x70,0x00,0xDB,0x3F,
    0x70,0x00,0xDB,0x2F,0x80,0x00,0xDA,0x0E,0xC0,0x04,0xF8,0x09,0xFC,0xAE,0xF3,0x01,0xCF,0xFF,0x70,0x00,0x03,0xE8,0x00,0x00,
    0x04,0xF0,0x00,0x00,0x02,0xFD,0x10,0x00,0x00,0x6A,0x10,0x3A,0x40,0x5A,0x20,0x5F,0x50,0x7F,0x30,0x5F,0x50,0x7F,0x30,0x5F,
    0x50,0x7F,0x30,0x5F,0x50,0x7F,0x30,0x4F,0x70,0x8F,0x30,0x1F,0xE9,0xDF,0x30,0x09,0xFF,0x8F,0x30,0x00,0x33,0x8B,0x00,0x00,
    0x00,0xD6,0x10,0x00,0x00,0xBF,0x60,0x00,0x00,0x16,0x20,0x00,0x00,0x28,0x80,0x00,0x00,0x00,0x00,0xAD,0xE7,0x00,0x00,0x00,
    0x04,0xF4,0x8E,0x10,0x00,0x34,0x00,0x00,0x00,0x01,0x52,0x9F,0x10,0x1D,0xB0,0x05,0xF5,0x7F,0x50,0x3F,0xF1,0x07,0xF2,0x3F,
    0x70,0x6F,0xF3,0x0A,0xE0,0x0E,0xA0,0x8E,0xF6,0x0C,0xC0,0x0C,0xD0,0xAB,0xE9,0x0E,0x90,0x09,0xF1,0xC8,0xBB,0x1F,0x70,0x06,
    0xF3,0xE6,0x9E,0x3F,0x40,0x03,0xF8,0xF3,0x6F,0x7F,0x10,0x00,0xEE,0xF1,0x3F,0xDD,0x00,0x00,0xCF,0xD0,0x0E,0xFA,0x00,0x00,
    0x01,0x76,0x00,0x00,0x00,0x06,0xDE,0x40,0x00,0x00,0x0C,0x8A,0xA0,0x00,0x00,0x17,0x23,0x70,0x00,0x88,0x00,0x66,0x00,0xA5,
    0x9E,0x02,0xFE,0x02,0xF5,0x6F,0x35,0xEF,0x35,0xF2,0x2F,0x67,0xCE,0x67,0xE0,0x0D,0x9A,0xAB,0x9A,0xB0,0x0B,0xCC,0x79,0xBC,
    0x90,0x08,0xEE,0x56,0xEF,0x60,0x04,0xFF,0x23,0xFF,0x30,0x00,0x48,0x60,0x00,0x00,0xCC,0xF3,0x00,0x07,0xE2,0xBB,0x00,0x44,
    0x00,0x02,0x50,0xAF,0x10,0x0B,0xD0,0x4F,0x70,0x1F,0x80,0x0D,0xC0,0x7F,0x30,0x07,0xF3,0xBC,0x00,0x02,0xFA,0xF7,0x00,0x00,
    0xBF,0xF2,0x00,0x00,0x2F,0x80,0x00,0x00,0x1F,0x70,0x00,0x00,0x1F,0x70,0x00,0x00,0x1F,0x70,0x00,0x00,0x67,0x10,0x03,0xFD,
    0x60,0x09,0xB8,0xC0,0x06,0x32,0x71,0x88,0x00,0x6A,0xAE,0x00,0xBC,0x6F,0x40,0xE9,0x2F,0x82,0xF6,0x0C,0xB5,0xF2,0x09,0xE8,
    0xE0,0x05,0xFE,0xB0,0x01,0xCF,0x80,0x00,0x2F,0x40,0x4B,0xDE,0x10,0x5F,0xE6,0x00,0x01,0x61,0x53,0x00,0x07,0xF6,0xFB,0x00,
    0x04,0xB2,0xA6,0x00,0x44,0x00,0x02,0x50,0xAF,0x10,0x0B,0xD0,0x4F,0x70,0x1F,0x80,0x0D,0xC0,0x7F,0x30,0x07,0xF3,0xBC,0x00,
    0x02,0xFA,0xF7,0x00,0x00,0xBF,0xF2,0x00,0x00,0x2F,0x80,0x00,0x00,0x1F,0x70,0x00,0x00,0x1F,0x70,0x00,0x00,0x1F,0x70,0x00,
    0x00,0x01,0x86,0x00,0x00,0x07,0xF4,0x00,0x00,0x1E,0x80,0x00,0x25,0x55,0x55,0x30,0x6F,0xFF,0xFF,0xB0,0x37,0x77,0x9F,0xA0,
    0x00,0x00,0xCE,0x20,0x00,0x07,0xF7,0x00,0x00,0x2E,0xB0,0x00,0x00,0xAE,0x20,0x00,0x06,0xF7,0x00,0x00,0x2E,0xC0,0x00,0x00,
    0x8F,0xCB,0xBB,0x80,0x8F,0xFF,0xFF,0xC0,0x00,0x18,0x40,0x00,0x6F,0x20,0x00,0xBA,0x00,0x00,0x63,0x00,0x6A,0xAA,0xA0,0x8D,
    0xDE,0xF1,0x00,0x1D,0xA0,0x00,0x9E,0x20,0x04,0xF6,0x00,0x1D,0xC0,0x00,0x7F,0xA8,0x82,0x8F,0xFF,0xF3,0x00,0x06,0x10,0x00,
    0x00,0x4F,0x70,0x00,0x00,0x1B,0x40,0x00,0x25,0x55,0x55,0x30,0x6F,0xFF,0xFF,0xB0,0x37,0x77,0x9F,0xA0,0x00,0x00,0xCE,0x20,
    0x00,0x07,0xF7,0x00,0x00,0x2E,0xB0,0x00,0x00,0xAE,0x20,0x00,0x06,0xF7,0x00,0x00,0x2E,0xC0,0x00,0x00,0x8F,0xCB,0xBB,0x80,
    0x8F,0xFF,0xFF,0xC0,0x01,0xE7,0x00,0x01,0xE8,0x00,0x00,0x20,0x00,0x6A,0xAA,0xA0,0x8D,0xDE,0xF1,0x00,0x1D,0xA0,0x00,0x9E,
    0x20,0x04,0xF6,0x00,0x1D,0xC0,0x00,0x7F,0xA8,0x82,0x8F,0xFF,0xF3,0x05,0x60,0x56,0x00,0x03,0xF6,0xE6,0x00,0x00,0x9F,0xC0,
    0x00,0x25,0x55,0x55,0x30,0x6F,0xFF,0xFF,0xB0,0x37,0x77,0x9F,0xA0,0x00,0x00,0xCE,0x20,0x00,0x07,0xF7,0x00,0x00,0x2E,0xB0,
    0x00,0x00,0xAE,0x20,0x00,0x06,0xF7,0x00,0x00,0x2E,0xC0,0x00,0x00,0x8F,0xCB,0xBB,0x80,0x8F,0xFF,0xFF,0xC0,0x38,0x16,0x50,
    0x1E,0x6D,0x50,0x09,0xDE,0x00,0x02,0x75,0x00,0x6A,0xAA,0xA0,0x8D,0xDE,0xF1,0x00,0x1D,0xA0,0x00,0x9E,0x20,0x04,0xF6,0x00,
    0x1D,0xC0,0x00,0x7F,0xA8,0x82,0x8F,0xFF,0xF3,0x8A,0xAA,0xA6,0xBD,0xDD,0xD8,0x8A,0xAA,0xAA,0xAA,0xA8,0xBD,0xDD,0xDD,0xDD,
    0xDB,0x04,0x30,0x5E,0x50,0x96,0x00,0xAD,0x20,0x8F,0x40,0x15,0x00,0x16,0x00,0x7F,0x50,0x4E,0x70,0x08,0x60,0x7E,0x20,0x43,
    0x00,0x04,0x32,0x50,0x5E,0x6C,0xA0,0x96,0x2C,0x00,0xAD,0x5E,0x80,0x8F,0x6F,0xB0,0x16,0x04,0x30,0x16,0x14,0x30,0x7F,0x7E,
    0xC0,0x4E,0x9B,0xE0,0x07,0x81,0xD0,0x7E,0x4D,0x90,0x43,0x16,0x00,0x1D,0xDB,0x1F,0xFC,0x1F,0xFC,0x1D,0xDB,0x15,0x22,0x53,
    0x15,0x20,0x5F,0x85,0xF8,0x3F,0x80,0x5F,0x85,0xF8,0x3F,0x80,0x00,0x17,0x96,0x00,0x01,0xDF,0xFF,0xA0,0x07,0xF7,0x3A,0xF3,
    0x0C,0xB0,0x01,0xD5,0x7E,0xDA,0xA2,0x00,0x6F,0xB8,0x82,0x00,0x7F,0xB8,0x80,0x00,0x9E,0xDA,0xA0,0x21,0x0B,0xD0,0x01,0xF7,
    0x05,0xFB,0x7C,0xF3,0x00,0x9F,0xFF,0x80,0x00,0x02,0x42,0x00,0x45,0x53,0x33,0x01,0x51,0xBE,0xEA,0xBD,0x06,0xF4,0x08,0x80,
    0xBE,0x3A,0xE4,0x08,0x80,0xBA,0x8C,0xC4,0x08,0x80,0xB5,0xE9,0xC4,0x08,0x80,0xB4,0x63,0xC4,0x04,0x30,0x52,0x00,0x52,
};
static const Glyph sora_title_glyphs[] = {
    {0x0020, 43, 0, 0, 0, 0, 0},  // U+0020
    {0x0021, 59, 3, 11, 0, -11, 0},  // '!'
    {0x0022, 88, 5, 5, 0, -11, 22},  // '"'
    {0x0023, 130, 8, 11, 0, -11, 37},  // '#'
    {0x0024, 119, 7, 14, 0, -12, 81},  // '$'
    {0x0025, 159, 10, 12, 0, -11, 137},  // '%'
    {0x0026, 131, 8, 12, 0, -11, 197},  // '&'
    {0x0027, 52, 3, 5, 0, -11, 245},  // "'"
    {0x0028, 73, 4, 14, 0, -11, 255},  // '('
    {0x0029, 73, 4, 14, 0, -11, 283},  // ')'
    {0x002A, 105, 6, 8, 0, -11, 311},  // '*'
    {0x002B, 109, 6, 8, 0, -9, 335},  // '+'
    {0x002C, 52, 3, 6, 0, -3, 359},  // ','
    {0x002D, 94, 5, 2, 0, -5, 371},  // '-'
    {0x002E, 52, 3, 3, 0, -3, 377},  // '.'
    {0x002F, 73, 4, 12, 0, -11, 383},  // '/'
    {0x0030, 138, 8, 12, 0, -11, 407},  // '0'
    {0x0031, 80, 4, 11, 0, -11, 455},  // '1'
    {0x0032, 115, 7, 11, 0, -11, 477},  // '2'
    {0x0033, 115, 7, 12, 0, -11, 521},  // '3'
    {0x0034, 121, 8, 11, 0, -11, 569},  // '4'
    {0x0035, 117, 7, 12, 0, -11, 613},  // '5'
    {0x0036, 124, 7, 12, 0, -11, 661},  // '6'
    {0x0037, 110, 7, 11, 0, -11, 709},  // '7'
    {0x0038, 120, 7, 12, 0, -11, 753},  // '8'
    {0x0039, 124, 7, 12, 0, -11, 801},  // '9'
    {0x003A, 52, 3, 8, 0, -8, 849},  // ':'
    {0x003B, 52, 3, 11, 0, -8, 865},  // ';'
    {0x003C, 109, 6, 7, 0, -8, 887},  // '<'
    {0x003D, 109, 6, 5, 0, -7, 908},  // '='
    {0x003E, 109, 6, 7, 0, -8, 923},  // '>'
    {0x003F, 103, 6, 11, 0, -11, 944},  // '?'
    {0x0040, 203, 12, 15, 0, -11, 977},  // '@'
    {0x0041, 141, 9, 11, 0, -11, 1067},  // 'A'
    {0x0042, 126, 6, 12, 1, -11, 1122},  // 'B'
    {0x0043, 145, 9, 12, 0, -11, 1158},  // 'C'
    {0x0044, 143, 8, 11, 1, -11, 1218},  // 'D'
    {0x0045, 110, 5, 11, 1, -11, 1262},  // 'E'
    {0x0046, 103, 5, 11, 1, -11, 1295},  // 'F'
    {0x0047, 151, 9, 12, 0, -11, 1328},  // 'G'
    {0x0048, 146, 7, 11, 1, -11, 1388},  // 'H'
    {0x0049, 62, 2, 11, 1, -11, 1432},  // 'I'
    {0x004A, 118, 7, 12, 0, -11, 1443},  // 'J'
    {0x004B, 133, 7, 11, 1, -11, 1491},  // 'K'
    {0x004C, 102, 5, 11, 1, -11, 1535},  // 'L'
    {0x004D, 173, 9, 11, 1, -11, 1568},  // 'M'
    {0x004E, 157, 8, 11, 1, -11, 1623},  // 'N'
    {0x004F, 157, 9, 12, 0, -11, 1667},  // 'O'
    {0x0050, 121, 6, 11, 1, -11, 1727},  // 'P'
    {0x0051, 157, 9, 14, 0, -11, 1760},  // 'Q'
    {0x0052, 131, 7, 12, 1, -11, 1830},  // 'R'
    {0x0053, 123, 7, 12, 0, -11, 1878},  // 'S'
    {0x0054, 112, 7, 11, 0, -11, 1926},  // 'T'
    {0x0055, 142, 8, 12, 0, -11, 1970},  // 'U'
    {0x0056, 133, 8, 11, 0, -11, 2018},  // 'V'
    {0x0057, 192, 12, 11, 0, -11, 2062},  // 'W'
    {0x0058, 130, 8, 11, 0, -11, 2128},  // 'X'
    {0x0059, 120, 7, 11, 0, -11, 2172},  // 'Y'
    {0x005A, 119, 7, 11, 0, -11, 2216},  // 'Z'
    {0x005B, 73, 3, 14, 1, -11, 2260},  // '['
    {0x005C, 73, 4, 12, 0, -11, 2288},  // '\\'
    {0x005D, 73, 4, 14, 0, -11, 2312},  // ']'
    {0x005E, 111, 6, 7, 0, -11, 2340},  // '^'
    {0x005F, 108, 7, 3, 0, 0, 2361},  // '_'
    {0x0060, 58, 3, 4, 0, -12, 2373},  // '`'
    {0x0061, 108, 6, 9, 0, -8, 2381},  // 'a'
    {0x0062, 128, 8, 12, 0, -11, 2408},  // 'b'
    {0x0063, 112, 7, 9, 0, -8, 2456},  // 'c'
    {0x0064, 128, 7, 12, 0, -11, 2492},  // 'd'
    {0x0065, 114, 7, 9, 0, -8, 2540},  // 'e'
    {0x0066, 72, 5, 12, 0, -11, 2576},  // 'f'
    {0x0067, 125, 7, 12, 0, -9, 2612},  // 'g'
    {0x0068, 119, 7, 11, 0, -11, 2660},  // 'h'
    {0x0069, 62, 3, 11, 0, -11, 2704},  // 'i'
    {0x006A, 63, 3, 14, 0, -11, 2726},  // 'j'
    {0x006B, 113, 7, 11, 0, -11, 2754},  // 'k'
    {0x006C, 58, 3, 11, 0, -11, 2798},  // 'l'
    {0x006D, 177, 10, 8, 0, -8, 2820},  // 'm'
    {0x006E, 119, 7, 8, 0, -8, 2860},  // 'n'
    {0x006F, 124, 7, 9, 0, -8, 2892},  // 'o'
    {0x0070, 128, 8, 11, 0, -8, 2928},  // 'p'
    {0x0071, 128, 7, 11, 0, -8, 2972},  // 'q'
    {0x0072, 78, 5, 8, 0, -8, 3016},  // 'r'
    {0x0073, 101, 6, 9, 0, -8, 3040},  // 's'
    {0x0074, 81, 5, 11, 0, -10, 3067},  // 't'
    {0x0075, 117, 7, 9, 0, -8, 3100},  // 'u'
    {0x0076, 108, 7, 8, 0, -8, 3136},  // 'v'
    {0x0077, 163, 10, 8, 0, -8, 3168},  // 'w'
    {0x0078, 108, 7, 8, 0, -8, 3208},  // 'x'
    {0x0079, 104, 6, 11, 0, -8, 3240},  // 'y'
    {0x007A, 92, 6, 8, 0, -8, 3273},  // 'z'
    {0x007B, 73, 4, 14, 0, -11, 3297},  // '{'
    {0x007C, 71, 2, 14, 1, -11, 3325},  // '|'
    {0x007D, 73, 4, 14, 0, -11, 3339},  // '}'
    {0x007E, 98, 6, 3, 0, -6, 3367},  // '~'
    {0x00A0, 43, 0, 0, 0, 0, 3376},  // U+00A0
    {0x00A1, 59, 3, 11, 0, -8, 3376},  // '¡'
    {0x00A2, 112, 7, 11, 0, -11, 3398},  // '¢'
    {0x00A3, 116, 7, 11, 0, -11, 3442},  // '£'
    {0x00A4, 124, 7, 8, 0, -9, 3486},  // '¤'
    {0x00A5, 120, 7, 11, 0, -11, 3518},  // '¥'
    {0x00A6, 71, 2, 14, 1, -11, 3562},  // '¦'
    {0x00A7, 109, 7, 14, 0, -12, 3576},  // '§'
    {0x00A8, 58, 4, 3, 0, -11, 3632},  // '¨'
    {0x00A9, 131, 8, 10, 0, -11, 3638},  // '©'
    {0x00AA, 80, 5, 7, 0, -11, 3678},  // 'ª'
    {0x00AB, 113, 7, 7, 0, -7, 3699},  // '«'
    {0x00AC, 114, 7, 5, 0, -6, 3727},  // '¬'
    {0x00AD, 5, 0, 0, 0, 0, 3747},  // U+00AD
    {0x00AE, 124, 7, 9, 0, -11, 3747},  // '®'
    {0x00AF, 58, 4, 2, 0, -11, 3783},  // '¯'
    {0x00B0, 76, 5, 6, 0, -11, 3787},  // '°'
    {0x00B1, 112, 6, 10, 0, -10, 3805},  // '±'
    {0x00B2, 72, 4, 7, 0, -12, 3835},  // '²'
    {0x00B3, 72, 4, 7, 0, -12, 3849},  // '³'
    {0x00B4, 58, 3, 4, 0, -12, 3863},  // '´'
    {0x00B5, 124, 8, 11, 0, -8, 3871},  // 'µ'
    {0x00B6, 117, 7, 11, 0, -11, 3915},  // '¶'
    {0x00B7, 52, 3, 3, 0, -5, 3959},  // '·'
    {0x00B8, 58, 3, 5, 0, -1, 3965},  // '¸'
    {0x00B9, 51, 3, 7, 0, -12, 3975},  // '¹'
    {0x00BA, 88, 5, 7, 0, -11, 3989},  // 'º'
    {0x00BB, 113, 7, 7, 0, -7, 4010},  // '»'
    {0x00BC, 153, 10, 11, 0, -10, 4038},  // '¼'
    {0x00BD, 157, 10, 11, 0, -10, 4093},  // '½'
    {0x00BE, 171, 11, 11, 0, -10, 4148},  // '¾'
    {0x00BF, 103, 6, 11, 0, -8, 4214},  // '¿'
    {0x00C0, 141, 9, 14, 0, -14, 4247},  // 'À'
    {0x00C1, 141, 9, 14, 0, -14, 4317},  // 'Á'
    {0x00C2, 141, 9, 14, 0, -14, 4387},  // 'Â'
    {0x00C3, 141, 9, 14, 0, -14, 4457},  // 'Ã'
    {0x00C4, 141, 9, 14, 0, -14, 4527},  // 'Ä'
    {0x00C5, 141, 9, 14, 0, -14, 4597},  // 'Å'
    {0x00C6, 177, 11, 11, 0, -11, 4667},  // 'Æ'
    {0x00C7, 145, 9, 15, 0, -11, 4733},  // 'Ç'
    {0x00C8, 110, 5, 14, 1, -14, 4808},  // 'È'
    {0x00C9, 110, 5, 14, 1, -14, 4850},  // 'É'
    {0x00CA, 110, 5, 14, 1, -14, 4892},  // 'Ê'
    {0x00CB, 110, 5, 14, 1, -14, 4934},  // 'Ë'
    {0x00CC, 62, 4, 14, -1, -14, 4976},  // 'Ì'
    {0x00CD, 62, 3, 14, 1, -14, 5004},  // 'Í'
    {0x00CE, 62, 5, 14, -1, -14, 5032},  // 'Î'
    {0x00CF, 62, 5, 14, -1, -14, 5074},  // 'Ï'
    {0x00D0, 143, 9, 11, 0, -11, 5116},  // 'Ð'
    {0x00D1, 157, 8, 14, 1, -14, 5171},  // 'Ñ'
    {0x00D2, 157, 9, 15, 0, -14, 5227},  // 'Ò'
    {0x00D3, 157, 9, 15, 0, -14, 5302},  // 'Ó'
    {0x00D4, 157, 9, 15, 0, -14, 5377},  // 'Ô'
    {0x00D5, 157, 9, 15, 0, -14, 5452},  // 'Õ'
    {0x00D6, 157, 9, 15, 0, -14, 5527},  // 'Ö'
    {0x00D7, 109, 6, 8, 0, -9, 5602},  // '×'
    {0x00D8, 157, 9, 12, 0, -11, 5626},  // 'Ø'
    {0x00D9, 142, 8, 15, 0, -14, 5686},  // 'Ù'
    {0x00DA, 142, 8, 15, 0, -14, 5746},  // 'Ú'
    {0x00DB, 142, 8, 15, 0, -14, 5806},  // 'Û'
    {0x00DC, 142, 8, 15, 0, -14, 5866},  // 'Ü'
    {0x00DD, 120, 7, 14, 0, -14, 5926},  // 'Ý'
    {0x00DE, 118, 6, 11, 1, -11, 5982},  // 'Þ'
    {0x00DF, 121, 7, 12, 0, -11, 6015},  // 'ß'
    {0x00E0, 108, 6, 13, 0, -12, 6063},  // 'à'
    {0x00E1, 108, 6, 13, 0, -12, 6102},  // 'á'
    {0x00E2, 108, 6, 13, 0, -12, 6141},  // 'â'
    {0x00E3, 108, 6, 12, 0, -11, 6180},  // 'ã'
    {0x00E4, 108, 6, 12, 0, -11, 6216},  // 'ä'
    {0x00E5, 108, 6, 13, 0, -12, 6252},  // 'å'
    {0x00E6, 173, 11, 9, 0, -8, 6291},  // 'æ'
    {0x00E7, 112, 7, 12, 0, -8, 6345},  // 'ç'
    {0x00E8, 114, 7, 13, 0, -12, 6393},  // 'è'
    {0x00E9, 114, 7, 13, 0, -12, 6445},  // 'é'
    {0x00EA, 114, 7, 13, 0, -12, 6497},  // 'ê'
    {0x00EB, 114, 7, 12, 0, -11, 6549},  // 'ë'
    {0x00EC, 62, 4, 12, -1, -12, 6597},  // 'ì'
    {0x00ED, 62, 4, 12, 0, -12, 6621},  // 'í'
    {0x00EE, 62, 5, 12, -1, -12, 6645},  // 'î'
    {0x00EF, 62, 5, 11, -1, -11, 6681},  // 'ï'
    {0x00F0, 122, 7, 12, 0, -11, 6714},  // 'ð'
    {0x00F1, 119, 7, 11, 0, -11, 6762},  // 'ñ'
    {0x00F2, 124, 7, 13, 0, -12, 6806},  // 'ò'
    {0x00F3, 124, 7, 13, 0, -12, 6858},  // 'ó'
    {0x00F4, 124, 7, 13, 0, -12, 6910},  // 'ô'
    {0x00F5, 124, 7, 12, 0, -11, 6962},  // 'õ'
    {0x00F6, 124, 7, 12, 0, -11, 7010},  // 'ö'
    {0x00F7, 109, 6, 8, 0, -9, 7058},  // '÷'
    {0x00F8, 124, 7, 10, 0, -9, 7082},  // 'ø'
    {0x00F9, 117, 7, 13, 0, -12, 7122},  // 'ù'
    {0x00FA, 117, 7, 13, 0, -12, 7174},  // 'ú'
    {0x00FB, 117, 7, 13, 0, -12, 7226},  // 'û'
    {0x00FC, 117, 7, 12, 0, -11, 7278},  // 'ü'
    {0x00FD, 104, 6, 15, 0, -12, 7326},  // 'ý'
    {0x00FE, 128, 8, 14, 0, -11, 7371},  // 'þ'
    {0x00FF, 104, 6, 14, 0, -11, 7427},  // 'ÿ'
    {0x0100, 141, 9, 13, 0, -13, 7469},  // 'Ā'
    {0x0101, 108, 6, 12, 0, -11, 7534},  // 'ā'
    {0x0102, 141, 9, 14, 0, -14, 7570},  // 'Ă'
    {0x0103, 108, 6, 13, 0, -12, 7640},  // 'ă'
    {0x0104, 141, 9, 15, 0, -11, 7679},  // 'Ą'
    {0x0105, 108, 6, 12, 0, -8, 7754},  // 'ą'
    {0x0106, 145, 9, 15, 0, -14, 7790},  // 'Ć'
    {0x0107, 112, 7, 13, 0, -12, 7865},  // 'ć'
    {0x0108, 145, 9, 15, 0, -14, 7917},  // 'Ĉ'
    {0x0109, 112, 7, 13, 0, -12, 7992},  // 'ĉ'
    {0x010A, 145, 9, 15, 0, -14, 8044},  // 'Ċ'
    {0x010B, 112, 7, 12, 0, -11, 8119},  // 'ċ'
    {0x010C, 145, 9, 15, 0, -14, 8167},  // 'Č'
    {0x010D, 112, 7, 13, 0, -12, 8242},  // 'č'
    {0x010E, 143, 8, 14, 1, -14, 8294},  // 'Ď'
    {0x010F, 128, 9, 13, 0, -12, 8350},  // 'ď'
    {0x0110, 143, 9, 11, 0, -11, 8415},  // 'Đ'
    {0x0111, 128, 8, 12, 0, -11, 8470},  // 'đ'
    {0x0112, 110, 5, 13, 1, -13, 8518},  // 'Ē'
    {0x0113, 114, 7, 12, 0, -11, 8557},  // 'ē'
    {0x0114, 110, 5, 14, 1, -14, 8605},  // 'Ĕ'
    {0x0115, 114, 7, 13, 0, -12, 8647},  // 'ĕ'
    {0x0116, 110, 5, 14, 1, -14, 8699},  // 'Ė'
    {0x0117, 114, 7, 12, 0, -11, 8741},  // 'ė'
    {0x0118, 110, 6, 15, 1, -11, 8789},  // 'Ę'
    {0x0119, 114, 7, 11, 0, -8, 8834},  // 'ę'
    {0x011A, 110, 5, 14, 1, -14, 8878},  // 'Ě'
    {0x011B, 114, 7, 13, 0, -12, 8920},  // 'ě'
    {0x011C, 151, 9, 15, 0, -14, 8972},  // 'Ĝ'
    {0x011D, 125, 7, 15, 0, -12, 9047},  // 'ĝ'
    {0x011E, 151, 9, 15, 0, -14, 9107},  // 'Ğ'
    {0x011F, 125, 7, 15, 0, -12, 9182},  // 'ğ'
    {0x0120, 151, 9, 15, 0, -14, 9242},  // 'Ġ'
    {0x0121, 125, 7, 14, 0, -11, 9317},  // 'ġ'
    {0x0122, 151, 9, 16, 0, -11, 9373},  // 'Ģ'
    {0x0123, 125, 7, 15, 0, -12, 9453},  // 'ģ'
    {0x0126, 146, 9, 11, 0, -11, 9513},  // 'Ħ'
    {0x0127, 119, 7, 11, 0, -11, 9568},  // 'ħ'
    {0x0128, 62, 5, 14, -1, -14, 9612},  // 'Ĩ'
    {0x0129, 62, 5, 11, -1, -11, 9654},  // 'ĩ'
    {0x012A, 62, 5, 13, -1, -13, 9687},  // 'Ī'
    {0x012B, 62, 5, 11, -1, -11, 9726},  // 'ī'
    {0x012C, 62, 5, 14, -1, -14, 9759},  // 'Ĭ'
    {0x012D, 62, 5, 12, -1, -12, 9801},  // 'ĭ'
    {0x012E, 62, 3, 15, 0, -11, 9837},  // 'Į'
    {0x012F, 62, 3, 15, 0, -11, 9867},  // 'į'
    {0x0130, 62, 3, 14, 0, -14, 9897},  // 'İ'
    {0x0131, 62, 3, 8, 0, -8, 9925},  // 'ı'
    {0x0134, 118, 7, 15, 0, -14, 9941},  // 'Ĵ'
    {0x0135, 63, 5, 15, -1, -12, 10001},  // 'ĵ'
    {0x0136, 133, 7, 16, 1, -11, 10046},  // 'Ķ'
    {0x0137, 113, 7, 16, 0, -11, 10110},  // 'ķ'
    {0x0139, 102, 5, 14, 1, -14, 10174},  // 'Ĺ'
    {0x013A, 58, 4, 14, 0, -14, 10216},  // 'ĺ'
    {0x013B, 102, 5, 16, 1, -11, 10244},  // 'Ļ'
    {0x013C, 58, 3, 16, 0, -11, 10292},  // 'ļ'
    {0x013D, 102, 5, 12, 1, -12, 10324},  // 'Ľ'
    {0x013E, 58, 5, 12, 0, -12, 10360},  // 'ľ'
    {0x0141, 102, 6, 11, 0, -11, 10396},  // 'Ł'
    {0x0142, 58, 4, 11, 0, -11, 10429},  // 'ł'
    {0x0143, 157, 8, 14, 1, -14, 10451},  // 'Ń'
    {0x0144, 119, 7, 12, 0, -12, 10507},  // 'ń'
    {0x0145, 157, 8, 16, 1, -11, 10555},  // 'Ņ'
    {0x0146, 119, 7, 13, 0, -8, 10619},  // 'ņ'
    {0x0147, 157, 8, 14, 1, -14, 10671},  // 'Ň'
    {0x0148, 119, 7, 12, 0, -12, 10727},  // 'ň'
    {0x014A, 157, 8, 15, 1, -11, 10775},  // 'Ŋ'
    {0x014B, 119, 7, 11, 0, -8, 10835},  // 'ŋ'
    {0x014C, 157, 9, 14, 0, -13, 10879},  // 'Ō'
    {0x014D, 124, 7, 12, 0, -11, 10949},  // 'ō'
    {0x014E, 157, 9, 15, 0, -14, 10997},  // 'Ŏ'
    {0x014F, 124, 7, 13, 0, -12, 11072},  // 'ŏ'
    {0x0150, 157, 9, 15, 0, -14, 11124},  // 'Ő'
    {0x0151, 124, 7, 13, 0, -12, 11199},  // 'ő'
    {0x0152, 189, 11, 12, 0, -11, 11251},  // 'Œ'
    {0x0153, 193, 12, 9, 0, -8, 11323},  // 'œ'
    {0x0154, 131, 7, 15, 1, -14, 11377},  // 'Ŕ'
    {0x0155, 78, 5, 12, 0, -12, 11437},  // 'ŕ'
    {0x0156, 131, 7, 16, 1, -11, 11473},  // 'Ŗ'
    {0x0157, 78, 5, 13, 0, -8, 11537},  // 'ŗ'
    {0x0158, 131, 7, 15, 1, -14, 11576},  // 'Ř'
    {0x0159, 78, 5, 12, 0, -12, 11636},  // 'ř'
    {0x015A, 123, 7, 15, 0, -14, 11672},  // 'Ś'
    {0x015B, 101, 6, 13, 0, -12, 11732},  // 'ś'
    {0x015C, 123, 7, 15, 0, -14, 11771},  // 'Ŝ'
    {0x015D, 101, 6, 13, 0, -12, 11831},  // 'ŝ'
    {0x015E, 123, 7, 15, 0, -11, 11870},  // 'Ş'
    {0x015F, 101, 6, 12, 0, -8, 11930},  // 'ş'
    {0x0160, 123, 7, 15, 0, -14, 11966},  // 'Š'
    {0x0161, 101, 6, 13, 0, -12, 12026},  // 'š'
    {0x0162, 112, 7, 15, 0, -11, 12065},  // 'Ţ'
    {0x0163, 81, 5, 14, 0, -10, 12125},  // 'ţ'
    {0x0164, 112, 7, 14, 0, -14, 12167},  // 'Ť'
    {0x0165, 81, 5, 13, 0, -12, 12223},  // 'ť'
    {0x0166, 112, 7, 11, 0, -11, 12262},  // 'Ŧ'
    {0x0167, 81, 5, 11, 0, -10, 12306},  // 'ŧ'
    {0x0168, 142, 8, 15, 0, -14, 12339},  // 'Ũ'
    {0x0169, 117, 7, 12, 0, -11, 12399},  // 'ũ'
    {0x016A, 142, 8, 14, 0, -13, 12447},  // 'Ū'
    {0x016B, 117, 7, 12, 0, -11, 12503},  // 'ū'
    {0x016C, 142, 8, 15, 0, -14, 12551},  // 'Ŭ'
    {0x016D, 117, 7, 13, 0, -12, 12611},  // 'ŭ'
    {0x016E, 142, 8, 15, 0, -14, 12663},  // 'Ů'
    {0x016F, 117, 7, 13, 0, -12, 12723},  // 'ů'
    {0x0170, 142, 8, 15, 0, -14, 12775},  // 'Ű'
    {0x0171, 117, 7, 13, 0, -12, 12835},  // 'ű'
    {0x0172, 142, 8, 15, 0, -11, 12887},  // 'Ų'
    {0x0173, 117, 7, 12, 0, -8, 12947},  // 'ų'
    {0x0174, 192, 12, 14, 0, -14, 12995},  // 'Ŵ'
    {0x0175, 163, 10, 12, 0, -12, 13079},  // 'ŵ'
    {0x0176, 120, 7, 14, 0, -14, 13139},  // 'Ŷ'
    {0x0177, 104, 6, 15, 0, -12, 13195},  // 'ŷ'
    {0x0178, 120, 7, 14, 0, -14, 13240},  // 'Ÿ'
    {0x0179, 119, 7, 14, 0, -14, 13296},  // 'Ź'
    {0x017A, 92, 6, 12, 0, -12, 13352},  // 'ź'
    {0x017B, 119, 7, 14, 0, -14, 13388},  // 'Ż'
    {0x017C, 92, 6, 11, 0, -11, 13444},  // 'ż'
    {0x017D, 119, 7, 14, 0, -14, 13477},  // 'Ž'
    {0x017E, 92, 6, 12, 0, -12, 13533},  // 'ž'
    {0x2013, 96, 6, 2, 0, -5, 13569},  // '–'
    {0x2014, 165, 10, 2, 0, -5, 13575},  // '—'
    {0x2018, 51, 3, 6, 0, -11, 13585},  // '‘'
    {0x2019, 51, 3, 6, 0, -11, 13597},  // '’'
    {0x201C, 90, 5, 6, 0, -11, 13609},  // '“'
    {0x201D, 90, 5, 6, 0, -11, 13627},  // '”'
    {0x2022, 81, 4, 4, 0, -6, 13645},  // '•'
    {0x2026, 152, 9, 3, 0, -3, 13653},  // '…'
    {0x20AC, 129, 8, 12, 0, -11, 13668},  // '€'
    {0x2122, 161, 10, 7, 0, -11, 13716},  // '™'
};
const Font sora_title = {sora_title_bitmap, sora_title_glyphs, 320, 11, 14, 4};

// Sora-Regular.ttf at 14 px, 320 glyphs, 12990 bytes
static const uint8_t sora_title_regular_bitmap[] = {
    0x41,0xE2,0xE2,0xE2,0xE2,0xE2,0xE2,0xD2,0x00,0xC3,0xF4,0x41,0x30,0xE4,0xB0,0xE4,0xB0,0xE4,0xB0,0x82,0x60,0x00,0x23,0x04,
    0x10,0x00,0x69,0x0D,0x20,0x00,0x87,0x0E,0x00,0x15,0xB8,0x5E,0x51,0x3C,0xEC,0xDE,0xC4,0x00,0xD2,0x6A,0x00,0x00,0xE0,0x88,
    0x00,0x9D,0xFD,0xEE,0xC0,0x26,0xC3,0xC6,0x20,0x06,0xA0,0xD3,0x00,0x08,0x80,0xE1,0x00,0x00,0x09,0x00,0x00,0x00,0x2E,0x20,
    0x00,0x07,0xFE,0xF7,0x00,0x1E,0x50,0x5E,0x10,0x3D,0x00,0x0C,0x30,0x1F,0x40,0x00,0x00,0x08,0xFD,0xB4,0x00,0x00,0x37,0xAE,
    0x30,0x23,0x00,0x0A,0x80,0x5C,0x00,0x09,0x90,0x1E,0x83,0x6E,0x40,0x05,0xDF,0xE7,0x00,0x00,0x0D,0x10,0x00,0x00,0x0B,0x10,
    0x00,0x04,0x60,0x01,0x30,0x00,0x4D,0xB8,0x07,0x70,0x00,0x95,0x0C,0x0B,0x30,0x00,0xA4,0x0C,0x1C,0x00,0x00,0x86,0x1C,0x69,
    0x00,0x00,0x3D,0xC7,0xA4,0x57,0x10,0x02,0x40,0xD5,0xC9,0xA0,0x00,0x04,0xA9,0x50,0xC0,0x00,0x09,0x6A,0x40,0xC0,0x00,0x0D,
    0x18,0x61,0xC0,0x00,0x3B,0x02,0xDD,0x60,0x00,0x00,0x00,0x12,0x00,0x00,0x26,0x63,0x00,0x04,0xEC,0xC8,0x00,0x0A,0x90,0x00,
    0x00,0x0B,0x60,0x00,0x00,0x08,0xA0,0x8C,0xC4,0x0B,0xF4,0x49,0xC2,0x6D,0x7D,0x17,0x90,0xA8,0x0B,0x99,0x80,0xA7,0x02,0xEE,
    0x40,0x6D,0x20,0x9F,0x30,0x0A,0xFE,0xD9,0xC1,0x00,0x34,0x10,0x00,0x40,0xD0,0xD0,0xD0,0x70,0x00,0x89,0x02,0xE2,0x08,0xA0,
    0x0C,0x50,0x1F,0x10,0x3E,0x00,0x4D,0x00,0x3D,0x00,0x2F,0x00,0x0E,0x30,0x0B,0x70,0x06,0xC0,0x00,0xD5,0x00,0x47,0x8A,0x00,
    0x1E,0x40,0x08,0xA0,0x02,0xE0,0x00,0xD3,0x00,0xC5,0x00,0xB5,0x00,0xB5,0x00,0xC4,0x00,0xE1,0x04,0xC0,0x0A,0x80,0x3E,0x20,
    0x65,0x00,0x00,0x68,0x00,0x27,0x57,0x24,0x3D,0xD8,0xD7,0x00,0x68,0x60,0x3B,0xE8,0xD6,0x38,0x67,0x45,0x00,0x78,0x00,0x00,
    0x13,0x00,0x00,0x3B,0x00,0x00,0x3B,0x00,0x27,0x8D,0x75,0x4C,0xCE,0xC9,0x00,0x3B,0x00,0x00,0x3B,0x00,0x00,0x27,0x00,0x08,
    0x10,0x1D,0x00,0x6A,0x00,0x96,0x00,0x11,0x00,0x38,0x88,0x70,0x3A,0xAA,0x80,0x3C,0x4F,0x00,0x96,0x00,0xC4,0x01,0xE1,0x03,
    0xD0,0x06,0xA0,0x09,0x70,0x0B,0x40,0x0D,0x10,0x2D,0x00,0x5B,0x00,0x88,0x00,0x95,0x00,0x00,0x27,0x83,0x00,0x03,0xED,0xDF,
    0x50,0x0B,0xA0,0x07,0xC0,0x1E,0x30,0x00,0xE2,0x3F,0x00,0x00,0xC5,0x4E,0x00,0x00,0xB6,0x4E,0x00,0x00,0xB6,0x2F,0x10,0x00,
    0xD4,0x0E,0x40,0x01,0xE2,0x09,0xC2,0x1A,0xB0,0x01,0xCF,0xFD,0x30,0x00,0x04,0x41,0x00,0x35,0x52,0x8D,0xF5,0x00,0xC5,0x00,
    0xC5,0x00,0xC5,0x00,0xC5,0x00,0xC5,0x00,0xC5,0x00,0xC5,0x00,0xC5,0x00,0xC5,0x00,0x68,0x50,0x00,0x0A,0xEA,0xE8,0x00,0x2F,
    0x20,0x4E,0x00,0x3A,0x00,0x0E,0x20,0x00,0x00,0x2F,0x10,0x00,0x01,0xBB,0x00,0x00,0x5D,0xC2,0x00,0x09,0xE7,0x00,0x00,0x2F,
    0x30,0x00,0x00,0x3E,0x33,0x33,0x10,0x3F,0xFF,0xFF,0x40,0x15,0x55,0x53,0x00,0x3D,0xDD,0xEB,0x00,0x00,0x00,0xAA,0x00,0x00,
    0x0A,0xB1,0x00,0x00,0xAC,0x10,0x00,0x01,0xEE,0xD3,0x00,0x00,0x10,0x8C,0x00,0x00,0x00,0x1F,0x20,0x89,0x00,0x1F,0x20,0x4E,
    0x20,0x7D,0x00,0x09,0xFE,0xE4,0x00,0x00,0x34,0x10,0x00,0x00,0x03,0x10,0x00,0x00,0x0A,0x70,0x00,0x00,0x3D,0x10,0x00,0x00,
    0xA8,0x23,0x00,0x03,0xE1,0x5B,0x00,0x0B,0x70,0x5B,0x00,0x4D,0x10,0x5B,0x00,0x8C,0x88,0xAD,0x70,0x5A,0xAA,0xCE,0x80,0x00,
    0x00,0x5B,0x00,0x00,0x00,0x5B,0x00,0x03,0x55,0x53,0x00,0x0A,0xED,0xD9,0x00,0x0B,0x50,0x00,0x00,0x0C,0x30,0x00,0x00,0x0D,
    0x7A,0x71,0x00,0x0E,0xC9,0xDA,0x00,0x03,0x00,0x2E,0x30,0x12,0x00,0x0B,0x60,0x6C,0x00,0x0C,0x50,0x2E,0x50,0x5E,0x10,0x06,
    0xFE,0xE6,0x00,0x00,0x24,0x20,0x00,0x00,0x03,0x53,0x00,0x01,0xAF,0xDC,0x00,0x08,0xC2,0x00,0x00,0x0E,0x30,0x00,0x00,0x2E,
    0x29,0x93,0x00,0x4D,0xD9,0xAE,0x30,0x4F,0x60,0x0A,0x90,0x3F,0x10,0x06,0xB0,0x1F,0x20,0x07,0xA0,0x0B,0x90,0x1D,0x70,0x02,
    0xDE,0xEB,0x00,0x00,0x14,0x30,0x00,0x25,0x55,0x54,0x8E,0xDD,0xDE,0x87,0x00,0x4D,0x44,0x00,0xA8,0x00,0x01,0xE3,0x00,0x06,
    0xC0,0x00,0x0B,0x60,0x00,0x2E,0x10,0x00,0x7A,0x00,0x00,0xD5,0x00,0x04,0xE0,0x00,0x00,0x58,0x50,0x00,0x09,0xEA,0xDA,0x00,
    0x2E,0x20,0x2E,0x20,0x3E,0x00,0x0D,0x30,0x0D,0x61,0x6D,0x10,0x05,0xFF,0xF5,0x00,0x2D,0x73,0x7E,0x20,0x6B,0x00,0x0B,0x70,
    0x7A,0x00,0x0A,0x80,0x3E,0x30,0x3E,0x40,0x08,0xFE,0xF8,0x00,0x00,0x24,0x20,0x00,0x00,0x58,0x40,0x00,0x0A,0xEB,0xE8,0x00,
    0x4E,0x20,0x3E,0x20,0x7A,0x00,0x0C,0x60,0x7B,0x00,0x0C,0x70,0x4E,0x20,0x4F,0x80,0x0A,0xEC,0xEA,0x80,0x00,0x56,0x2A,0x60,
    0x00,0x00,0x1E,0x30,0x02,0x24,0xBA,0x00,0x09,0xFE,0xA1,0x00,0x00,0x10,0x00,0x00,0x3E,0x3D,0x00,0x00,0x00,0x3C,0x4F,0x2E,
    0x20,0x2D,0x20,0x00,0x00,0x00,0x00,0x00,0x00,0x08,0x10,0x1D,0x00,0x5A,0x00,0x97,0x00,0x11,0x00,0x00,0x00,0x25,0x00,0x4A,
    0xE8,0x2C,0xD8,0x20,0x3D,0x30,0x00,0x18,0xEB,0x50,0x00,0x16,0xCA,0x00,0x00,0x02,0x27,0x77,0x75,0x4C,0xCC,0xC9,0x00,0x00,
    0x00,0x4D,0xDD,0xDB,0x25,0x55,0x54,0x24,0x00,0x00,0x2D,0xD6,0x10,0x00,0x5B,0xE7,0x00,0x00,0x8A,0x02,0x8D,0xC5,0x2E,0xB4,
    0x00,0x12,0x00,0x00,0x02,0x77,0x20,0x1D,0xCC,0xD1,0x7C,0x00,0xB7,0x65,0x00,0x89,0x00,0x00,0xB7,0x00,0x8C,0xD2,0x00,0xBA,
    0x20,0x00,0xB6,0x00,0x00,0x00,0x00,0x00,0xA6,0x00,0x00,0xD7,0x00,0x00,0x00,0x37,0x86,0x20,0x00,0x00,0x1A,0xEB,0xAC,0xE7,
    0x00,0x00,0xBB,0x20,0x00,0x3D,0x70,0x06,0xD1,0x00,0x00,0x03,0xE1,0x0C,0x50,0x6D,0xC6,0x70,0xB7,0x1E,0x03,0xE6,0x6E,0x90,
    0x79,0x4C,0x08,0x90,0x08,0x90,0x6A,0x5B,0x09,0x70,0x07,0x90,0x6A,0x4C,0x07,0xA0,0x09,0x90,0xA7,0x1E,0x03,0xE8,0x8C,0xD6,
    0xE2,0x0C,0x50,0x5B,0xA1,0x9D,0x60,0x06,0xD1,0x00,0x00,0x00,0x00,0x00,0xAC,0x30,0x00,0x00,0x00,0x00,0x09,0xFD,0xC8,0x00,
    0x00,0x00,0x00,0x26,0x63,0x00,0x00,0x00,0x04,0x50,0x00,0x00,0x1F,0xF4,0x00,0x00,0x6B,0x99,0x00,0x00,0x98,0x5D,0x00,0x00,
    0xD3,0x1E,0x20,0x02,0xE0,0x0B,0x70,0x07,0xC5,0x5A,0xA0,0x0B,0xFF,0xFF,0xE0,0x1E,0x30,0x00,0xD4,0x5D,0x00,0x00,0x98,0x99,
    0x00,0x00,0x5C,0x45,0x53,0x00,0xDF,0xFF,0xC1,0xD5,0x03,0xE5,0xD5,0x00,0xB7,0xD5,0x01,0xD6,0xDD,0xCD,0xD1,0xD9,0x77,0xE6,
    0xD5,0x00,0x8B,0xD5,0x00,0x7C,0xD8,0x55,0xD9,0xDF,0xFF,0xB1,0x00,0x16,0x87,0x10,0x00,0x01,0xCE,0xCE,0xD2,0x00,0x0A,0xC1,
    0x01,0xBB,0x00,0x1F,0x40,0x00,0x3F,0x10,0x5E,0x00,0x00,0x06,0x10,0x6C,0x00,0x00,0x00,0x00,0x6C,0x00,0x00,0x00,0x00,0x4E,
    0x00,0x00,0x08,0x30,0x0E,0x60,0x00,0x3F,0x20,0x07,0xE5,0x13,0xCA,0x00,0x00,0x9F,0xFF,0xB1,0x00,0x00,0x02,0x43,0x00,0x00,
    0x45,0x54,0x10,0x00,0xDF,0xFF,0xE6,0x00,0xD5,0x01,0x7E,0x40,0xD5,0x00,0x08,0xC0,0xD5,0x00,0x03,0xF1,0xD5,0x00,0x00,0xF3,
    0xD5,0x00,0x00,0xF3,0xD5,0x00,0x04,0xE0,0xD5,0x00,0x0B,0xA0,0xD8,0x55,0xBE,0x20,0xDF,0xFE,0xB3,0x00,0x45,0x55,0x40,0xDF,
    0xFF,0xD0,0xD5,0x00,0x00,0xD5,0x00,0x00,0xD5,0x00,0x00,0xDE,0xDD,0x80,0xD9,0x77,0x40,0xD5,0x00,0x00,0xD5,0x00,0x00,0xD8,
    0x55,0x40,0xDF,0xFF,0xE0,0x45,0x55,0x30,0xDF,0xFF,0xA0,0xD5,0x00,0x00,0xD5,0x00,0x00,0xD5,0x00,0x00,0xDD,0xCC,0x60,0xDA,
    0x88,0x40,0xD5,0x00,0x00,0xD5,0x00,0x00,0xD5,0x00,0x00,0xD5,0x00,0x00,0x00,0x06,0x86,0x10,0x00,0x01,0xCE,0xCE,0xD2,0x00,
    0x09,0xC1,0x01,0xBA,0x00,0x1F,0x40,0x00,0x2E,0x00,0x5D,0x00,0x00,0x05,0x10,0x6C,0x00,0x00,0x00,0x00,0x6C,0x00,0x9F,0xFF,
    0xB0,0x4E,0x00,0x23,0x3E,0x20,0x0E,0x60,0x00,0x0E,0x10,0x06,0xE5,0x12,0x9D,0x00,0x00,0x8F,0xFF,0xD3,0x00,0x00,0x02,0x43,
    0x00,0x00,0x42,0x00,0x02,0x30,0xD5,0x00,0x07,0xA0,0xD5,0x00,0x07,0xA0,0xD5,0x00,0x07,0xA0,0xD5,0x00,0x07,0xA0,0xDD,0xCC,
    0xCD,0xA0,0xDA,0x88,0x8B,0xA0,0xD5,0x00,0x07,0xA0,0xD5,0x00,0x07,0xA0,0xD5,0x00,0x07,0xA0,0xD5,0x00,0x07,0xA0,0x41,0xD4,
    0xD4,0xD4,0xD4,0xD4,0xD4,0xD4,0xD4,0xD4,0xD4,0x03,0x55,0x55,0x08,0xFF,0xFF,0x00,0x00,0x2F,0x00,0x00,0x2F,0x00,0x00,0x2F,
    0x00,0x00,0x2F,0x00,0x00,0x2F,0x87,0x00,0x2F,0x8A,0x00,0x3E,0x4E,0x41,0xBA,0x09,0xFF,0xD2,0x00,0x34,0x10,0x42,0x00,0x33,
    0x00,0xD5,0x02,0xE5,0x00,0xD5,0x0B,0x90,0x00,0xD5,0x6D,0x10,0x00,0xD6,0xD3,0x00,0x00,0xDD,0xD0,0x00,0x00,0xD8,0xD8,0x00,
    0x00,0xD5,0x4E,0x40,0x00,0xD5,0x09,0xD1,0x00,0xD5,0x01,0xC9,0x00,0xD5,0x00,0x3E,0x50,0x42,0x00,0x00,0xD5,0x00,0x00,0xD5,
    0x00,0x00,0xD5,0x00,0x00,0xD5,0x00,0x00,0xD5,0x00,0x00,0xD5,0x00,0x00,0xD5,0x00,0x00,0xD5,0x00,0x00,0xD8,0x55,0x30,0xDF,
    0xFF,0xB0,0x43,0x00,0x00,0x34,0xDD,0x00,0x00,0xBE,0xDF,0x30,0x02,0xEE,0xDB,0x80,0x07,0xAE,0xD6,0xD0,0x0C,0x5E,0xD3,0xD4,
    0x2D,0x2E,0xD3,0x89,0x89,0x2E,0xD3,0x3E,0xD3,0x2E,0xD3,0x0B,0xB0,0x2E,0xD3,0x00,0x00,0x2E,0xD3,0x00,0x00,0x2E,0x44,0x00,
    0x00,0x41,0xDF,0x40,0x00,0xD3,0xDB,0xB0,0x00,0xD3,0xD5,0xE3,0x00,0xD3,0xD4,0xAA,0x00,0xD3,0xD4,0x3E,0x20,0xD3,0xD4,0x0B,
    0x90,0xD3,0xD4,0x04,0xE1,0xD3,0xD4,0x00,0xC8,0xD3,0xD4,0x00,0x5E,0xE3,0xD4,0x00,0x0D,0xF3,0x00,0x05,0x87,0x20,0x00,0x01,
    0xBF,0xCD,0xE5,0x00,0x09,0xD2,0x00,0x7E,0x20,0x1E,0x50,0x00,0x0B,0x80,0x5E,0x00,0x00,0x07,0xC0,0x6C,0x00,0x00,0x05,0xD0,
    0x6C,0x00,0x00,0x05,0xD0,0x4E,0x10,0x00,0x08,0xB0,0x0D,0x70,0x00,0x1D,0x60,0x06,0xE6,0x13,0xBD,0x10,0x00,0x7F,0xFF,0xC3,
    0x00,0x00,0x01,0x43,0x00,0x00,0x45,0x53,0x00,0xDF,0xFF,0xB0,0xD5,0x03,0xE6,0xD5,0x00,0x9A,0xD5,0x00,0x8A,0xD5,0x01,0xD8,
    0xDD,0xCE,0xD2,0xDA,0x87,0x10,0xD5,0x00,0x00,0xD5,0x00,0x00,0xD5,0x00,0x00,0x00,0x05,0x87,0x20,0x00,0x01,0xBF,0xCD,0xE5,
    0x00,0x09,0xD2,0x00,0x7E,0x20,0x1E,0x50,0x00,0x0B,0x80,0x5E,0x00,0x00,0x07,0xC0,0x6C,0x00,0x00,0x05,0xD0,0x6C,0x00,0x00,
    0x05,0xD0,0x4E,0x10,0x00,0x08,0xB0,0x0D,0x70,0x00,0x1D,0x70,0x06,0xE6,0x13,0xBD,0x10,0x00,0x8F,0xFF,0xD3,0x00,0x00,0x02,
    0xC7,0x00,0x00,0x00,0x00,0xAA,0x52,0x00,0x00,0x00,0x4D,0xF7,0x00,0x45,0x53,0x00,0x00,0xDF,0xFF,0xC2,0x00,0xD5,0x03,0xD8,
    0x00,0xD5,0x00,0x8B,0x00,0xD5,0x00,0x7B,0x00,0xD5,0x01,0xC9,0x00,0xDE,0xDE,0xD2,0x00,0xD9,0x7E,0x60,0x00,0xD5,0x07,0xE1,
    0x00,0xD5,0x00,0xC9,0x00,0xD5,0x00,0x3F,0x30,0x00,0x38,0x71,0x00,0x06,0xFC,0xED,0x10,0x0D,0x70,0x1C,0x80,0x1F,0x20,0x06,
    0x70,0x0E,0x60,0x00,0x00,0x07,0xFD,0xB7,0x00,0x00,0x37,0x9E,0x90,0x00,0x00,0x05,0xE0,0x6C,0x00,0x04,0xE0,0x2F,0x71,0x2B,
    0xA0,0x06,0xEF,0xFC,0x20,0x00,0x14,0x30,0x00,0x35,0x55,0x55,0x20,0xBF,0xFF,0xFF,0x50,0x00,0x4C,0x00,0x00,0x00,0x4C,0x00,
    0x00,0x00,0x4C,0x00,0x00,0x00,0x4C,0x00,0x00,0x00,0x4C,0x00,0x00,0x00,0x4C,0x00,0x00,0x00,0x4C,0x00,0x00,0x00,0x4C,0x00,
    0x00,0x00,0x4C,0x00,0x00,0x51,0x00,0x02,0x30,0xF2,0x00,0x08,0xA0,0xF2,0x00,0x08,0xA0,0xF2,0x00,0x08,0xA0,0xF2,0x00,0x08,
    0xA0,0xF2,0x00,0x08,0xA0,0xF2,0x00,0x08,0xA0,0xE3,0x00,0x08,0x90,0xC6,0x00,0x0B,0x70,0x7D,0x31,0x6E,0x20,0x0B,0xFF,0xF7,
    0x00,0x00,0x34,0x20,0x00,0x32,0x00,0x00,0x32,0x99,0x00,0x00,0xC5,0x5D,0x00,0x01,0xF1,0x1E,0x30,0x05,0xC0,0x0B,0x70,0x09,
    0x90,0x07,0xB0,0x0C,0x50,0x03,0xE0,0x1E,0x10,0x00,0xE4,0x5C,0x00,0x00,0xA8,0x98,0x00,0x00,0x6C,0xD5,0x00,0x00,0x2F,0xF1,
    0x00,0x33,0x00,0x00,0x00,0x00,0x51,0x8A,0x00,0x1D,0x80,0x02,0xF1,0x5D,0x00,0x3F,0xB0,0x05,0xC0,0x2F,0x10,0x6D,0xE0,0x08,
    0xA0,0x0D,0x40,0x98,0xE2,0x0A,0x70,0x0A,0x80,0xB5,0xC6,0x0D,0x40,0x07,0xA0,0xD3,0x99,0x0F,0x10,0x04,0xD1,0xE0,0x6B,0x2D,
    0x00,0x01,0xF5,0xC0,0x3E,0x5A,0x00,0x00,0xCB,0xA0,0x0E,0xA7,0x00,0x00,0x9F,0x70,0x0C,0xF4,0x00,0x34,0x00,0x00,0x51,0x3E,
    0x30,0x06,0xD0,0x0A,0xA0,0x1D,0x50,0x02,0xE3,0x7B,0x00,0x00,0x8B,0xE3,0x00,0x00,0x1E,0xA0,0x00,0x00,0x6E,0xE1,0x00,0x01,
    0xD5,0xC8,0x00,0x07,0xC0,0x4E,0x20,0x1E,0x40,0x0A,0xA0,0x9A,0x00,0x02,0xE4,0x42,0x00,0x01,0x40,0x8A,0x00,0x06,0xB0,0x2E,
    0x20,0x0C,0x60,0x0B,0x70,0x3E,0x10,0x05,0xD0,0x89,0x00,0x00,0xD4,0xD3,0x00,0x00,0x7F,0xC0,0x00,0x00,0x0D,0x30,0x00,0x00,
    0x0D,0x30,0x00,0x00,0x0D,0x30,0x00,0x00,0x0D,0x30,0x00,0x15,0x55,0x55,0x30,0x3D,0xDD,0xDE,0x90,0x00,0x00,0x0C,0x80,0x00,
    0x00,0x8D,0x10,0x00,0x03,0xE4,0x00,0x00,0x0C,0x80,0x00,0x00,0x7C,0x00,0x00,0x03,0xE4,0x00,0x00,0x0C,0x90,0x00,0x00,0x5E,
    0x33,0x33,0x20,0x5F,0xFF,0xFF,0xB0,0xBD,0x80,0xC7,0x30,0xC4,0x00,0xC4,0x00,0xC4,0x00,0xC4,0x00,0xC4,0x00,0xC4,0x00,0xC4,
    0x00,0xC4,0x00,0xC4,0x00,0xC4,0x00,0xCA,0x50,0x8A,0x60,0xA4,0x00,0x97,0x00,0x6A,0x00,0x2D,0x00,0x0D,0x10,0x0B,0x40,0x09,
    0x70,0x06,0xA0,0x03,0xD0,0x00,0xE2,0x00,0xB5,0x00,0x87,0x6D,0xC0,0x25,0xE0,0x01,0xE0,0x01,0xE0,0x01,0xE0,0x01,0xE0,0x01,
    0xE0,0x01,0xE0,0x01,0xE0,0x01,0xE0,0x01,0xE0,0x01,0xE0,0x49,0xE0,0x5A,0x90,0x00,0x12,0x00,0x00,0xAE,0x00,0x00,0xC9,0x50,
    0x05,0xA4,0x90,0x09,0x51,0xD0,0x0D,0x10,0xB4,0x28,0x00,0x56,0x33,0x33,0x33,0x10,0xDD,0xDD,0xDD,0x60,0x62,0xA8,0x3C,0x06,
    0x07,0x88,0x30,0x09,0xAB,0xE2,0x00,0x00,0xC6,0x05,0xAA,0xD7,0x4E,0x87,0xC7,0x8A,0x00,0xB7,0x7C,0x12,0xE7,0x2D,0xEE,0xA7,
    0x01,0x42,0x00,0x51,0x00,0x00,0x00,0xF2,0x00,0x00,0x00,0xF2,0x00,0x00,0x00,0xF4,0xAB,0x60,0x00,0xFC,0x88,0xE5,0x00,0xF7,
    0x00,0x7C,0x00,0xF2,0x00,0x2F,0x00,0xF2,0x00,0x1F,0x10,0xF4,0x00,0x4E,0x00,0xEB,0x11,0xC9,0x00,0xD8,0xEE,0xC1,0x00,0x00,
    0x34,0x00,0x00,0x01,0x8B,0x91,0x00,0x0B,0xD9,0xDB,0x00,0x3E,0x20,0x2E,0x20,0x6B,0x00,0x02,0x10,0x7B,0x00,0x00,0x00,0x5D,
    0x00,0x09,0x30,0x1E,0x81,0x6E,0x10,0x05,0xEF,0xF6,0x00,0x00,0x14,0x20,0x00,0x00,0x00,0x03,0x30,0x00,0x00,0x08,0xA0,0x00,
    0x00,0x08,0xA0,0x01,0x9B,0x88,0xA0,0x0B,0xD7,0xBD,0xA0,0x3E,0x20,0x0C,0xA0,0x6B,0x00,0x08,0xA0,0x7B,0x00,0x08,0xA0,0x5D,
    0x00,0x0A,0xA0,0x1E,0x70,0x4E,0xA0,0x05,0xEE,0xE7,0xA0,0x00,0x14,0x10,0x00,0x01,0x9B,0x81,0x00,0x0B,0xB7,0xCA,0x00,0x3E,
    0x10,0x2E,0x20,0x7D,0x88,0x8E,0x40,0x7D,0x88,0x88,0x30,0x5C,0x00,0x03,0x10,0x1E,0x50,0x4E,0x10,0x06,0xEE,0xF6,0x00,0x00,
    0x24,0x20,0x00,0x00,0x34,0x06,0xEC,0x0C,0x50,0x5D,0x87,0x7E,0xBA,0x0D,0x40,0x0D,0x40,0x0D,0x40,0x0D,0x40,0x0D,0x40,0x0D,
    0x40,0x01,0x9B,0x73,0x50,0x0B,0xC7,0xBC,0x80,0x4E,0x10,0x0C,0x80,0x7B,0x00,0x09,0x80,0x7B,0x00,0x09,0x80,0x5E,0x10,0x0C,
    0x80,0x0D,0xB5,0xAE,0x80,0x03,0xCF,0xA9,0x80,0x00,0x00,0x0B,0x60,0x03,0x55,0x9E,0x20,0x05,0xDD,0xB4,0x00,0x51,0x00,0x00,
    0xF2,0x00,0x00,0xF2,0x00,0x00,0xF4,0xBB,0x30,0xFC,0x9D,0xC0,0xF6,0x02,0xF1,0xF2,0x00,0xE2,0xF2,0x00,0xE3,0xF2,0x00,0xE3,
    0xF2,0x00,0xE3,0xF2,0x00,0xE3,0x05,0x00,0x1F,0x40,0x03,0x00,0x58,0x30,0x6E,0x50,0x0B,0x50,0x0B,0x50,0x0B,0x50,0x0B,0x50,
    0x0B,0x50,0x0B,0x50,0x00,0x72,0x00,0xE5,0x00,0x20,0x04,0x84,0x05,0xD7,0x00,0x97,0x00,0x97,0x00,0x97,0x00,0x97,0x00,0x97,
    0x00,0x97,0x00,0x97,0x07,0xD5,0x1D,0xA1,0x51,0x00,0x00,0xF2,0x00,0x00,0xF2,0x00,0x00,0xF2,0x05,0x50,0xF2,0x3D,0x20,0xF2,
    0xB6,0x00,0xF8,0xB0,0x00,0xF9,0xE2,0x00,0xF2,0x8B,0x00,0xF2,0x1D,0x60,0xF2,0x05,0xE2,0x45,0x10,0xAF,0x20,0x0E,0x20,0x0E,
    0x20,0x0E,0x20,0x0E,0x20,0x0E,0x20,0x0E,0x20,0x0E,0x20,0x0E,0x20,0x0E,0x20,0x75,0xB9,0x16,0xB9,0x00,0xDC,0x9E,0xAC,0x9E,
    0x60,0xF5,0x06,0xF2,0x08,0xA0,0xF2,0x03,0xE0,0x06,0xB0,0xF2,0x03,0xE0,0x06,0xB0,0xF2,0x03,0xE0,0x06,0xB0,0xF2,0x03,0xE0,
    0x06,0xB0,0xF2,0x03,0xE0,0x06,0xB0,0x74,0xBA,0x30,0xDC,0x9D,0xC0,0xF6,0x03,0xF1,0xF2,0x00,0xE2,0xF2,0x00,0xE3,0xF2,0x00,
    0xE3,0xF2,0x00,0xE3,0xF2,0x00,0xE3,0x00,0x7B,0xA3,0x00,0x09,0xE9,0xBE,0x20,0x3F,0x30,0x0A,0xA0,0x6C,0x00,0x05,0xD0,0x7B,
    0x00,0x04,0xD0,0x5D,0x00,0x07,0xC0,0x1E,0x91,0x4E,0x70,0x04,0xEF,0xFA,0x00,0x00,0x14,0x30,0x00,0x72,0xAB,0x60,0x00,0xDB,
    0x88,0xE5,0x00,0xE7,0x00,0x7C,0x00,0xF2,0x00,0x2F,0x00,0xF2,0x00,0x1F,0x10,0xF4,0x00,0x4E,0x00,0xFB,0x11,0xC9,0x00,0xF9,
    0xEE,0xC1,0x00,0xF2,0x34,0x00,0x00,0xF2,0x00,0x00,0x00,0xC2,0x00,0x00,0x00,0x01,0x8B,0x83,0x50,0x0B,0xD7,0xBC,0xA0,0x3E,
    0x20,0x0C,0xA0,0x7B,0x00,0x08,0xA0,0x7B,0x00,0x08,0xA0,0x5D,0x00,0x0A,0xA0,0x1E,0x91,0x5E,0xA0,0x05,0xEF,0xDA,0xA0,0x00,
    0x14,0x18,0xA0,0x00,0x00,0x08,0xA0,0x00,0x00,0x07,0x80,0x72,0x73,0xDC,0xC4,0xE8,0x00,0xF3,0x00,0xF2,0x00,0xF2,0x00,0xF2,
    0x00,0xF2,0x00,0x05,0xBB,0x40,0x2E,0x89,0xE1,0x5C,0x00,0x72,0x2E,0x96,0x10,0x05,0xBD,0xD2,0x11,0x00,0xC6,0x7B,0x11,0xD5,
    0x2D,0xEE,0xB0,0x01,0x43,0x00,0x0A,0x30,0x00,0x0D,0x40,0x00,0x7E,0xA8,0x20,0x7E,0xA8,0x20,0x0D,0x40,0x00,0x0D,0x40,0x00,
    0x0D,0x40,0x00,0x0D,0x40,0x00,0x0B,0x83,0x10,0x05,0xEF,0x30,0x00,0x13,0x10,0x18,0x00,0x28,0x2F,0x00,0x4D,0x2F,0x00,0x4D,
    0x2F,0x00,0x4D,0x2F,0x00,0x4D,0x2F,0x10,0x5D,0x0E,0x71,0xAD,0x07,0xFF,0x8D,0x00,0x34,0x00,0x64,0x00,0x36,0x8B,0x00,0x89,
    0x4E,0x00,0xC6,0x0E,0x40,0xE2,0x0A,0x84,0xD0,0x06,0xC7,0xA0,0x02,0xFB,0x60,0x00,0xDF,0x30,0x64,0x01,0x52,0x02,0x70,0x89,
    0x04,0xF8,0x05,0xB0,0x5C,0x07,0xBB,0x08,0x80,0x1E,0x19,0x6D,0x0A,0x50,0x0D,0x4C,0x3D,0x2C,0x20,0x09,0x7D,0x0A,0x5D,0x00,
    0x06,0xBD,0x08,0xAB,0x00,0x03,0xFA,0x05,0xF9,0x00,0x46,0x00,0x64,0x2E,0x31,0xE2,0x09,0xA7,0x90,0x02,0xED,0x20,0x00,0xDE,
    0x20,0x06,0xC9,0x90,0x1D,0x42,0xE3,0x7B,0x00,0x8B,0x64,0x00,0x46,0x89,0x00,0xA8,0x4D,0x00,0xD4,0x0E,0x32,0xE0,0x0A,0x75,
    0xB0,0x06,0xB8,0x80,0x02,0xEC,0x50,0x00,0xBF,0x10,0x00,0x3C,0x00,0x37,0xC8,0x00,0x6D,0xA1,0x00,0x48,0x88,0x70,0x5A,0xAC,
    0xC0,0x00,0x0B,0x70,0x00,0x6C,0x00,0x02,0xE3,0x00,0x0B,0x80,0x00,0x5D,0x33,0x20,0x6F,0xFF,0xE0,0x01,0xA9,0x07,0xC3,0x0A,
    0x70,0x0A,0x70,0x0A,0x70,0x0A,0x60,0x5C,0x20,0x4E,0x30,0x0A,0x60,0x0A,0x70,0x0A,0x70,0x09,0x70,0x05,0xD5,0x00,0x76,0x23,
    0x79,0x79,0x79,0x79,0x79,0x79,0x79,0x79,0x79,0x79,0x79,0x79,0x57,0x7B,0x20,0x3A,0x90,0x04,0xC0,0x04,0xC0,0x04,0xC0,0x03,
    0xC0,0x00,0xB7,0x01,0xD5,0x04,0xC0,0x04,0xC0,0x04,0xC0,0x05,0xB0,0x5D,0x80,0x58,0x10,0x29,0x60,0x31,0x98,0xD9,0xD1,0x40,
    0x19,0x50,0x82,0xF4,0x51,0x61,0xE2,0xE2,0xE2,0xE2,0xE2,0xE2,0xB2,0x00,0x04,0x00,0x00,0x00,0x0D,0x00,0x00,0x02,0xBF,0xB3,
    0x00,0x0D,0xA5,0xAD,0x00,0x5D,0x00,0x0B,0x20,0x7A,0x00,0x00,0x00,0x7B,0x00,0x02,0x10,0x3E,0x20,0x2E,0x30,0x09,0xEA,0xEA,
    0x00,0x00,0x6E,0x60,0x00,0x00,0x0D,0x00,0x00,0x00,0x15,0x65,0x00,0x01,0xCD,0xCD,0x00,0x07,0xC0,0x00,0x00,0x09,0x70,0x00,
    0x00,0x0A,0x60,0x00,0x00,0x3C,0xA7,0x71,0x00,0x4D,0xB8,0x81,0x00,0x0A,0x60,0x00,0x00,0x0A,0x60,0x03,0x40,0x1B,0x73,0x38,
    0x80,0x8F,0xFF,0xFF,0x80,0x59,0x26,0x44,0xA0,0x2D,0xEC,0xEE,0x50,0x0A,0x80,0x3E,0x10,0x0C,0x30,0x0D,0x30,0x0C,0x40,0x0D,
    0x30,0x0A,0xB3,0x8E,0x10,0x4E,0xBF,0xDC,0x90,0x35,0x00,0x02,0x60,0x32,0x00,0x02,0x30,0x8B,0x00,0x0B,0x60,0x2E,0x20,0x2E,
    0x10,0x0A,0x80,0x8A,0x00,0x04,0xD0,0xD4,0x00,0x25,0xE9,0xE5,0x20,0x4A,0xAF,0xAA,0x50,0x13,0x3E,0x33,0x10,0x5C,0xCF,0xCC,
    0x50,0x00,0x0E,0x00,0x00,0x00,0x0E,0x00,0x00,0x23,0x79,0x79,0x79,0x79,0x79,0x11,0x00,0x34,0x79,0x79,0x79,0x79,0x67,0x05,
    0xEE,0x90,0x0D,0x64,0xE3,0x0E,0x30,0x21,0x09,0xE8,0x20,0x1D,0xAC,0xE5,0x6C,0x00,0x8C,0x6D,0x10,0x5C,0x1B,0xD8,0xD6,0x00,
    0x5C,0xE2,0x23,0x00,0xC6,0x3E,0x32,0xD5,0x09,0xFF,0xA0,0x00,0x12,0x00,0x93,0x74,0xE5,0xC7,0x00,0x38,0x83,0x00,0x05,0xC6,
    0x6C,0x50,0x1C,0x18,0x92,0xC1,0x57,0x89,0x89,0x85,0x75,0xB1,0x03,0x57,0x75,0xB2,0x05,0x57,0x58,0x7A,0x98,0x84,0x0C,0x26,
    0x72,0xC0,0x04,0xC8,0x8C,0x30,0x00,0x16,0x61,0x00,0x14,0x40,0x3C,0xD8,0x01,0x5C,0x5D,0xBD,0xA7,0x3D,0x6E,0xBC,0x02,0x10,
    0x03,0xA0,0xA2,0x0B,0x65,0xB0,0x4D,0x0C,0x40,0x99,0x2E,0x00,0x3E,0x1B,0x60,0x0A,0x84,0xD0,0x02,0x70,0x72,0x5F,0xFF,0xFF,
    0x13,0x33,0x3E,0x00,0x00,0x0D,0x00,0x00,0x0A,0x00,0x48,0x61,0x00,0x06,0xB5,0x7B,0x10,0x1B,0x6C,0x75,0x80,0x56,0x74,0xB1,
    0xB0,0x74,0x7B,0xB0,0xA0,0x56,0x77,0x90,0xB0,0x1B,0x42,0x66,0x80,0x06,0xB5,0x7B,0x10,0x00,0x48,0x61,0x00,0x55,0x50,0xCC,
    0xC0,0x03,0x30,0x5D,0xC5,0xA3,0x3B,0xA4,0x3A,0x4D,0xD4,0x01,0x10,0x00,0x01,0x00,0x00,0x1C,0x00,0x00,0x1C,0x00,0x28,0x8E,
    0x88,0x2A,0xAE,0xA9,0x00,0x1C,0x00,0x00,0x1C,0x00,0x00,0x03,0x00,0x3F,0xFF,0xFD,0x13,0x33,0x32,0x19,0xA2,0x7B,0x9A,0x32,
    0x5A,0x07,0xD4,0x7B,0x20,0x8E,0xEB,0x12,0x21,0x59,0x96,0x47,0xD7,0x09,0xA0,0x07,0xA8,0x63,0x3B,0x6D,0xD8,0x04,0x40,0x16,
    0x6A,0xB5,0x60,0x18,0x00,0x28,0x00,0x2F,0x00,0x4D,0x00,0x2F,0x00,0x4D,0x00,0x2F,0x00,0x4D,0x00,0x2F,0x00,0x4D,0x00,0x2F,
    0x10,0x5D,0x00,0x2F,0x71,0xAE,0x30,0x2F,0xFF,0x8B,0xE0,0x2E,0x34,0x00,0x00,0x2F,0x00,0x00,0x00,0x2C,0x00,0x00,0x00,0x03,
    0x54,0x24,0x7F,0xFD,0x5D,0xDF,0xFD,0x5D,0xDF,0xFD,0x5D,0x9F,0xFD,0x5D,0x05,0x8D,0x5D,0x00,0x3D,0x5D,0x00,0x3D,0x5D,0x00,
    0x3D,0x5D,0x00,0x3D,0x5D,0x00,0x3D,0x5D,0x3B,0x4F,0x01,0x02,0x00,0x0B,0x10,0x09,0xA0,0x4A,0x90,0x36,0x10,0x57,0x10,0x7E,
    0x20,0x0C,0x20,0x0C,0x20,0x0C,0x20,0x0C,0x20,0x03,0x10,0x01,0x41,0x00,0x2D,0xED,0x10,0x7B,0x0A,0x70,0x97,0x07,0x90,0x8A,
    0x09,0x70,0x2D,0xCD,0x10,0x01,0x41,0x00,0x3B,0x0A,0x40,0x0B,0x76,0xC0,0x04,0xD1,0xD5,0x01,0xE2,0x98,0x07,0xB2,0xE2,0x1D,
    0x38,0x80,0x26,0x06,0x10,0x23,0x10,0x04,0x50,0x00,0x9F,0x40,0x0B,0x40,0x00,0x0B,0x40,0x3C,0x00,0x00,0x0B,0x40,0x96,0x00,
    0x00,0x0B,0x41,0xD1,0x54,0x00,0x0B,0x47,0x90,0xD4,0x00,0x06,0x2C,0x27,0xAA,0x40,0x00,0x4B,0x0D,0x3A,0x40,0x00,0xA5,0x1D,
    0xDE,0xB0,0x01,0xC0,0x00,0x09,0x40,0x02,0x40,0x00,0x00,0x00,0x23,0x10,0x04,0x50,0x00,0x9F,0x40,0x0B,0x40,0x00,0x0B,0x40,
    0x3C,0x00,0x00,0x0B,0x40,0x96,0x00,0x00,0x0B,0x41,0xD1,0x8C,0x50,0x0B,0x47,0x94,0xC5,0xD0,0x06,0x2C,0x21,0x22,0xD0,0x00,
    0x4B,0x00,0x7D,0x50,0x00,0xA5,0x03,0xD3,0x10,0x01,0xC0,0x04,0xEE,0xE0,0x02,0x40,0x00,0x00,0x00,0x25,0x53,0x00,0x26,0x00,
    0x6C,0xE9,0x00,0x96,0x00,0x05,0xA1,0x01,0xD1,0x00,0x0B,0xD6,0x07,0x90,0x00,0x31,0x4B,0x0C,0x23,0x50,0x8B,0xAA,0x4B,0x0B,
    0x61,0x18,0x92,0xB5,0x4C,0x86,0x00,0x02,0xD0,0xC6,0x87,0x00,0x08,0x70,0xBD,0xED,0x00,0x1D,0x10,0x00,0x76,0x00,0x25,0x00,
    0x00,0x00,0x00,0x38,0x00,0x00,0x5E,0x00,0x00,0x25,0x00,0x00,0x27,0x00,0x00,0x3D,0x00,0x06,0xDD,0x00,0x3E,0x63,0x00,0x7A,
    0x00,0x11,0x7A,0x00,0x8A,0x3E,0x54,0xE5,0x07,0xEE,0x90,0x00,0x42,0x00,0x00,0x00,0x8B,0x00,0x00,0x00,0x0C,0x50,0x00,0x00,
    0x04,0x50,0x00,0x00,0x1F,0xF4,0x00,0x00,0x6B,0x99,0x00,0x00,0x98,0x5D,0x00,0x00,0xD3,0x1E,0x20,0x02,0xE0,0x0B,0x70,0x07,
    0xC5,0x5A,0xA0,0x0B,0xFF,0xFF,0xE0,0x1E,0x30,0x00,0xD4,0x5D,0x00,0x00,0x98,0x99,0x00,0x00,0x5C,0x00,0x00,0x15,0x00,0x00,
    0x00,0xA9,0x00,0x00,0x05,0xC1,0x00,0x00,0x04,0x50,0x00,0x00,0x1F,0xF4,0x00,0x00,0x6B,0x99,0x00,0x00,0x98,0x5D,0x00,0x00,
    0xD3,0x1E,0x20,0x02,0xE0,0x0B,0x70,0x07,0xC5,0x5A,0xA0,0x0B,0xFF,0xFF,0xE0,0x1E,0x30,0x00,0xD4,0x5D,0x00,0x00,0x98,0x99,
    0x00,0x00,0x5C,0x00,0x03,0x40,0x00,0x00,0x2D,0xC5,0x00,0x00,0xA5,0x3D,0x10,0x00,0x04,0x50,0x00,0x00,0x1F,0xF4,0x00,0x00,
    0x6B,0x99,0x00,0x00,0x98,0x5D,0x00,0x00,0xD3,0x1E,0x20,0x02,0xE0,0x0B,0x70,0x07,0xC5,0x5A,0xA0,0x0B,0xFF,0xFF,0xE0,0x1E,
    0x30,0x00,0xD4,0x5D,0x00,0x00,0x98,0x99,0x00,0x00,0x5C,0x00,0x9E,0x99,0x20,0x00,0x31,0x88,0x00,0x00,0x04,0x50,0x00,0x00,
    0x1F,0xF4,0x00,0x00,0x6B,0x99,0x00,0x00,0x98,0x5D,0x00,0x00,0xD3,0x1E,0x20,0x02,0xE0,0x0B,0x70,0x07,0xC5,0x5A,0xA0,0x0B,
    0xFF,0xFF,0xE0,0x1E,0x30,0x00,0xD4,0x5D,0x00,0x00,0x98,0x99,0x00,0x00,0x5C,0x00,0x11,0x02,0x00,0x00,0xB9,0x7E,0x00,0x00,
    0x65,0x38,0x00,0x00,0x04,0x50,0x00,0x00,0x1F,0xF4,0x00,0x00,0x6B,0x99,0x00,0x00,0x98,0x5D,0x00,0x00,0xD3,0x1E,0x20,0x02,
    0xE0,0x0B,0x70,0x07,0xC5,0x5A,0xA0,0x0B,0xFF,0xFF,0xE0,0x1E,0x30,0x00,0xD4,0x5D,0x00,0x00,0x98,0x99,0x00,0x00,0x5C,0x00,
    0x09,0xA1,0x00,0x00,0x38,0x67,0x00,0x00,0x2C,0xB4,0x00,0x00,0x06,0x70,0x00,0x00,0x1F,0xF4,0x00,0x00,0x6B,0x99,0x00,0x00,
    0x98,0x5D,0x00,0x00,0xD3,0x1E,0x20,0x02,0xE0,0x0B,0x70,0x07,0xC5,0x5A,0xA0,0x0B,0xFF,0xFF,0xE0,0x1E,0x30,0x00,0xD4,0x5D,
    0x00,0x00,0x98,0x99,0x00,0x00,0x5C,0x00,0x04,0x55,0x55,0x54,0x00,0x1E,0xFF,0xFF,0xFD,0x00,0x5D,0x0C,0x60,0x00,0x00,0x98,
    0x0C,0x60,0x00,0x00,0xD3,0x0C,0x60,0x00,0x03,0xD0,0x0C,0xED,0xD9,0x08,0xEC,0xCE,0xA7,0x75,0x0C,0xA8,0x8D,0x60,0x00,0x2E,
    0x10,0x0C,0x60,0x00,0x7B,0x00,0x0C,0x95,0x55,0xB7,0x00,0x0C,0xFF,0xFF,0x00,0x16,0x87,0x10,0x00,0x01,0xCE,0xCE,0xD2,0x00,
    0x0A,0xC1,0x01,0xBB,0x00,0x1F,0x40,0x00,0x3F,0x10,0x5E,0x00,0x00,0x06,0x10,0x6C,0x00,0x00,0x00,0x00,0x6C,0x00,0x00,0x00,
    0x00,0x4E,0x00,0x00,0x08,0x30,0x0E,0x60,0x00,0x3F,0x20,0x07,0xE5,0x13,0xCA,0x00,0x00,0x9F,0xFF,0xB1,0x00,0x00,0x02,0xC5,
    0x00,0x00,0x00,0x00,0x7D,0x10,0x00,0x00,0x03,0x9D,0x10,0x00,0x00,0x02,0x84,0x00,0x00,0x24,0x00,0x00,0x2E,0x40,0x00,0x05,
    0xC0,0x00,0x45,0x55,0x40,0xDF,0xFF,0xD0,0xD5,0x00,0x00,0xD5,0x00,0x00,0xD5,0x00,0x00,0xDE,0xDD,0x80,0xD9,0x77,0x40,0xD5,
    0x00,0x00,0xD5,0x00,0x00,0xD8,0x55,0x40,0xDF,0xFF,0xE0,0x00,0x04,0x20,0x00,0x3D,0x20,0x00,0xB5,0x00,0x45,0x55,0x40,0xDF,
    0xFF,0xD0,0xD5,0x00,0x00,0xD5,0x00,0x00,0xD5,0x00,0x00,0xDE,0xDD,0x80,0xD9,0x77,0x40,0xD5,0x00,0x00,0xD5,0x00,0x00,0xD8,
    0x55,0x40,0xDF,0xFF,0xE0,0x01,0x52,0x00,0x08,0xBB,0x00,0x3C,0x0B,0x60,0x45,0x55,0x40,0xDF,0xFF,0xD0,0xD5,0x00,0x00,0xD5,
    0x00,0x00,0xD5,0x00,0x00,0xDE,0xDD,0x80,0xD9,0x77,0x40,0xD5,0x00,0x00,0xD5,0x00,0x00,0xD8,0x55,0x40,0xDF,0xFF,0xE0,0x02,
    0x02,0x00,0x4F,0x2E,0x60,0x29,0x19,0x30,0x45,0x55,0x40,0xDF,0xFF,0xD0,0xD5,0x00,0x00,0xD5,0x00,0x00,0xD5,0x00,0x00,0xDE,
    0xDD,0x80,0xD9,0x77,0x40,0xD5,0x00,0x00,0xD5,0x00,0x00,0xD8,0x55,0x40,0xDF,0xFF,0xE0,0x24,0x00,0x1D,0x60,0x03,0xD1,0x00,
    0x41,0x00,0xD4,0x00,0xD4,0x00,0xD4,0x00,0xD4,0x00,0xD4,0x00,0xD4,0x00,0xD4,0x00,0xD4,0x00,0xD4,0x00,0xD4,0x03,0x30,0x2E,
    0x30,0xA6,0x00,0x41,0x00,0xD4,0x00,0xD4,0x00,0xD4,0x00,0xD4,0x00,0xD4,0x00,0xD4,0x00,0xD4,0x00,0xD4,0x00,0xD4,0x00,0xD4,
    0x00,0x00,0x42,0x00,0x06,0xBC,0x00,0x2D,0x19,0x80,0x00,0x41,0x00,0x00,0xD4,0x00,0x00,0xD4,0x00,0x00,0xD4,0x00,0x00,0xD4,
    0x00,0x00,0xD4,0x00,0x00,0xD4,0x00,0x00,0xD4,0x00,0x00,0xD4,0x00,0x00,0xD4,0x00,0x00,0xD4,0x00,0x02,0x01,0x10,0x2F,0x4D,
    0x80,0x19,0x27,0x50,0x00,0x41,0x00,0x00,0xD4,0x00,0x00,0xD4,0x00,0x00,0xD4,0x00,0x00,0xD4,0x00,0x00,0xD4,0x00,0x00,0xD4,
    0x00,0x00,0xD4,0x00,0x00,0xD4,0x00,0x00,0xD4,0x00,0x00,0xD4,0x00,0x04,0x55,0x41,0x00,0x00,0x0D,0xFF,0xFE,0x60,0x00,0x0D,
    0x50,0x17,0xE4,0x00,0x0D,0x50,0x00,0x8C,0x00,0x0D,0x50,0x00,0x3F,0x10,0x9E,0xCB,0x30,0x0F,0x30,0x6E,0x97,0x20,0x0F,0x30,
    0x0D,0x50,0x00,0x4E,0x00,0x0D,0x50,0x00,0xBA,0x00,0x0D,0x85,0x5B,0xE2,0x00,0x0D,0xFF,0xEB,0x30,0x00,0x00,0xCE,0x89,0x00,
    0x00,0x43,0x97,0x00,0x44,0x00,0x00,0x41,0xDF,0x40,0x00,0xD3,0xDB,0xB0,0x00,0xD3,0xD5,0xE3,0x00,0xD3,0xD4,0xAA,0x00,0xD3,
    0xD4,0x3E,0x20,0xD3,0xD4,0x0B,0x90,0xD3,0xD4,0x04,0xE1,0xD3,0xD4,0x00,0xC8,0xD3,0xD4,0x00,0x5E,0xE3,0xD4,0x00,0x0D,0xF3,
    0x00,0x24,0x00,0x00,0x00,0x00,0x1D,0x60,0x00,0x00,0x00,0x03,0xD1,0x00,0x00,0x00,0x05,0x87,0x20,0x00,0x01,0xBF,0xCD,0xE5,
    0x00,0x09,0xD2,0x00,0x7E,0x20,0x1E,0x50,0x00,0x0B,0x80,0x5E,0x00,0x00,0x07,0xC0,0x6C,0x00,0x00,0x05,0xD0,0x6C,0x00,0x00,
    0x05,0xD0,0x4E,0x10,0x00,0x08,0xB0,0x0D,0x70,0x00,0x1D,0x60,0x06,0xE6,0x13,0xBD,0x10,0x00,0x7F,0xFF,0xC3,0x00,0x00,0x01,
    0x43,0x00,0x00,0x00,0x00,0x03,0x30,0x00,0x00,0x00,0x1D,0x40,0x00,0x00,0x00,0xA8,0x00,0x00,0x00,0x05,0x87,0x20,0x00,0x01,
    0xBF,0xCD,0xE5,0x00,0x09,0xD2,0x00,0x7E,0x20,0x1E,0x50,0x00,0x0B,0x80,0x5E,0x00,0x00,0x07,0xC0,0x6C,0x00,0x00,0x05,0xD0,
    0x6C,0x00,0x00,0x05,0xD0,0x4E,0x10,0x00,0x08,0xB0,0x0D,0x70,0x00,0x1D,0x60,0x06,0xE6,0x13,0xBD,0x10,0x00,0x7F,0xFF,0xC3,
    0x00,0x00,0x01,0x43,0x00,0x00,0x00,0x00,0x43,0x00,0x00,0x00,0x06,0xBD,0x10,0x00,0x00,0x2D,0x18,0x90,0x00,0x00,0x05,0x87,
    0x20,0x00,0x01,0xBF,0xCD,0xE5,0x00,0x09,0xD2,0x00,0x7E,0x20,0x1E,0x50,0x00,0x0B,0x80,0x5E,0x00,0x00,0x07,0xC0,0x6C,0x00,
    0x00,0x05,0xD0,0x6C,0x00,0x00,0x05,0xD0,0x4E,0x10,0x00,0x08,0xB0,0x0D,0x70,0x00,0x1D,0x60,0x06,0xE6,0x13,0xBD,0x10,0x00,
    0x7F,0xFF,0xC3,0x00,0x00,0x01,0x43,0x00,0x00,0x00,0x1D,0xD8,0x80,0x00,0x00,0x03,0x39,0x60,0x00,0x00,0x05,0x87,0x20,0x00,
    0x01,0xBF,0xCD,0xE5,0x00,0x09,0xD2,0x00,0x7E,0x20,0x1E,0x50,0x00,0x0B,0x80,0x5E,0x00,0x00,0x07,0xC0,0x6C,0x00,0x00,0x05,
    0xD0,0x6C,0x00,0x00,0x05,0xD0,0x4E,0x10,0x00,0x08,0xB0,0x0D,0x70,0x00,0x1D,0x60,0x06,0xE6,0x13,0xBD,0x10,0x00,0x7F,0xFF,
    0xC3,0x00,0x00,0x01,0x43,0x00,0x00,0x00,0x02,0x01,0x10,0x00,0x00,0x2F,0x4B,0xA0,0x00,0x00,0x19,0x27,0x50,0x00,0x00,0x05,
    0x87,0x20,0x00,0x01,0xBF,0xCD,0xE5,0x00,0x09,0xD2,0x00,0x7E,0x20,0x1E,0x50,0x00,0x0B,0x80,0x5E,0x00,0x00,0x07,0xC0,0x6C,
    0x00,0x00,0x05,0xD0,0x6C,0x00,0x00,0x05,0xD0,0x4E,0x10,0x00,0x08,0xB0,0x0D,0x70,0x00,0x1D,0x60,0x06,0xE6,0x13,0xBD,0x10,
    0x00,0x7F,0xFF,0xC3,0x00,0x00,0x01,0x43,0x00,0x00,0x2B,0x10,0x58,0x0B,0xA2,0xD4,0x01,0xDD,0x60,0x00,0x9F,0x30,0x06,0xD7,
    0xD1,0x2D,0x30,0xA9,0x02,0x00,0x12,0x00,0x05,0x87,0x2B,0x30,0x01,0xBF,0xCD,0xFB,0x00,0x09,0xD2,0x01,0xEE,0x20,0x1E,0x50,
    0x07,0xAB,0x80,0x5E,0x00,0x1E,0x37,0xC0,0x6C,0x00,0x99,0x05,0xD0,0x6C,0x03,0xE1,0x05,0xD0,0x4E,0x1A,0x70,0x08,0xB0,0x0D,
    0xAD,0x10,0x1D,0x60,0x06,0xF9,0x13,0xBD,0x10,0x04,0xDF,0xFF,0xC3,0x00,0x08,0x51,0x43,0x00,0x00,0x03,0x30,0x00,0x00,0x05,
    0xD1,0x00,0x00,0x00,0x99,0x00,0x00,0x51,0x00,0x02,0x30,0xF2,0x00,0x08,0xA0,0xF2,0x00,0x08,0xA0,0xF2,0x00,0x08,0xA0,0xF2,
    0x00,0x08,0xA0,0xF2,0x00,0x08,0xA0,0xF2,0x00,0x08,0xA0,0xE3,0x00,0x08,0x90,0xC6,0x00,0x0B,0x70,0x7D,0x31,0x6E,0x20,0x0B,
    0xFF,0xF7,0x00,0x00,0x34,0x20,0x00,0x00,0x00,0x51,0x00,0x00,0x07,0xC0,0x00,0x00,0x2D,0x20,0x00,0x51,0x00,0x02,0x30,0xF2,
    0x00,0x08,0xA0,0xF2,0x00,0x08,0xA0,0xF2,0x00,0x08,0xA0,0xF2,0x00,0x08,0xA0,0xF2,0x00,0x08,0xA0,0xF2,0x00,0x08,0xA0,0xE3,
    0x00,0x08,0x90,0xC6,0x00,0x0B,0x70,0x7D,0x31,0x6E,0x20,0x0B,0xFF,0xF7,0x00,0x00,0x34,0x20,0x00,0x00,0x25,0x00,0x00,0x00,
    0xCB,0x80,0x00,0x07,0x91,0xD3,0x00,0x51,0x00,0x02,0x30,0xF2,0x00,0x08,0xA0,0xF2,0x00,0x08,0xA0,0xF2,0x00,0x08,0xA0,0xF2,
    0x00,0x08,0xA0,0xF2,0x00,0x08,0xA0,0xF2,0x00,0x08,0xA0,0xE3,0x00,0x08,0x90,0xC6,0x00,0x0B,0x70,0x7D,0x31,0x6E,0x20,0x0B,
    0xFF,0xF7,0x00,0x00,0x34,0x20,0x00,0x01,0x10,0x20,0x00,0x08,0xC3,0xF3,0x00,0x04,0x71,0x91,0x00,0x51,0x00,0x02,0x30,0xF2,
    0x00,0x08,0xA0,0xF2,0x00,0x08,0xA0,0xF2,0x00,0x08,0xA0,0xF2,0x00,0x08,0xA0,0xF2,0x00,0x08,0xA0,0xF2,0x00,0x08,0xA0,0xE3,
    0x00,0x08,0x90,0xC6,0x00,0x0B,0x70,0x7D,0x31,0x6E,0x20,0x0B,0xFF,0xF7,0x00,0x00,0x34,0x20,0x00,0x00,0x00,0x42,0x00,0x00,
    0x03,0xD2,0x00,0x00,0x0B,0x50,0x00,0x42,0x00,0x01,0x40,0x8A,0x00,0x06,0xB0,0x2E,0x20,0x0C,0x60,0x0B,0x70,0x3E,0x10,0x05,
    0xD0,0x89,0x00,0x00,0xD4,0xD3,0x00,0x00,0x7F,0xC0,0x00,0x00,0x0D,0x30,0x00,0x00,0x0D,0x30,0x00,0x00,0x0D,0x30,0x00,0x00,
    0x0D,0x30,0x00,0x42,0x00,0x00,0xD5,0x00,0x00,0xDA,0x86,0x10,0xDD,0xCE,0xC0,0xD5,0x02,0xE5,0xD5,0x00,0xB7,0xD5,0x00,0xC7,
    0xD8,0x58,0xF2,0xDF,0xFD,0x50,0xD5,0x00,0x00,0xD5,0x00,0x00,0x00,0x36,0x20,0x00,0x05,0xFC,0xE3,0x00,0x0C,0x70,0xA9,0x00,
    0x4E,0x30,0x8A,0x00,0x8F,0x33,0xD6,0x00,0x0E,0x3D,0xE3,0x00,0x0E,0x30,0x6E,0x10,0x0E,0x30,0x0C,0x60,0x0E,0x30,0x0B,0x70,
    0x0E,0x31,0x4E,0x30,0x0E,0x5F,0xF8,0x00,0x00,0x02,0x10,0x00,0x03,0x50,0x00,0x02,0xE2,0x00,0x00,0xA6,0x00,0x00,0x24,0x00,
    0x07,0x88,0x30,0x09,0xAB,0xE2,0x00,0x00,0xC6,0x05,0xAA,0xD7,0x4E,0x87,0xC7,0x8A,0x00,0xB7,0x7C,0x12,0xE7,0x2D,0xEE,0xA7,
    0x01,0x42,0x00,0x00,0x04,0x40,0x00,0x0C,0x40,0x00,0x2C,0x00,0x00,0x34,0x00,0x07,0x88,0x30,0x09,0xAB,0xE2,0x00,0x00,0xC6,
    0x05,0xAA,0xD7,0x4E,0x87,0xC7,0x8A,0x00,0xB7,0x7C,0x12,0xE7,0x2D,0xEE,0xA7,0x01,0x42,0x00,0x00,0x45,0x00,0x00,0xCC,0x20,
    0x06,0x96,0x80,0x04,0x21,0x50,0x07,0x88,0x30,0x09,0xAB,0xE2,0x00,0x00,0xC6,0x05,0xAA,0xD7,0x4E,0x87,0xC7,0x8A,0x00,0xB7,
    0x7C,0x12,0xE7,0x2D,0xEE,0xA7,0x01,0x42,0x00,0x04,0x93,0x30,0x06,0x8E,0xA0,0x00,0x00,0x00,0x07,0x88,0x30,0x09,0xAB,0xE2,
    0x00,0x00,0xC6,0x05,0xAA,0xD7,0x4E,0x87,0xC7,0x8A,0x00,0xB7,0x7C,0x12,0xE7,0x2D,0xEE,0xA7,0x01,0x42,0x00,0x06,0x64,0x70,
    0x0A,0xA7,0xC0,0x00,0x00,0x00,0x07,0x88,0x30,0x09,0xAB,0xE2,0x00,0x00,0xC6,0x05,0xAA,0xD7,0x4E,0x87,0xC7,0x8A,0x00,0xB7,
    0x7C,0x12,0xE7,0x2D,0xEE,0xA7,0x01,0x42,0x00,0x00,0x68,0x00,0x02,0xA8,0x40,0x02,0xA8,0x40,0x00,0x68,0x00,0x07,0x88,0x30,
    0x09,0xAB,0xE2,0x00,0x00,0xC6,0x05,0xAA,0xD7,0x4E,0x87,0xC7,0x8A,0x00,0xB7,0x7C,0x12,0xE7,0x2D,0xEE,0xA7,0x01,0x42,0x00,
    0x07,0x87,0x22,0xAB,0x70,0x09,0xAB,0xED,0xB9,0xE6,0x00,0x00,0xCC,0x00,0x6C,0x05,0xAA,0xDC,0x88,0x9F,0x4E,0x87,0xCB,0x88,
    0x88,0x8A,0x00,0xB9,0x00,0x14,0x7C,0x12,0xCE,0x41,0x9B,0x2D,0xEE,0x58,0xFF,0xE3,0x01,0x42,0x00,0x34,0x10,0x01,0x8B,0x91,
    0x00,0x0B,0xD9,0xDB,0x00,0x3E,0x20,0x2E,0x20,0x6B,0x00,0x02,0x10,0x7B,0x00,0x00,0x00,0x5D,0x00,0x09,0x30,0x1E,0x81,0x6E,
    0x10,0x05,0xEF,0xF6,0x00,0x00,0x1C,0x30,0x00,0x00,0x08,0xB0,0x00,0x00,0x39,0xB0,0x00,0x00,0x26,0x20,0x00,0x00,0x62,0x00,
    0x00,0x00,0xB7,0x00,0x00,0x00,0x4B,0x00,0x00,0x00,0x06,0x00,0x00,0x01,0x9B,0x81,0x00,0x0B,0xB7,0xCA,0x00,0x3E,0x10,0x2E,
    0x20,0x7D,0x88,0x8E,0x40,0x7D,0x88,0x88,0x30,0x5C,0x00,0x03,0x10,0x1E,0x50,0x4E,0x10,0x06,0xEE,0xF6,0x00,0x00,0x24,0x20,
    0x00,0x00,0x02,0x60,0x00,0x00,0x07,0x90,0x00,0x00,0x0C,0x30,0x00,0x00,0x05,0x00,0x00,0x01,0x9B,0x81,0x00,0x0B,0xB7,0xCA,
    0x00,0x3E,0x10,0x2E,0x20,0x7D,0x88,0x8E,0x40,0x7D,0x88,0x88,0x30,0x5C,0x00,0x03,0x10,0x1E,0x50,0x4E,0x10,0x06,0xEE,0xF6,
    0x00,0x00,0x24,0x20,0x00,0x00,0x27,0x10,0x00,0x00,0x8B,0x70,0x00,0x01,0xD2,0xC0,0x00,0x02,0x40,0x51,0x00,0x01,0x9B,0x81,
    0x00,0x0B,0xB7,0xCA,0x00,0x3E,0x10,0x2E,0x20,0x7D,0x88,0x8E,0x40,0x7D,0x88,0x88,0x30,0x5C,0x00,0x03,0x10,0x1E,0x50,0x4E,
    0x10,0x06,0xEE,0xF6,0x00,0x00,0x24,0x20,0x00,0x02,0x91,0x91,0x00,0x04,0xE3,0xE3,0x00,0x00,0x00,0x00,0x00,0x01,0x9B,0x81,
    0x00,0x0B,0xB7,0xCA,0x00,0x3E,0x10,0x2E,0x20,0x7D,0x88,0x8E,0x40,0x7D,0x88,0x88,0x30,0x5C,0x00,0x03,0x10,0x1E,0x50,0x4E,
    0x10,0x06,0xEE,0xF6,0x00,0x00,0x24,0x20,0x00,0x61,0x00,0xB7,0x00,0x4B,0x00,0x06,0x00,0x58,0x30,0x6E,0x50,0x0B,0x50,0x0B,
    0x50,0x0B,0x50,0x0B,0x50,0x0B,0x50,0x0B,0x50,0x02,0x60,0x07,0x90,0x0C,0x30,0x05,0x00,0x58,0x30,0x6E,0x50,0x0B,0x50,0x0B,
    0x50,0x0B,0x50,0x0B,0x50,0x0B,0x50,0x0B,0x50,0x02,0x71,0x00,0x08,0xB7,0x00,0x1D,0x2C,0x00,0x24,0x05,0x10,0x05,0x83,0x00,
    0x06,0xE5,0x00,0x00,0xB5,0x00,0x00,0xB5,0x00,0x00,0xB5,0x00,0x00,0xB5,0x00,0x00,0xB5,0x00,0x00,0xB5,0x00,0x29,0x19,0x10,
    0x4E,0x3E,0x30,0x00,0x00,0x00,0x05,0x83,0x00,0x06,0xE5,0x00,0x00,0xB5,0x00,0x00,0xB5,0x00,0x00,0xB5,0x00,0x00,0xB5,0x00,
    0x00,0xB5,0x00,0x00,0xB5,0x00,0x00,0x34,0x13,0x50,0x00,0xDE,0xEC,0x20,0x00,0x02,0xCD,0x10,0x00,0x26,0x3A,0x50,0x06,0xFE,
    0xEA,0x80,0x2E,0x50,0x3E,0x90,0x6C,0x00,0x0A,0x90,0x7B,0x00,0x08,0x90,0x6C,0x00,0x0A,0x70,0x2E,0x71,0x5E,0x20,0x06,0xEF,
    0xF7,0x00,0x00,0x24,0x20,0x00,0x08,0x72,0x20,0x19,0xBE,0x40,0x00,0x00,0x00,0x74,0xBA,0x30,0xDC,0x9D,0xC0,0xF6,0x03,0xF1,
    0xF2,0x00,0xE2,0xF2,0x00,0xE3,0xF2,0x00,0xE3,0xF2,0x00,0xE3,0xF2,0x00,0xE3,0x00,0x53,0x00,0x00,0x00,0x7A,0x00,0x00,0x00,
    0x1D,0x10,0x00,0x00,0x05,0x20,0x00,0x00,0x7B,0xA3,0x00,0x09,0xE9,0xBE,0x20,0x3F,0x30,0x0A,0xA0,0x6C,0x00,0x05,0xD0,0x7B,
    0x00,0x04,0xD0,0x5D,0x00,0x07,0xC0,0x1E,0x91,0x4E,0x70,0x04,0xEF,0xFA,0x00,0x00,0x14,0x30,0x00,0x00,0x00,0x61,0x00,0x00,
    0x03,0xD0,0x00,0x00,0x08,0x70,0x00,0x00,0x05,0x10,0x00,0x00,0x7B,0xA3,0x00,0x09,0xE9,0xBE,0x20,0x3F,0x30,0x0A,0xA0,0x6C,
    0x00,0x05,0xD0,0x7B,0x00,0x04,0xD0,0x5D,0x00,0x07,0xC0,0x1E,0x91,0x4E,0x70,0x04,0xEF,0xFA,0x00,0x00,0x14,0x30,0x00,0x00,
    0x06,0x30,0x00,0x00,0x4B,0xB0,0x00,0x00,0xB3,0xB3,0x00,0x00,0x50,0x33,0x00,0x00,0x7B,0xA3,0x00,0x09,0xE9,0xBE,0x20,0x3F,
    0x30,0x0A,0xA0,0x6C,0x00,0x05,0xD0,0x7B,0x00,0x04,0xD0,0x5D,0x00,0x07,0xC0,0x1E,0x91,0x4E,0x70,0x04,0xEF,0xFA,0x00,0x00,
    0x14,0x30,0x00,0x00,0x78,0x12,0x00,0x00,0x8A,0xE5,0x00,0x00,0x00,0x00,0x00,0x00,0x7B,0xA3,0x00,0x09,0xE9,0xBE,0x20,0x3F,
    0x30,0x0A,0xA0,0x6C,0x00,0x05,0xD0,0x7B,0x00,0x04,0xD0,0x5D,0x00,0x07,0xC0,0x1E,0x91,0x4E,0x70,0x04,0xEF,0xFA,0x00,0x00,
    0x14,0x30,0x00,0x00,0x92,0x84,0x00,0x00,0xE4,0xC7,0x00,0x00,0x00,0x00,0x00,0x00,0x7B,0xA3,0x00,0x09,0xE9,0xBE,0x20,0x3F,
    0x30,0x0A,0xA0,0x6C,0x00,0x05,0xD0,0x7B,0x00,0x04,0xD0,0x5D,0x00,0x07,0xC0,0x1E,0x91,0x4E,0x70,0x04,0xEF,0xFA,0x00,0x00,
    0x14,0x30,0x00,0x00,0x25,0x00,0x00,0x5C,0x00,0x00,0x24,0x00,0x27,0x77,0x75,0x4C,0xCC,0xC9,0x00,0x00,0x00,0x00,0x5B,0x00,
    0x00,0x4A,0x00,0x00,0x00,0x02,0x30,0x00,0x7B,0xAC,0x40,0x09,0xE9,0xCE,0x30,0x3F,0x30,0xCB,0xA0,0x6C,0x06,0x95,0xD0,0x7B,
    0x0C,0x14,0xD0,0x5D,0x68,0x07,0xC0,0x1D,0xE2,0x4E,0x70,0x09,0xEF,0xFA,0x00,0x1A,0x14,0x30,0x00,0x00,0x61,0x00,0x00,0xB6,
    0x00,0x00,0x5A,0x00,0x00,0x06,0x00,0x18,0x00,0x28,0x2F,0x00,0x4D,0x2F,0x00,0x4D,0x2F,0x00,0x4D,0x2F,0x00,0x4D,0x2F,0x10,
    0x5D,0x0E,0x71,0xAD,0x07,0xFF,0x8D,0x00,0x34,0x00,0x00,0x02,0x60,0x00,0x08,0x80,0x00,0x0C,0x20,0x00,0x05,0x00,0x18,0x00,
    0x28,0x2F,0x00,0x4D,0x2F,0x00,0x4D,0x2F,0x00,0x4D,0x2F,0x00,0x4D,0x2F,0x10,0x5D,0x0E,0x71,0xAD,0x07,0xFF,0x8D,0x00,0x34,
    0x00,0x00,0x26,0x00,0x00,0x9B,0x60,0x01,0xC2,0xC0,0x02,0x40,0x51,0x18,0x00,0x28,0x2F,0x00,0x4D,0x2F,0x00,0x4D,0x2F,0x00,
    0x4D,0x2F,0x00,0x4D,0x2F,0x10,0x5D,0x0E,0x71,0xAD,0x07,0xFF,0x8D,0x00,0x34,0x00,0x03,0x91,0x91,0x05,0xE3,0xE2,0x00,0x00,
    0x00,0x18,0x00,0x28,0x2F,0x00,0x4D,0x2F,0x00,0x4D,0x2F,0x00,0x4D,0x2F,0x00,0x4D,0x2F,0x10,0x5D,0x0E,0x71,0xAD,0x07,0xFF,
    0x8D,0x00,0x34,0x00,0x00,0x04,0x30,0x00,0x0D,0x30,0x00,0x4B,0x00,0x00,0x33,0x00,0x64,0x00,0x46,0x89,0x00,0xA8,0x4D,0x00,
    0xD4,0x0E,0x32,0xE0,0x0A,0x75,0xB0,0x06,0xB8,0x80,0x02,0xEC,0x50,0x00,0xBF,0x10,0x00,0x3C,0x00,0x37,0xC8,0x00,0x6D,0xA1,
    0x00,0x51,0x00,0x00,0x00,0xF2,0x00,0x00,0x00,0xF2,0x00,0x00,0x00,0xF3,0xAB,0x60,0x00,0xFC,0x88,0xE6,0x00,0xF7,0x00,0x7C,
    0x00,0xF2,0x00,0x2F,0x00,0xF2,0x00,0x1F,0x10,0xF4,0x00,0x4E,0x00,0xFB,0x11,0xCA,0x00,0xF9,0xEE,0xD2,0x00,0xF2,0x34,0x00,
    0x00,0xF2,0x00,0x00,0x00,0xC2,0x00,0x00,0x00,0x07,0x55,0x60,0x0B,0x98,0xA0,0x00,0x00,0x00,0x64,0x00,0x46,0x89,0x00,0xA8,
    0x4D,0x00,0xD4,0x0E,0x32,0xE0,0x0A,0x75,0xB0,0x06,0xB8,0x80,0x02,0xEC,0x50,0x00,0xBF,0x10,0x00,0x3C,0x00,0x37,0xC8,0x00,
    0x6D,0xA1,0x00,0x00,0x7A,0xAA,0x00,0x00,0x57,0x76,0x00,0x00,0x04,0x50,0x00,0x00,0x1F,0xF4,0x00,0x00,0x6B,0x99,0x00,0x00,
    0x98,0x5D,0x00,0x00,0xD3,0x1E,0x20,0x02,0xE0,0x0B,0x70,0x07,0xC5,0x5A,0xA0,0x0B,0xFF,0xFF,0xE0,0x1E,0x30,0x00,0xD4,0x5D,
    0x00,0x00,0x98,0x99,0x00,0x00,0x5C,0x02,0x55,0x30,0x06,0xCC,0x70,0x00,0x00,0x00,0x07,0x88,0x30,0x09,0xAB,0xE2,0x00,0x00,
    0xC6,0x05,0xAA,0xD7,0x4E,0x87,0xC7,0x8A,0x00,0xB7,0x7C,0x12,0xE7,0x2D,0xEE,0xA7,0x01,0x42,0x00,0x00,0x50,0x05,0x00,0x00,
    0x94,0x2C,0x00,0x00,0x3D,0xD5,0x00,0x00,0x04,0x50,0x00,0x00,0x1F,0xF4,0x00,0x00,0x6B,0x99,0x00,0x00,0x98,0x5D,0x00,0x00,
    0xD3,0x1E,0x20,0x02,0xE0,0x0B,0x70,0x07,0xC5,0x5A,0xA0,0x0B,0xFF,0xFF,0xE0,0x1E,0x30,0x00,0xD4,0x5D,0x00,0x00,0x98,0x99,
    0x00,0x00,0x5C,0x04,0x10,0x40,0x09,0x51,0xB0,0x05,0xCA,0x70,0x00,0x67,0x00,0x07,0x88,0x30,0x09,0xAB,0xE2,0x00,0x00,0xC6,
    0x05,0xAA,0xD7,0x4E,0x87,0xC7,0x8A,0x00,0xB7,0x7C,0x12,0xE7,0x2D,0xEE,0xA7,0x01,0x42,0x00,0x00,0x04,0x50,0x00,0x00,0x1F,
    0xF4,0x00,0x00,0x6B,0x99,0x00,0x00,0x98,0x5D,0x00,0x00,0xD3,0x1E,0x20,0x02,0xE0,0x0B,0x70,0x07,0xC5,0x5A,0xA0,0x0B,0xFF,
    0xFF,0xE0,0x1E,0x30,0x00,0xD4,0x5D,0x00,0x00,0x98,0x99,0x00,0x00,0x5C,0x00,0x00,0x00,0x96,0x00,0x00,0x00,0xB0,0x00,0x00,
    0x00,0xC7,0x00,0x00,0x00,0x5A,0x07,0x88,0x30,0x09,0xAB,0xE2,0x00,0x00,0xC6,0x05,0xAA,0xD7,0x4E,0x87,0xC7,0x8A,0x00,0xB7,
    0x7C,0x12,0xE7,0x2D,0xEE,0xA7,0x01,0x43,0xB2,0x00,0x06,0x70,0x00,0x05,0xD6,0x00,0x00,0x53,0x00,0x00,0x04,0x20,0x00,0x00,
    0x00,0x3E,0x20,0x00,0x00,0x00,0xC5,0x00,0x00,0x00,0x16,0x87,0x10,0x00,0x01,0xCE,0xCE,0xD2,0x00,0x0A,0xC1,0x01,0xBB,0x00,
    0x1F,0x40,0x00,0x3F,0x10,0x5E,0x00,0x00,0x06,0x10,0x6C,0x00,0x00,0x00,0x00,0x6C,0x00,0x00,0x00,0x00,0x4E,0x00,0x00,0x08,
    0x30,0x0E,0x60,0x00,0x3F,0x20,0x07,0xE5,0x13,0xCA,0x00,0x00,0x9F,0xFF,0xB1,0x00,0x00,0x02,0x43,0x00,0x00,0x00,0x01,0x60,
    0x00,0x00,0x06,0xA0,0x00,0x00,0x0B,0x40,0x00,0x00,0x05,0x00,0x00,0x01,0x8B,0x91,0x00,0x0B,0xD9,0xDB,0x00,0x3E,0x20,0x2E,
    0x20,0x6B,0x00,0x02,0x10,0x7B,0x00,0x00,0x00,0x5D,0x00,0x09,0x30,0x1E,0x81,0x6E,0x10,0x05,0xEF,0xF6,0x00,0x00,0x14,0x20,
    0x00,0x00,0x01,0x52,0x00,0x00,0x00,0x09,0xAB,0x00,0x00,0x00,0x3C,0x0A,0x60,0x00,0x00,0x16,0x87,0x10,0x00,0x01,0xCE,0xCE,
    0xD2,0x00,0x0A,0xC1,0x01,0xBB,0x00,0x1F,0x40,0x00,0x3F,0x10,0x5E,0x00,0x00,0x06,0x10,0x6C,0x00,0x00,0x00,0x00,0x6C,0x00,
    0x00,0x00,0x00,0x4E,0x00,0x00,0x08,0x30,0x0E,0x60,0x00,0x3F,0x20,0x07,0xE5,0x13,0xCA,0x00,0x00,0x9F,0xFF,0xB1,0x00,0x00,
    0x02,0x43,0x00,0x00,0x00,0x17,0x10,0x00,0x00,0x7B,0x80,0x00,0x00,0xC2,0xD1,0x00,0x02,0x40,0x42,0x00,0x01,0x8B,0x91,0x00,
    0x0B,0xD9,0xDB,0x00,0x3E,0x20,0x2E,0x20,0x6B,0x00,0x02,0x10,0x7B,0x00,0x00,0x00,0x5D,0x00,0x09,0x30,0x1E,0x81,0x6E,0x10,
    0x05,0xEF,0xF6,0x00,0x00,0x14,0x20,0x00,0x00,0x00,0x20,0x00,0x00,0x00,0x02,0xF4,0x00,0x00,0x00,0x01,0x92,0x00,0x00,0x00,
    0x16,0x87,0x10,0x00,0x01,0xCE,0xCE,0xD2,0x00,0x0A,0xC1,0x01,0xBB,0x00,0x1F,0x40,0x00,0x3F,0x10,0x5E,0x00,0x00,0x06,0x10,
    0x6C,0x00,0x00,0x00,0x00,0x6C,0x00,0x00,0x00,0x00,0x4E,0x00,0x00,0x08,0x30,0x0E,0x60,0x00,0x3F,0x20,0x07,0xE5,0x13,0xCA,
    0x00,0x00,0x9F,0xFF,0xB1,0x00,0x00,0x02,0x43,0x00,0x00,0x00,0x19,0x10,0x00,0x00,0x2E,0x20,0x00,0x00,0x00,0x00,0x00,0x01,
    0x8B,0x91,0x00,0x0B,0xD9,0xDB,0x00,0x3E,0x20,0x2E,0x20,0x6B,0x00,0x02,0x10,0x7B,0x00,0x00,0x00,0x5D,0x00,0x09,0x30,0x1E,
    0x81,0x6E,0x10,0x05,0xEF,0xF6,0x00,0x00,0x14,0x20,0x00,0x00,0x23,0x03,0x20,0x00,0x00,0x2D,0x1C,0x20,0x00,0x00,0x07,0xD8,
    0x00,0x00,0x00,0x16,0x87,0x10,0x00,0x01,0xCE,0xCE,0xD2,0x00,0x0A,0xC1,0x01,0xBB,0x00,0x1F,0x40,0x00,0x3F,0x10,0x5E,0x00,
    0x00,0x06,0x10,0x6C,0x00,0x00,0x00,0x00,0x6C,0x00,0x00,0x00,0x00,0x4E,0x00,0x00,0x08,0x30,0x0E,0x60,0x00,0x3F,0x20,0x07,
    0xE5,0x13,0xCA,0x00,0x00,0x9F,0xFF,0xB1,0x00,0x00,0x02,0x43,0x00,0x00,0x01,0x50,0x51,0x00,0x00,0xC2,0xC0,0x00,0x00,0x7C,
    0x70,0x00,0x00,0x17,0x10,0x00,0x01,0x8B,0x91,0x00,0x0B,0xD9,0xDB,0x00,0x3E,0x20,0x2E,0x20,0x6B,0x00,0x02,0x10,0x7B,0x00,
    0x00,0x00,0x5D,0x00,0x09,0x30,0x1E,0x81,0x6E,0x10,0x05,0xEF,0xF6,0x00,0x00,0x14,0x20,0x00,0x04,0x10,0x40,0x00,0x08,0x86,
    0xA0,0x00,0x01,0xCD,0x20,0x00,0x45,0x54,0x10,0x00,0xDF,0xFF,0xE6,0x00,0xD5,0x01,0x7E,0x40,0xD5,0x00,0x08,0xC0,0xD5,0x00,
    0x03,0xF1,0xD5,0x00,0x00,0xF3,0xD5,0x00,0x00,0xF3,0xD5,0x00,0x04,0xE0,0xD5,0x00,0x0B,0xA0,0xD8,0x55,0xBE,0x20,0xDF,0xFE,
    0xB3,0x00,0x00,0x00,0x00,0x04,0x20,0x00,0x00,0x03,0x3A,0x40,0x00,0x00,0x08,0x9A,0x30,0x00,0x00,0x08,0x9A,0x30,0x01,0x9B,
    0x88,0x90,0x00,0x0B,0xC7,0xBD,0x90,0x00,0x3E,0x20,0x0C,0x90,0x00,0x6B,0x00,0x08,0x90,0x00,0x7B,0x00,0x08,0x90,0x00,0x5D,
    0x00,0x0A,0x90,0x00,0x1E,0x60,0x4E,0x90,0x00,0x05,0xEE,0xE7,0x90,0x00,0x00,0x24,0x10,0x00,0x00,0x04,0x55,0x41,0x00,0x00,
    0x0D,0xFF,0xFE,0x60,0x00,0x0D,0x50,0x17,0xE4,0x00,0x0D,0x50,0x00,0x8C,0x00,0x0D,0x50,0x00,0x3F,0x10,0x9E,0xCB,0x30,0x0F,
    0x30,0x6E,0x97,0x20,0x0F,0x30,0x0D,0x50,0x00,0x4E,0x00,0x0D,0x50,0x00,0xBA,0x00,0x0D,0x85,0x5B,0xE2,0x00,0x0D,0xFF,0xEB,
    0x30,0x00,0x00,0x00,0x03,0x30,0x00,0x04,0x7B,0xC3,0x00,0x04,0x8C,0xC3,0x01,0x9B,0x88,0xA0,0x0B,0xD7,0xBD,0xA0,0x3E,0x20,
    0x0C,0xA0,0x6B,0x00,0x08,0xA0,0x7B,0x00,0x08,0xA0,0x5D,0x00,0x0A,0xA0,0x1E,0x70,0x4E,0xA0,0x05,0xEE,0xE7,0xA0,0x00,0x14,
    0x10,0x00,0x3A,0xAA,0x40,0x27,0x77,0x30,0x45,0x55,0x40,0xDF,0xFF,0xD0,0xD5,0x00,0x00,0xD5,0x00,0x00,0xD5,0x00,0x00,0xDE,
    0xDD,0x80,0xD9,0x77,0x40,0xD5,0x00,0x00,0xD5,0x00,0x00,0xD8,0x55,0x40,0xDF,0xFF,0xE0,0x00,0x55,0x40,0x00,0x01,0xCC,0xB0,
    0x00,0x00,0x00,0x00,0x00,0x01,0x9B,0x81,0x00,0x0B,0xB7,0xCA,0x00,0x3E,0x10,0x2E,0x20,0x7D,0x88,0x8E,0x40,0x7D,0x88,0x88,
    0x30,0x5C,0x00,0x03,0x10,0x1E,0x50,0x4E,0x10,0x06,0xEE,0xF6,0x00,0x00,0x24,0x20,0x00,0x24,0x03,0x30,0x2B,0x09,0x50,0x09,
    0xEB,0x00,0x45,0x55,0x40,0xDF,0xFF,0xD0,0xD5,0x00,0x00,0xD5,0x00,0x00,0xD5,0x00,0x00,0xDE,0xDD,0x80,0xD9,0x77,0x40,0xD5,
    0x00,0x00,0xD5,0x00,0x00,0xD8,0x55,0x40,0xDF,0xFF,0xE0,0x02,0x30,0x41,0x00,0x03,0xA0,0xB1,0x00,0x00,0xC8,0xC0,0x00,0x00,
    0x38,0x20,0x00,0x01,0x9B,0x81,0x00,0x0B,0xB7,0xCA,0x00,0x3E,0x10,0x2E,0x20,0x7D,0x88,0x8E,0x40,0x7D,0x88,0x88,0x30,0x5C,
    0x00,0x03,0x10,0x1E,0x50,0x4E,0x10,0x06,0xEE,0xF6,0x00,0x00,0x24,0x20,0x00,0x00,0x20,0x00,0x01,0xF3,0x00,0x00,0x91,0x00,
    0x45,0x55,0x40,0xDF,0xFF,0xD0,0xD5,0x00,0x00,0xD5,0x00,0x00,0xD5,0x00,0x00,0xDE,0xDD,0x80,0xD9,0x77,0x40,0xD5,0x00,0x00,
    0xD5,0x00,0x00,0xD8,0x55,0x40,0xDF,0xFF,0xE0,0x00,0x19,0x00,0x00,0x00,0x2E,0x10,0x00,0x00,0x00,0x00,0x00,0x01,0x9B,0x81,
    0x00,0x0B,0xB7,0xCA,0x00,0x3E,0x10,0x2E,0x20,0x7D,0x88,0x8E,0x40,0x7D,0x88,0x88,0x30,0x5C,0x00,0x03,0x10,0x1E,0x50,0x4E,
    0x10,0x06,0xEE,0xF6,0x00,0x00,0x24,0x20,0x00,0x45,0x55,0x40,0xDF,0xFF,0xD0,0xD5,0x00,0x00,0xD5,0x00,0x00,0xD5,0x00,0x00,
    0xDE,0xDD,0x80,0xD9,0x77,0x40,0xD5,0x00,0x00,0xD5,0x00,0x00,0xD8,0x55,0x40,0xDF,0xFF,0xE0,0x00,0x09,0x70,0x00,0x0C,0x00,
    0x00,0x0D,0x71,0x00,0x04,0xA1,0x01,0x9B,0x81,0x00,0x0B,0xB7,0xCA,0x00,0x3E,0x10,0x2E,0x20,0x7D,0x88,0x8E,0x40,0x7D,0x88,
    0x88,0x30,0x5C,0x00,0x03,0x10,0x1E,0x50,0x4E,0x10,0x06,0xEE,0xF7,0x00,0x00,0x27,0x90,0x00,0x00,0x07,0x71,0x00,0x00,0x03,
    0xD7,0x00,0x23,0x03,0x20,0x2D,0x2D,0x20,0x06,0xD7,0x00,0x45,0x55,0x40,0xDF,0xFF,0xD0,0xD5,0x00,0x00,0xD5,0x00,0x00,0xD5,
    0x00,0x00,0xDE,0xDD,0x80,0xD9,0x77,0x40,0xD5,0x00,0x00,0xD5,0x00,0x00,0xD8,0x55,0x40,0xDF,0xFF,0xE0,0x02,0x40,0x50,0x00,
    0x01,0xD2,0xB0,0x00,0x00,0x8C,0x60,0x00,0x00,0x27,0x10,0x00,0x01,0x9B,0x81,0x00,0x0B,0xB7,0xCA,0x00,0x3E,0x10,0x2E,0x20,
    0x7D,0x88,0x8E,0x40,0x7D,0x88,0x88,0x30,0x5C,0x00,0x03,0x10,0x1E,0x50,0x4E,0x10,0x06,0xEE,0xF6,0x00,0x00,0x24,0x20,0x00,
    0x00,0x01,0x52,0x00,0x00,0x00,0x09,0xAB,0x00,0x00,0x00,0x4C,0x0B,0x60,0x00,0x00,0x06,0x86,0x10,0x00,0x01,0xCE,0xCE,0xD2,
    0x00,0x09,0xC1,0x01,0xBA,0x00,0x1F,0x40,0x00,0x2E,0x00,0x5D,0x00,0x00,0x05,0x10,0x6C,0x00,0x00,0x00,0x00,0x6C,0x00,0x9F,
    0xFF,0xB0,0x4E,0x00,0x23,0x3E,0x20,0x0E,0x60,0x00,0x0E,0x10,0x06,0xE5,0x12,0x9D,0x00,0x00,0x8F,0xFF,0xD3,0x00,0x00,0x02,
    0x43,0x00,0x00,0x00,0x06,0x30,0x00,0x00,0x4B,0xB0,0x00,0x00,0xA4,0xB3,0x00,0x00,0x50,0x33,0x00,0x01,0x9B,0x73,0x50,0x0B,
    0xC7,0xBC,0x80,0x4E,0x10,0x0C,0x80,0x7B,0x00,0x09,0x80,0x7B,0x00,0x09,0x80,0x5E,0x10,0x0C,0x80,0x0D,0xB5,0xAE,0x80,0x03,
    0xCF,0xA9,0x80,0x00,0x00,0x0B,0x60,0x03,0x55,0x9E,0x20,0x05,0xDD,0xB4,0x00,0x00,0x23,0x02,0x30,0x00,0x00,0x3B,0x09,0x50,
    0x00,0x00,0x0A,0xEB,0x00,0x00,0x00,0x06,0x86,0x10,0x00,0x01,0xCE,0xCE,0xD2,0x00,0x09,0xC1,0x01,0xBA,0x00,0x1F,0x40,0x00,
    0x2E,0x00,0x5D,0x00,0x00,0x05,0x10,0x6C,0x00,0x00,0x00,0x00,0x6C,0x00,0x9F,0xFF,0xB0,0x4E,0x00,0x23,0x3E,0x20,0x0E,0x60,
    0x00,0x0E,0x10,0x06,0xE5,0x12,0x9D,0x00,0x00,0x8F,0xFF,0xD3,0x00,0x00,0x02,0x43,0x00,0x00,0x00,0x50,0x23,0x00,0x00,0xC0,
    0x76,0x00,0x00,0x99,0xC2,0x00,0x00,0x18,0x50,0x00,0x01,0x9B,0x73,0x50,0x0B,0xC7,0xBC,0x80,0x4E,0x10,0x0C,0x80,0x7B,0x00,
    0x09,0x80,0x7B,0x00,0x09,0x80,0x5E,0x10,0x0C,0x80,0x0D,0xB5,0xAE,0x80,0x03,0xCF,0xA9,0x80,0x00,0x00,0x0B,0x60,0x03,0x55,
    0x9E,0x20,0x05,0xDD,0xB4,0x00,0x00,0x00,0x20,0x00,0x00,0x00,0x03,0xF4,0x00,0x00,0x00,0x01,0x92,0x00,0x00,0x00,0x06,0x86,
    0x10,0x00,0x01,0xCE,0xCE,0xD2,0x00,0x09,0xC1,0x01,0xBA,0x00,0x1F,0x40,0x00,0x2E,0x00,0x5D,0x00,0x00,0x05,0x10,0x6C,0x00,
    0x00,0x00,0x00,0x6C,0x00,0x9F,0xFF,0xB0,0x4E,0x00,0x23,0x3E,0x20,0x0E,0x60,0x00,0x0E,0x10,0x06,0xE5,0x12,0x9D,0x00,0x00,
    0x8F,0xFF,0xD3,0x00,0x00,0x02,0x43,0x00,0x00,0x00,0x08,0x30,0x00,0x00,0x0D,0x50,0x00,0x00,0x00,0x00,0x00,0x01,0x9B,0x73,
    0x50,0x0B,0xC7,0xBC,0x80,0x4E,0x10,0x0C,0x80,0x7B,0x00,0x09,0x80,0x7B,0x00,0x09,0x80,0x5E,0x10,0x0C,0x80,0x0D,0xB5,0xAE,
    0x80,0x03,0xCF,0xA9,0x80,0x00,0x00,0x0B,0x60,0x03,0x55,0x9E,0x20,0x05,0xDD,0xB4,0x00,0x00,0x06,0x86,0x10,0x00,0x01,0xCE,
    0xCE,0xD2,0x00,0x09,0xC1,0x01,0xBA,0x00,0x1F,0x40,0x00,0x2E,0x00,0x5D,0x00,0x00,0x05,0x10,0x6C,0x00,0x00,0x00,0x00,0x6C,
    0x00,0x9F,0xFF,0xB0,0x4E,0x00,0x23,0x3E,0x20,0x0E,0x60,0x00,0x0E,0x10,0x06,0xE5,0x12,0x9D,0x00,0x00,0x8F,0xFF,0xD3,0x00,
    0x00,0x02,0x74,0x00,0x00,0x00,0x00,0xE7,0x00,0x00,0x00,0x00,0x58,0x00,0x00,0x00,0x00,0xB3,0x00,0x00,0x00,0x05,0x50,0x00,
    0x00,0x09,0x00,0x00,0x00,0x0D,0x50,0x00,0x00,0x07,0x30,0x00,0x01,0x9B,0x73,0x50,0x0B,0xC7,0xBC,0x80,0x4E,0x10,0x0C,0x80,
    0x7B,0x00,0x09,0x80,0x7B,0x00,0x09,0x80,0x5E,0x10,0x0C,0x80,0x0D,0xB5,0xAE,0x80,0x03,0xCF,0xA9,0x80,0x00,0x00,0x0B,0x60,
    0x03,0x55,0x9E,0x20,0x05,0xDD,0xB4,0x00,0x04,0x20,0x00,0x23,0x00,0x0D,0x50,0x00,0x7A,0x00,0x9F,0xFF,0xFF,0xFF,0x60,0x2D,
    0x63,0x33,0x8B,0x10,0x0D,0x50,0x00,0x7A,0x00,0x0D,0xDC,0xCC,0xDA,0x00,0x0D,0xA8,0x88,0xBA,0x00,0x0D,0x50,0x00,0x7A,0x00,
    0x0D,0x50,0x00,0x7A,0x00,0x0D,0x50,0x00,0x7A,0x00,0x0D,0x50,0x00,0x7A,0x00,0x05,0x10,0x00,0x00,0x5F,0x87,0x10,0x00,0x6F,
    0x98,0x10,0x00,0x0F,0x4B,0xB3,0x00,0x0F,0xC9,0xDC,0x00,0x0F,0x60,0x2F,0x10,0x0F,0x20,0x0E,0x20,0x0F,0x20,0x0E,0x30,0x0F,
    0x20,0x0E,0x30,0x0F,0x20,0x0E,0x30,0x0F,0x20,0x0E,0x30,0x1D,0xD7,0x80,0x03,0x4A,0x50,0x00,0x41,0x00,0x00,0xD4,0x00,0x00,
    0xD4,0x00,0x00,0xD4,0x00,0x00,0xD4,0x00,0x00,0xD4,0x00,0x00,0xD4,0x00,0x00,0xD4,0x00,0x00,0xD4,0x00,0x00,0xD4,0x00,0x00,
    0xD4,0x00,0x19,0x63,0x10,0x38,0xCE,0x20,0x00,0x00,0x00,0x05,0x83,0x00,0x06,0xE5,0x00,0x00,0xB5,0x00,0x00,0xB5,0x00,0x00,
    0xB5,0x00,0x00,0xB5,0x00,0x00,0xB5,0x00,0x00,0xB5,0x00,0x1A,0xAA,0x60,0x17,0x77,0x40,0x00,0x41,0x00,0x00,0xD4,0x00,0x00,
    0xD4,0x00,0x00,0xD4,0x00,0x00,0xD4,0x00,0x00,0xD4,0x00,0x00,0xD4,0x00,0x00,0xD4,0x00,0x00,0xD4,0x00,0x00,0xD4,0x00,0x00,
    0xD4,0x00,0x05,0x54,0x1C,0xCB,0x00,0x00,0x05,0x83,0x06,0xE5,0x00,0xB5,0x00,0xB5,0x00,0xB5,0x00,0xB5,0x00,0xB5,0x00,0xB5,
    0x15,0x02,0x30,0x0D,0x17,0x70,0x07,0xEC,0x10,0x00,0x41,0x00,0x00,0xD4,0x00,0x00,0xD4,0x00,0x00,0xD4,0x00,0x00,0xD4,0x00,
    0x00,0xD4,0x00,0x00,0xD4,0x00,0x00,0xD4,0x00,0x00,0xD4,0x00,0x00,0xD4,0x00,0x00,0xD4,0x00,0x23,0x04,0x10,0x3A,0x0B,0x10,
    0x0C,0x8C,0x00,0x03,0x82,0x00,0x05,0x83,0x00,0x06,0xE5,0x00,0x00,0xB5,0x00,0x00,0xB5,0x00,0x00,0xB5,0x00,0x00,0xB5,0x00,
    0x00,0xB5,0x00,0x00,0xB5,0x00,0x04,0x10,0x0D,0x40,0x0D,0x40,0x0D,0x40,0x0D,0x40,0x0D,0x40,0x0D,0x40,0x0D,0x40,0x0D,0x40,
    0x0D,0x40,0x0D,0x40,0x4B,0x00,0x94,0x00,0x99,0x30,0x29,0x30,0x05,0x00,0x1F,0x40,0x03,0x00,0x58,0x30,0x6E,0x50,0x0B,0x50,
    0x0B,0x50,0x0B,0x50,0x0B,0x50,0x0B,0x50,0x0B,0x50,0x1B,0x10,0x76,0x00,0x6C,0x50,0x05,0x30,0x10,0xE6,0x83,0x41,0xD4,0xD4,
    0xD4,0xD4,0xD4,0xD4,0xD4,0xD4,0xD4,0xD4,0x58,0x30,0x6E,0x50,0x0B,0x50,0x0B,0x50,0x0B,0x50,0x0B,0x50,0x0B,0x50,0x0B,0x50,
    0x00,0x04,0x20,0x00,0x6B,0xC1,0x01,0xD2,0x88,0x03,0x55,0x55,0x08,0xFF,0xFF,0x00,0x00,0x2F,0x00,0x00,0x2F,0x00,0x00,0x2F,
    0x00,0x00,0x2F,0x00,0x00,0x2F,0x87,0x00,0x2F,0x8A,0x00,0x3E,0x4E,0x41,0xBA,0x09,0xFF,0xD2,0x00,0x34,0x10,0x01,0x71,0x00,
    0x07,0xB8,0x00,0x0C,0x2D,0x10,0x24,0x04,0x20,0x04,0x84,0x00,0x05,0xD7,0x00,0x00,0x97,0x00,0x00,0x97,0x00,0x00,0x97,0x00,
    0x00,0x97,0x00,0x00,0x97,0x00,0x00,0x97,0x00,0x00,0x97,0x00,0x07,0xD5,0x00,0x1D,0xA1,0x00,0x42,0x00,0x33,0x00,0xD5,0x02,
    0xE5,0x00,0xD5,0x0B,0x90,0x00,0xD5,0x6D,0x10,0x00,0xD6,0xD3,0x00,0x00,0xDD,0xD0,0x00,0x00,0xD8,0xD8,0x00,0x00,0xD5,0x4E,
    0x40,0x00,0xD5,0x09,0xD1,0x00,0xD5,0x01,0xC9,0x00,0xD5,0x00,0x3E,0x50,0x00,0x22,0x00,0x00,0x00,0x8D,0x00,0x00,0x00,0x2B,
    0x00,0x00,0x00,0x68,0x00,0x00,0x51,0x00,0x00,0xF2,0x00,0x00,0xF2,0x00,0x00,0xF2,0x05,0x50,0xF2,0x3D,0x20,0xF2,0xB6,0x00,
    0xF8,0xB0,0x00,0xF9,0xE2,0x00,0xF2,0x8B,0x00,0xF2,0x1D,0x60,0xF2,0x05,0xE2,0x00,0x50,0x00,0x00,0xF5,0x00,0x00,0x65,0x00,
    0x01,0xA1,0x00,0x03,0x30,0x00,0x1D,0x40,0x00,0xA8,0x00,0x00,0x42,0x00,0x00,0xD5,0x00,0x00,0xD5,0x00,0x00,0xD5,0x00,0x00,
    0xD5,0x00,0x00,0xD5,0x00,0x00,0xD5,0x00,0x00,0xD5,0x00,0x00,0xD5,0x00,0x00,0xD8,0x55,0x30,0xDF,0xFF,0xB0,0x00,0x51,0x07,
    0xB0,0x2D,0x20,0x45,0x10,0xAF,0x20,0x0E,0x20,0x0E,0x20,0x0E,0x20,0x0E,0x20,0x0E,0x20,0x0E,0x20,0x0E,0x20,0x0E,0x20,0x0E,
    0x20,0x42,0x00,0x00,0xD5,0x00,0x00,0xD5,0x00,0x00,0xD5,0x00,0x00,0xD5,0x00,0x00,0xD5,0x00,0x00,0xD5,0x00,0x00,0xD5,0x00,
    0x00,0xD5,0x00,0x00,0xD8,0x55,0x30,0xDF,0xFF,0xB0,0x00,0x30,0x00,0x04,0xF2,0x00,0x00,0x93,0x00,0x03,0xA0,0x00,0x45,0x10,
    0xAF,0x20,0x0E,0x20,0x0E,0x20,0x0E,0x20,0x0E,0x20,0x0E,0x20,0x0E,0x20,0x0E,0x20,0x0E,0x20,0x0E,0x20,0x05,0x00,0x0F,0x50,
    0x06,0x50,0x0A,0x10,0x00,0x26,0x00,0x42,0x3A,0x00,0xD5,0x3A,0x00,0xD5,0x39,0x00,0xD5,0x00,0x00,0xD5,0x00,0x00,0xD5,0x00,
    0x00,0xD5,0x00,0x00,0xD5,0x00,0x00,0xD5,0x00,0x00,0xD8,0x55,0x30,0xDF,0xFF,0xB0,0x00,0x06,0x45,0x1D,0xAF,0x2C,0x0E,0x2B,
    0x0E,0x20,0x0E,0x20,0x0E,0x20,0x0E,0x20,0x0E,0x20,0x0E,0x20,0x0E,0x20,0x0E,0x20,0x04,0x20,0x00,0x0D,0x50,0x00,0x0D,0x50,
    0x00,0x0D,0x50,0x00,0x0D,0x59,0x30,0x0D,0xEA,0x10,0x6F,0x80,0x00,0x7D,0x50,0x00,0x0D,0x50,0x00,0x0D,0x85,0x53,0x0D,0xFF,
    0xFB,0x45,0x10,0xAF,0x20,0x0E,0x20,0x0E,0x20,0x0E,0x20,0x0E,0xC0,0x6F,0x50,0x8E,0x20,0x0E,0x20,0x0E,0x20,0x0E,0x20,0x00,
    0x00,0x24,0x00,0x00,0x01,0xD6,0x00,0x00,0x08,0x90,0x00,0x44,0x00,0x00,0x41,0xDF,0x40,0x00,0xD3,0xDB,0xB0,0x00,0xD3,0xD5,
    0xE3,0x00,0xD3,0xD4,0xAA,0x00,0xD3,0xD4,0x3E,0x20,0xD3,0xD4,0x0B,0x90,0xD3,0xD4,0x04,0xE1,0xD3,0xD4,0x00,0xC8,0xD3,0xD4,
    0x00,0x5E,0xE3,0xD4,0x00,0x0D,0xF3,0x00,0x16,0x10,0x00,0x5C,0x00,0x00,0xA5,0x00,0x00,0x50,0x00,0x74,0xBA,0x30,0xDC,0x9D,
    0xC0,0xF6,0x03,0xF1,0xF2,0x00,0xE2,0xF2,0x00,0xE3,0xF2,0x00,0xE3,0xF2,0x00,0xE3,0xF2,0x00,0xE3,0x44,0x00,0x00,0x41,0xDF,
    0x40,0x00,0xD3,0xDB,0xB0,0x00,0xD3,0xD5,0xE3,0x00,0xD3,0xD4,0xAA,0x00,0xD3,0xD4,0x3E,0x20,0xD3,0xD4,0x0B,0x90,0xD3,0xD4,
    0x04,0xE1,0xD3,0xD4,0x00,0xC8,0xD3,0xD4,0x00,0x5E,0xE3,0xD4,0x00,0x0D,0xF3,0x00,0x03,0x00,0x00,0x00,0x3F,0x40,0x00,0x00,
    0x08,0x50,0x00,0x00,0x3B,0x10,0x00,0x74,0xBA,0x30,0xDC,0x9D,0xC0,0xF6,0x03,0xF1,0xF2,0x00,0xE2,0xF2,0x00,0xE3,0xF2,0x00,
    0xE3,0xF2,0x00,0xE3,0xF2,0x00,0xE3,0x00,0x50,0x00,0x00,0xF5,0x00,0x00,0x65,0x00,0x01,0xA1,0x00,0x01,0x40,0x14,0x00,0x00,
    0xC4,0x97,0x00,0x00,0x3D,0xC0,0x00,0x44,0x00,0x00,0x41,0xDF,0x40,0x00,0xD3,0xDB,0xB0,0x00,0xD3,0xD5,0xE3,0x00,0xD3,0xD4,
    0xAA,0x00,0xD3,0xD4,0x3E,0x20,0xD3,0xD4,0x0B,0x90,0xD3,0xD4,0x04,0xE1,0xD3,0xD4,0x00,0xC8,0xD3,0xD4,0x00,0x5E,0xE3,0xD4,
    0x00,0x0D,0xF3,0x15,0x04,0x20,0x0C,0x2C,0x00,0x06,0xC9,0x00,0x00,0x62,0x00,0x74,0xBA,0x30,0xDC,0x9D,0xC0,0xF6,0x03,0xF1,
    0xF2,0x00,0xE2,0xF2,0x00,0xE3,0xF2,0x00,0xE3,0xF2,0x00,0xE3,0xF2,0x00,0xE3,0x44,0x00,0x00,0x41,0xDF,0x40,0x00,0xD3,0xDB,
    0xB0,0x00,0xD3,0xD5,0xE3,0x00,0xD3,0xD4,0xAA,0x00,0xD3,0xD4,0x3E,0x20,0xD3,0xD4,0x0B,0x90,0xD3,0xD4,0x04,0xE1,0xD3,0xD4,
    0x00,0xC8,0xD3,0xD4,0x00,0x5E,0xE3,0xD4,0x00,0x0C,0xF3,0x00,0x00,0x00,0xD2,0x00,0x01,0x35,0xE0,0x00,0x05,0xFF,0x70,0x00,
    0x01,0x31,0x00,0x74,0xBA,0x30,0xDC,0x9D,0xC0,0xF6,0x02,0xF1,0xF2,0x00,0xE2,0xF2,0x00,0xE3,0xF2,0x00,0xE3,0xF2,0x00,0xE3,
    0xF2,0x00,0xE3,0x00,0x00,0xF2,0x00,0x6A,0xE0,0x00,0x8B,0x40,0x00,0x1A,0xAA,0x70,0x00,0x00,0x17,0x77,0x40,0x00,0x00,0x05,
    0x87,0x20,0x00,0x01,0xBF,0xCD,0xE5,0x00,0x09,0xD2,0x00,0x7E,0x20,0x1E,0x50,0x00,0x0B,0x80,0x5E,0x00,0x00,0x07,0xC0,0x6C,
    0x00,0x00,0x05,0xD0,0x6C,0x00,0x00,0x05,0xD0,0x4E,0x10,0x00,0x08,0xB0,0x0D,0x70,0x00,0x1D,0x60,0x06,0xE6,0x13,0xBD,0x10,
    0x00,0x7F,0xFF,0xC3,0x00,0x00,0x01,0x43,0x00,0x00,0x00,0x45,0x51,0x00,0x00,0x9C,0xC4,0x00,0x00,0x00,0x00,0x00,0x00,0x7B,
    0xA3,0x00,0x09,0xE9,0xBE,0x20,0x3F,0x30,0x0A,0xA0,0x6C,0x00,0x05,0xD0,0x7B,0x00,0x04,0xD0,0x5D,0x00,0x07,0xC0,0x1E,0x91,
    0x4E,0x70,0x04,0xEF,0xFA,0x00,0x00,0x14,0x30,0x00,0x00,0x14,0x01,0x40,0x00,0x00,0x0C,0x16,0x80,0x00,0x00,0x07,0xEC,0x20,
    0x00,0x00,0x05,0x87,0x20,0x00,0x01,0xBF,0xCD,0xE5,0x00,0x09,0xD2,0x00,0x7E,0x20,0x1E,0x50,0x00,0x0B,0x80,0x5E,0x00,0x00,
    0x07,0xC0,0x6C,0x00,0x00,0x05,0xD0,0x6C,0x00,0x00,0x05,0xD0,0x4E,0x10,0x00,0x08,0xB0,0x0D,0x70,0x00,0x1D,0x60,0x06,0xE6,
    0x13,0xBD,0x10,0x00,0x7F,0xFF,0xC3,0x00,0x00,0x01,0x43,0x00,0x00,0x00,0x50,0x23,0x00,0x00,0xC0,0x76,0x00,0x00,0x99,0xD2,
    0x00,0x00,0x18,0x40,0x00,0x00,0x7B,0xA3,0x00,0x09,0xE9,0xBE,0x20,0x3F,0x30,0x0A,0xA0,0x6C,0x00,0x05,0xD0,0x7B,0x00,0x04,
    0xD0,0x5D,0x00,0x07,0xC0,0x1E,0x91,0x4E,0x70,0x04,0xEF,0xFA,0x00,0x00,0x14,0x30,0x00,0x00,0x00,0x41,0x51,0x00,0x00,0x03,
    0xD5,0xC0,0x00,0x00,0x09,0x6A,0x40,0x00,0x00,0x05,0x87,0x20,0x00,0x01,0xBF,0xCD,0xE5,0x00,0x09,0xD2,0x00,0x7E,0x20,0x1E,
    0x50,0x00,0x0B,0x80,0x5E,0x00,0x00,0x07,0xC0,0x6C,0x00,0x00,0x05,0xD0,0x6C,0x00,0x00,0x05,0xD0,0x4E,0x10,0x00,0x08,0xB0,
    0x0D,0x70,0x00,0x1D,0x60,0x06,0xE6,0x13,0xBD,0x10,0x00,0x7F,0xFF,0xC3,0x00,0x00,0x01,0x43,0x00,0x00,0x00,0x06,0x26,0x00,
    0x00,0x1D,0x6A,0x00,0x00,0x69,0xA5,0x00,0x00,0x42,0x50,0x00,0x00,0x7B,0xA3,0x00,0x09,0xE9,0xBE,0x20,0x3F,0x30,0x0A,0xA0,
    0x6C,0x00,0x05,0xD0,0x7B,0x00,0x04,0xD0,0x5D,0x00,0x07,0xC0,0x1E,0x91,0x4E,0x70,0x04,0xEF,0xFA,0x00,0x00,0x14,0x30,0x00,
    0x00,0x05,0x88,0x55,0x55,0x40,0x01,0xBF,0xCD,0xFF,0xFF,0xD0,0x09,0xE3,0x00,0xC5,0x00,0x00,0x1E,0x50,0x00,0xC5,0x00,0x00,
    0x5E,0x00,0x00,0xC5,0x00,0x00,0x6C,0x00,0x00,0xCE,0xDD,0x90,0x6D,0x00,0x00,0xC9,0x77,0x40,0x4F,0x10,0x00,0xC5,0x00,0x00,
    0x0D,0x80,0x00,0xC5,0x00,0x00,0x06,0xF7,0x12,0xD8,0x55,0x40,0x00,0x7E,0xFF,0xFF,0xFF,0xE0,0x00,0x01,0x44,0x10,0x00,0x00,
    0x00,0x7B,0xA3,0x07,0xB9,0x20,0x0A,0xE9,0xBE,0x8E,0x9C,0xC0,0x3F,0x30,0x0B,0xF3,0x01,0xD5,0x6C,0x00,0x05,0xE8,0x88,0xD7,
    0x7B,0x00,0x04,0xE8,0x88,0x84,0x5D,0x00,0x07,0xE1,0x00,0x32,0x1E,0x91,0x4E,0xD9,0x14,0xE3,0x04,0xEF,0xF9,0x3E,0xFF,0x80,
    0x00,0x14,0x30,0x01,0x42,0x00,0x00,0x03,0x30,0x00,0x00,0x2E,0x40,0x00,0x00,0xA7,0x00,0x00,0x45,0x53,0x00,0x00,0xDF,0xFF,
    0xC2,0x00,0xD5,0x03,0xD8,0x00,0xD5,0x00,0x8B,0x00,0xD5,0x00,0x7B,0x00,0xD5,0x01,0xC9,0x00,0xDE,0xDE,0xD2,0x00,0xD9,0x7E,
    0x60,0x00,0xD5,0x07,0xE1,0x00,0xD5,0x00,0xC9,0x00,0xD5,0x00,0x3F,0x30,0x01,0x60,0x07,0xA0,0x0B,0x40,0x05,0x00,0x72,0x73,
    0xDC,0xC4,0xE8,0x00,0xF3,0x00,0xF2,0x00,0xF2,0x00,0xF2,0x00,0xF2,0x00,0x45,0x53,0x00,0x00,0xDF,0xFF,0xC2,0x00,0xD5,0x03,
    0xD8,0x00,0xD5,0x00,0x8B,0x00,0xD5,0x00,0x7B,0x00,0xD5,0x01,0xC9,0x00,0xDE,0xDE,0xD2,0x00,0xD9,0x7E,0x60,0x00,0xD5,0x07,
    0xE1,0x00,0xD5,0x00,0xC9,0x00,0xD5,0x00,0x3F,0x30,0x00,0x22,0x00,0x00,0x00,0x9C,0x00,0x00,0x00,0x2B,0x00,0x00,0x00,0x77,
    0x00,0x00,0x17,0x28,0x10,0x2C,0xDC,0x20,0x2E,0x60,0x00,0x2F,0x10,0x00,0x2F,0x00,0x00,0x2F,0x00,0x00,0x2F,0x00,0x00,0x2F,
    0x00,0x00,0x05,0x00,0x00,0x3F,0x30,0x00,0x08,0x40,0x00,0x3A,0x10,0x00,0x14,0x02,0x30,0x00,0x1C,0x3B,0x40,0x00,0x04,0xDA,
    0x00,0x00,0x45,0x53,0x00,0x00,0xDF,0xFF,0xC2,0x00,0xD5,0x03,0xD8,0x00,0xD5,0x00,0x8B,0x00,0xD5,0x00,0x7B,0x00,0xD5,0x01,
    0xC9,0x00,0xDE,0xDE,0xD2,0x00,0xD9,0x7E,0x60,0x00,0xD5,0x07,0xE1,0x00,0xD5,0x00,0xC9,0x00,0xD5,0x00,0x3F,0x30,0x15,0x05,
    0x10,0x0D,0x2C,0x00,0x07,0xC7,0x00,0x01,0x71,0x00,0x07,0x27,0x30,0x0D,0xCC,0x40,0x0E,0x80,0x00,0x0F,0x30,0x00,0x0F,0x20,
    0x00,0x0F,0x20,0x00,0x0F,0x20,0x00,0x0F,0x20,0x00,0x00,0x00,0x33,0x00,0x00,0x01,0xD4,0x00,0x00,0x09,0x80,0x00,0x00,0x38,
    0x71,0x00,0x06,0xFC,0xED,0x10,0x0D,0x70,0x1C,0x80,0x1F,0x20,0x06,0x70,0x0E,0x60,0x00,0x00,0x07,0xFD,0xB7,0x00,0x00,0x37,
    0x9E,0x90,0x00,0x00,0x05,0xE0,0x6C,0x00,0x04,0xE0,0x2F,0x71,0x2B,0xA0,0x06,0xEF,0xFC,0x20,0x00,0x14,0x30,0x00,0x00,0x05,
    0x30,0x00,0x0D,0x20,0x00,0x5A,0x00,0x00,0x43,0x00,0x05,0xBB,0x40,0x2E,0x89,0xE1,0x5C,0x00,0x72,0x2E,0x96,0x10,0x05,0xBD,
    0xD2,0x11,0x00,0xC6,0x7B,0x11,0xD5,0x2D,0xEE,0xB0,0x01,0x43,0x00,0x00,0x04,0x30,0x00,0x00,0x5B,0xD1,0x00,0x01,0xD2,0x89,
    0x00,0x00,0x38,0x71,0x00,0x06,0xFC,0xED,0x10,0x0D,0x70,0x1C,0x80,0x1F,0x20,0x06,0x70,0x0E,0x60,0x00,0x00,0x07,0xFD,0xB7,
    0x00,0x00,0x37,0x9E,0x90,0x00,0x00,0x05,0xE0,0x6C,0x00,0x04,0xE0,0x2F,0x71,0x2B,0xA0,0x06,0xEF,0xFC,0x20,0x00,0x14,0x30,
    0x00,0x00,0x54,0x00,0x02,0xCC,0x00,0x08,0x78,0x60,0x05,0x12,0x40,0x05,0xBB,0x40,0x2E,0x89,0xE1,0x5C,0x00,0x72,0x2E,0x96,
    0x10,0x05,0xBD,0xD2,0x11,0x00,0xC6,0x7B,0x11,0xD5,0x2D,0xEE,0xB0,0x01,0x43,0x00,0x00,0x38,0x71,0x00,0x06,0xFC,0xED,0x10,
    0x0D,0x70,0x1C,0x80,0x1F,0x20,0x06,0x70,0x0E,0x60,0x00,0x00,0x07,0xFD,0xB7,0x00,0x00,0x37,0x9E,0x90,0x00,0x00,0x05,0xE0,
    0x6C,0x00,0x04,0xE0,0x2F,0x71,0x2B,0xA0,0x06,0xEF,0xFC,0x20,0x00,0x1B,0x60,0x00,0x00,0x05,0xC3,0x00,0x00,0x09,0xD3,0x00,
    0x00,0x08,0x50,0x00,0x05,0xBB,0x40,0x2E,0x89,0xE1,0x5C,0x00,0x72,0x2E,0x96,0x10,0x05,0xBD,0xD2,0x11,0x00,0xC6,0x7B,0x11,
    0xD5,0x2D,0xEE,0xB0,0x01,0x88,0x00,0x00,0x4C,0x40,0x00,0x7C,0x40,0x00,0x54,0x00,0x01,0x40,0x23,0x00,0x00,0xC4,0xB5,0x00,
    0x00,0x3D,0xB0,0x00,0x00,0x38,0x71,0x00,0x06,0xFC,0xED,0x10,0x0D,0x70,0x1C,0x80,0x1F,0x20,0x06,0x70,0x0E,0x60,0x00,0x00,
    0x07,0xFD,0xB7,0x00,0x00,0x37,0x9E,0x90,0x00,0x00,0x05,0xE0,0x6C,0x00,0x04,0xE0,0x2F,0x71,0x2B,0xA0,0x06,0xEF,0xFC,0x20,
    0x00,0x14,0x30,0x00,0x05,0x12,0x30,0x08,0x79,0x40,0x01,0xCB,0x00,0x00,0x54,0x00,0x05,0xBB,0x40,0x2E,0x89,0xE1,0x5C,0x00,
    0x72,0x2E,0x96,0x10,0x05,0xBD,0xD2,0x11,0x00,0xC6,0x7B,0x11,0xD5,0x2D,0xEE,0xB0,0x01,0x43,0x00,0x35,0x55,0x55,0x20,0xBF,
    0xFF,0xFF,0x50,0x00,0x4C,0x00,0x00,0x00,0x4C,0x00,0x00,0x00,0x4C,0x00,0x00,0x00,0x4C,0x00,0x00,0x00,0x4C,0x00,0x00,0x00,
    0x4C,0x00,0x00,0x00,0x4C,0x00,0x00,0x00,0x4C,0x00,0x00,0x00,0x4C,0x00,0x00,0x00,0x1B,0x10,0x00,0x00,0x09,0xA0,0x00,0x00,
    0x59,0xA0,0x00,0x00,0x48,0x20,0x00,0x0A,0x30,0x00,0x0D,0x40,0x00,0x7E,0xA8,0x20,0x7E,0xA8,0x20,0x0D,0x40,0x00,0x0D,0x40,
    0x00,0x0D,0x40,0x00,0x0D,0x40,0x00,0x0B,0x83,0x10,0x05,0xEF,0x30,0x00,0xA4,0x10,0x00,0x7D,0x00,0x02,0x9C,0x00,0x01,0x62,
    0x00,0x03,0x20,0x41,0x00,0x05,0xB4,0xC0,0x00,0x00,0xAD,0x30,0x00,0x35,0x55,0x55,0x20,0xBF,0xFF,0xFF,0x50,0x00,0x4C,0x00,
    0x00,0x00,0x4C,0x00,0x00,0x00,0x4C,0x00,0x00,0x00,0x4C,0x00,0x00,0x00,0x4C,0x00,0x00,0x00,0x4C,0x00,0x00,0x00,0x4C,0x00,
    0x00,0x00,0x4C,0x00,0x00,0x00,0x4C,0x00,0x00,0x00,0x0D,0x00,0x00,0x0D,0x00,0x0A,0x3C,0x00,0x0D,0x46,0x00,0x7E,0xA8,0x20,
    0x7E,0xA8,0x20,0x0D,0x40,0x00,0x0D,0x40,0x00,0x0D,0x40,0x00,0x0D,0x40,0x00,0x0B,0x83,0x10,0x05,0xEF,0x30,0x00,0x13,0x10,
    0x35,0x55,0x55,0x20,0xBF,0xFF,0xFF,0x50,0x00,0x4C,0x00,0x00,0x00,0x4C,0x00,0x00,0x00,0x4C,0x00,0x00,0x0A,0xBE,0xA6,0x00,
    0x08,0xAE,0x85,0x00,0x00,0x4C,0x00,0x00,0x00,0x4C,0x00,0x00,0x00,0x4C,0x00,0x00,0x00,0x4C,0x00,0x00,0x0A,0x30,0x00,0x0D,
    0x40,0x00,0x7E,0xA8,0x20,0x7E,0xA8,0x20,0x0D,0x40,0x00,0x6E,0x98,0x10,0x6E,0x97,0x10,0x0D,0x40,0x00,0x0B,0x83,0x10,0x05,
    0xEF,0x30,0x00,0x13,0x10,0x06,0xFB,0x85,0x00,0x03,0x17,0x92,0x00,0x51,0x00,0x02,0x30,0xF2,0x00,0x08,0xA0,0xF2,0x00,0x08,
    0xA0,0xF2,0x00,0x08,0xA0,0xF2,0x00,0x08,0xA0,0xF2,0x00,0x08,0xA0,0xF2,0x00,0x08,0xA0,0xE3,0x00,0x08,0x90,0xC6,0x00,0x0B,
    0x70,0x7D,0x31,0x6E,0x20,0x0B,0xFF,0xF7,0x00,0x00,0x34,0x20,0x00,0x02,0x95,0x30,0x04,0x8C,0xD1,0x00,0x00,0x00,0x18,0x00,
    0x28,0x2F,0x00,0x4D,0x2F,0x00,0x4D,0x2F,0x00,0x4D,0x2F,0x00,0x4D,0x2F,0x10,0x5D,0x0E,0x71,0xAD,0x07,0xFF,0x8D,0x00,0x34,
    0x00,0x05,0xAA,0xA2,0x00,0x04,0x77,0x71,0x00,0x51,0x00,0x02,0x30,0xF2,0x00,0x08,0xA0,0xF2,0x00,0x08,0xA0,0xF2,0x00,0x08,
    0xA0,0xF2,0x00,0x08,0xA0,0xF2,0x00,0x08,0xA0,0xF2,0x00,0x08,0xA0,0xE3,0x00,0x08,0x90,0xC6,0x00,0x0B,0x70,0x7D,0x31,0x6E,
    0x20,0x0B,0xFF,0xF7,0x00,0x00,0x34,0x20,0x00,0x01,0x55,0x40,0x02,0xCC,0xB0,0x00,0x00,0x00,0x18,0x00,0x28,0x2F,0x00,0x4D,
    0x2F,0x00,0x4D,0x2F,0x00,0x4D,0x2F,0x00,0x4D,0x2F,0x10,0x5D,0x0E,0x71,0xAD,0x07,0xFF,0x8D,0x00,0x34,0x00,0x03,0x20,0x41,
    0x00,0x06,0x80,0xC1,0x00,0x01,0xCE,0x80,0x00,0x51,0x00,0x02,0x30,0xF2,0x00,0x08,0xA0,0xF2,0x00,0x08,0xA0,0xF2,0x00,0x08,
    0xA0,0xF2,0x00,0x08,0xA0,0xF2,0x00,0x08,0xA0,0xF2,0x00,0x08,0xA0,0xE3,0x00,0x08,0x90,0xC6,0x00,0x0B,0x70,0x7D,0x31,0x6E,
    0x20,0x0B,0xFF,0xF7,0x00,0x00,0x34,0x20,0x00,0x02,0x30,0x40,0x04,0x90,0xB0,0x01,0xD8,0xB0,0x00,0x38,0x20,0x18,0x00,0x28,
    0x2F,0x00,0x4D,0x2F,0x00,0x4D,0x2F,0x00,0x4D,0x2F,0x00,0x4D,0x2F,0x10,0x5D,0x0E,0x71,0xAD,0x07,0xFF,0x8D,0x00,0x34,0x00,
    0x00,0x7B,0x30,0x00,0x00,0xB2,0xA0,0x00,0x00,0xBA,0x80,0x00,0x51,0x14,0x02,0x30,0xF2,0x00,0x08,0xA0,0xF2,0x00,0x08,0xA0,
    0xF2,0x00,0x08,0xA0,0xF2,0x00,0x08,0xA0,0xF2,0x00,0x08,0xA0,0xF2,0x00,0x08,0xA0,0xE3,0x00,0x08,0x90,0xC6,0x00,0x0B,0x70,
    0x7D,0x31,0x6E,0x20,0x0B,0xFF,0xF7,0x00,0x00,0x34,0x20,0x00,0x00,0x49,0x20,0x00,0xA5,0x90,0x00,0xA5,0x90,0x00,0x49,0x20,
    0x18,0x00,0x28,0x2F,0x00,0x4D,0x2F,0x00,0x4D,0x2F,0x00,0x4D,0x2F,0x00,0x4D,0x2F,0x10,0x5D,0x0E,0x71,0xAD,0x07,0xFF,0x8D,
    0x00,0x34,0x00,0x00,0x24,0x23,0x00,0x00,0x98,0xB6,0x00,0x01,0xC3,0xC0,0x00,0x51,0x00,0x02,0x30,0xF2,0x00,0x08,0xA0,0xF2,
    0x00,0x08,0xA0,0xF2,0x00,0x08,0xA0,0xF2,0x00,0x08,0xA0,0xF2,0x00,0x08,0xA0,0xF2,0x00,0x08,0xA0,0xE3,0x00,0x08,0x90,0xC6,
    0x00,0x0B,0x70,0x7D,0x31,0x6E,0x20,0x0B,0xFF,0xF7,0x00,0x00,0x34,0x20,0x00,0x00,0x25,0x34,0x00,0x79,0xB5,0x00,0xB4,0xD1,
    0x00,0x61,0x50,0x18,0x00,0x28,0x2F,0x00,0x4D,0x2F,0x00,0x4D,0x2F,0x00,0x4D,0x2F,0x00,0x4D,0x2F,0x10,0x5D,0x0E,0x71,0xAD,
    0x07,0xFF,0x8D,0x00,0x34,0x00,0x51,0x00,0x02,0x30,0xF2,0x00,0x08,0xA0,0xF2,0x00,0x08,0xA0,0xF2,0x00,0x08,0xA0,0xF2,0x00,
    0x08,0xA0,0xF2,0x00,0x08,0xA0,0xF2,0x00,0x08,0xA0,0xE3,0x00,0x08,0x90,0xC6,0x00,0x0B,0x70,0x7D,0x31,0x6E,0x20,0x0B,0xFF,
    0xF7,0x00,0x00,0x3D,0x50,0x00,0x00,0x3B,0x00,0x00,0x00,0x2D,0x60,0x00,0x00,0x06,0x80,0x00,0x18,0x00,0x28,0x2F,0x00,0x4D,
    0x2F,0x00,0x4D,0x2F,0x00,0x4D,0x2F,0x00,0x4D,0x2F,0x10,0x5D,0x0E,0x71,0xAD,0x07,0xFF,0x8D,0x00,0x34,0x77,0x00,0x00,0xC0,
    0x00,0x00,0xDB,0x00,0x00,0x36,0x00,0x00,0x04,0x30,0x00,0x00,0x00,0x00,0x6B,0xD1,0x00,0x00,0x00,0x02,0xD1,0x79,0x00,0x00,
    0x33,0x00,0x00,0x00,0x00,0x51,0x8A,0x00,0x1D,0x80,0x02,0xF1,0x5D,0x00,0x3F,0xB0,0x05,0xC0,0x2F,0x10,0x6D,0xE0,0x08,0xA0,
    0x0D,0x40,0x98,0xE2,0x0A,0x70,0x0A,0x80,0xB5,0xC6,0x0D,0x40,0x07,0xA0,0xD3,0x99,0x0F,0x10,0x04,0xD1,0xE0,0x6B,0x2D,0x00,
    0x01,0xF5,0xC0,0x3E,0x5A,0x00,0x00,0xCB,0xA0,0x0E,0xA7,0x00,0x00,0x9F,0x70,0x0C,0xF4,0x00,0x00,0x01,0x63,0x00,0x00,0x00,
    0x06,0xBA,0x00,0x00,0x00,0x0C,0x2C,0x20,0x00,0x00,0x15,0x03,0x30,0x00,0x64,0x01,0x52,0x02,0x70,0x89,0x04,0xF8,0x05,0xB0,
    0x5C,0x07,0xBB,0x08,0x80,0x1E,0x19,0x6D,0x0A,0x50,0x0D,0x4C,0x3D,0x2C,0x20,0x09,0x7D,0x0A,0x5D,0x00,0x06,0xBD,0x08,0xAB,
    0x00,0x03,0xFA,0x05,0xF9,0x00,0x00,0x15,0x20,0x00,0x00,0x8B,0xB0,0x00,0x03,0xC0,0xB6,0x00,0x42,0x00,0x01,0x40,0x8A,0x00,
    0x06,0xB0,0x2E,0x20,0x0C,0x60,0x0B,0x70,0x3E,0x10,0x05,0xD0,0x89,0x00,0x00,0xD4,0xD3,0x00,0x00,0x7F,0xC0,0x00,0x00,0x0D,
    0x30,0x00,0x00,0x0D,0x30,0x00,0x00,0x0D,0x30,0x00,0x00,0x0D,0x30,0x00,0x00,0x45,0x00,0x01,0xCC,0x10,0x07,0x87,0x70,0x05,
    0x11,0x40,0x64,0x00,0x46,0x89,0x00,0xA8,0x4D,0x00,0xD4,0x0E,0x32,0xE0,0x0A,0x75,0xB0,0x06,0xB8,0x80,0x02,0xEC,0x50,0x00,
    0xBF,0x10,0x00,0x3C,0x00,0x37,0xC8,0x00,0x6D,0xA1,0x00,0x00,0x20,0x20,0x00,0x04,0xF2,0xE6,0x00,0x02,0x91,0x93,0x00,0x42,
    0x00,0x01,0x40,0x8A,0x00,0x06,0xB0,0x2E,0x20,0x0C,0x60,0x0B,0x70,0x3E,0x10,0x05,0xD0,0x89,0x00,0x00,0xD4,0xD3,0x00,0x00,
    0x7F,0xC0,0x00,0x00,0x0D,0x30,0x00,0x00,0x0D,0x30,0x00,0x00,0x0D,0x30,0x00,0x00,0x0D,0x30,0x00,0x00,0x00,0x42,0x00,0x00,
    0x03,0xE2,0x00,0x00,0x0B,0x50,0x00,0x15,0x55,0x55,0x30,0x3D,0xDD,0xDE,0x90,0x00,0x00,0x0C,0x80,0x00,0x00,0x8D,0x10,0x00,
    0x03,0xE4,0x00,0x00,0x0C,0x80,0x00,0x00,0x7C,0x00,0x00,0x03,0xE4,0x00,0x00,0x0C,0x90,0x00,0x00,0x5E,0x33,0x33,0x20,0x5F,
    0xFF,0xFF,0xB0,0x00,0x06,0x10,0x00,0x4C,0x00,0x00,0x96,0x00,0x00,0x51,0x00,0x48,0x88,0x70,0x5A,0xAC,0xC0,0x00,0x0B,0x70,
    0x00,0x6C,0x00,0x02,0xE3,0x00,0x0B,0x80,0x00,0x5D,0x33,0x20,0x6F,0xFF,0xE0,0x00,0x02,0x00,0x00,0x00,0x1F,0x40,0x00,0x00,
    0x09,0x20,0x00,0x15,0x55,0x55,0x30,0x3D,0xDD,0xDE,0x90,0x00,0x00,0x0C,0x80,0x00,0x00,0x8D,0x10,0x00,0x03,0xE4,0x00,0x00,
    0x0C,0x80,0x00,0x00,0x7C,0x00,0x00,0x03,0xE4,0x00,0x00,0x0C,0x90,0x00,0x00,0x5E,0x33,0x33,0x20,0x5F,0xFF,0xFF,0xB0,0x00,
    0x93,0x00,0x00,0xE5,0x00,0x00,0x00,0x00,0x48,0x88,0x70,0x5A,0xAC,0xC0,0x00,0x0B,0x70,0x00,0x6C,0x00,0x02,0xE3,0x00,0x0B,
    0x80,0x00,0x5D,0x33,0x20,0x6F,0xFF,0xE0,0x02,0x30,0x32,0x00,0x02,0xD2,0xD2,0x00,0x00,0x6D,0x80,0x00,0x15,0x55,0x55,0x30,
    0x3D,0xDD,0xDE,0x90,0x00,0x00,0x0C,0x80,0x00,0x00,0x8D,0x10,0x00,0x03,0xE4,0x00,0x00,0x0C,0x80,0x00,0x00,0x7C,0x00,0x00,
    0x03,0xE4,0x00,0x00,0x0C,0x90,0x00,0x00,0x5E,0x33,0x33,0x20,0x5F,0xFF,0xFF,0xB0,0x15,0x04,0x20,0x0C,0x3B,0x10,0x05,0xB9,
    0x00,0x00,0x63,0x00,0x48,0x88,0x70,0x5A,0xAC,0xC0,0x00,0x0B,0x70,0x00,0x6C,0x00,0x02,0xE3,0x00,0x0B,0x80,0x00,0x5D,0x33,
    0x20,0x6F,0xFF,0xE0,0x78,0x88,0x84,0x8A,0xAA,0xA5,0x78,0x88,0x88,0x88,0x86,0x8A,0xAA,0xAA,0xAA,0xA7,0x04,0x10,0x4B,0x10,
    0x83,0x00,0x9B,0x00,0x6D,0x00,0x01,0x00,0x15,0x00,0x5F,0x20,0x1B,0x30,0x09,0x20,0x6A,0x00,0x03,0x13,0x20,0x4B,0x4B,0x30,
    0x83,0x64,0x00,0x9B,0x7C,0x10,0x6E,0x5E,0x10,0x01,0x01,0x00,0x15,0x05,0x00,0x5F,0x6F,0x50,0x1B,0x5A,0x60,0x08,0x37,0x50,
    0x6B,0x5B,0x10,0xBC,0x80,0xEF,0xB0,0xEF,0xB0,0xBC,0x80,0x1C,0x33,0xC1,0x5B,0x1F,0x44,0xF1,0x7E,0x00,0x04,0x63,0x00,0x00,
    0xAE,0xCE,0x80,0x05,0xD1,0x03,0xE2,0x0A,0x70,0x00,0x83,0x5D,0xA8,0x83,0x00,0x4D,0x87,0x72,0x00,0x5D,0x87,0x71,0x00,0x7D,
    0xA8,0x81,0x00,0x09,0x80,0x00,0x94,0x03,0xE3,0x03,0xE2,0x00,0x8F,0xEF,0x80,0x00,0x02,0x42,0x00,0x45,0x53,0x41,0x01,0x40,
    0x6B,0xA5,0xC7,0x07,0xC0,0x07,0x60,0xBB,0x09,0xB0,0x07,0x60,0xA9,0x39,0xB0,0x07,0x60,0xA4,0xD4,0xB0,0x07,0x60,0xA0,0x50,
    0xB0,0x02,0x20,0x30,0x00,0x30,
};
static const Glyph sora_title_regular_glyphs[] = {
    {0x0020, 45, 0, 0, 0, 0, 0},  // U+0020
    {0x0021, 57, 2, 11, 1, -11, 0},  // '!'
    {0x0022, 80, 3, 5, 1, -11, 11},  // '"'
    {0x0023, 127, 8, 11, 0, -11, 21},  // '#'
    {0x0024, 120, 7, 14, 0, -12, 65},  // '$'
    {0x0025, 154, 9, 12, 0, -11, 121},  // '%'
    {0x0026, 126, 8, 12, 0, -11, 181},  // '&'
    {0x0027, 51, 1, 5, 1, -11, 229},  // "'"
    {0x0028, 71, 4, 14, 0, -11, 234},  // '('
    {0x0029, 71, 4, 14, 0, -11, 262},  // ')'
    {0x002A, 105, 6, 7, 0, -11, 290},  // '*'
    {0x002B, 109, 6, 8, 0, -9, 311},  // '+'
    {0x002C, 51, 3, 5, 0, -2, 335},  // ','
    {0x002D, 93, 5, 2, 0, -5, 345},  // '-'
    {0x002E, 51, 2, 2, 0, -2, 351},  // '.'
    {0x002F, 65, 4, 12, 0, -11, 353},  // '/'
    {0x0030, 136, 8, 12, 0, -11, 377},  // '0'
    {0x0031, 79, 4, 11, 0, -11, 425},  // '1'
    {0x0032, 114, 7, 11, 0, -11, 447},  // '2'
    {0x0033, 113, 7, 12, 0, -11, 491},  // '3'
    {0x0034, 118, 7, 11, 0, -11, 539},  // '4'
    {0x0035, 114, 7, 12, 0, -11, 583},  // '5'
    {0x0036, 121, 7, 12, 0, -11, 631},  // '6'
    {0x0037, 106, 6, 11, 0, -11, 679},  // '7'
    {0x0038, 117, 7, 12, 0, -11, 712},  // '8'
    {0x0039, 121, 7, 12, 0, -11, 760},  // '9'
    {0x003A, 51, 2, 7, 0, -7, 808},  // ':'
    {0x003B, 51, 3, 10, 0, -7, 815},  // ';'
    {0x003C, 109, 6, 7, 0, -8, 835},  // '<'
    {0x003D, 109, 6, 5, 0, -7, 856},  // '='
    {0x003E, 109, 6, 7, 0, -8, 871},  // '>'
    {0x003F, 102, 6, 11, 0, -11, 892},  // '?'
    {0x0040, 202, 12, 15, 0, -11, 925},  // '@'
    {0x0041, 138, 8, 11, 0, -11, 1015},  // 'A'
    {0x0042, 124, 6, 11, 1, -11, 1059},  // 'B'
    {0x0043, 145, 9, 12, 0, -11, 1092},  // 'C'
    {0x0044, 144, 8, 11, 1, -11, 1152},  // 'D'
    {0x0045, 110, 5, 11, 1, -11, 1196},  // 'E'
    {0x0046, 103, 5, 11, 1, -11, 1229},  // 'F'
    {0x0047, 151, 9, 12, 0, -11, 1262},  // 'G'
    {0x0048, 146, 7, 11, 1, -11, 1322},  // 'H'
    {0x0049, 60, 2, 11, 1, -11, 1366},  // 'I'
    {0x004A, 117, 6, 12, 0, -11, 1377},  // 'J'
    {0x004B, 124, 7, 11, 1, -11, 1413},  // 'K'
    {0x004C, 101, 5, 11, 1, -11, 1457},  // 'L'
    {0x004D, 167, 8, 11, 1, -11, 1490},  // 'M'
    {0x004E, 154, 8, 11, 1, -11, 1534},  // 'N'
    {0x004F, 157, 9, 12, 0, -11, 1578},  // 'O'
    {0x0050, 117, 6, 11, 1, -11, 1638},  // 'P'
    {0x0051, 157, 9, 14, 0, -11, 1671},  // 'Q'
    {0x0052, 128, 7, 11, 1, -11, 1741},  // 'R'
    {0x0053, 126, 7, 12, 0, -11, 1785},  // 'S'
    {0x0054, 109, 7, 11, 0, -11, 1833},  // 'T'
    {0x0055, 144, 7, 12, 1, -11, 1877},  // 'U'
    {0x0056, 129, 8, 11, 0, -11, 1925},  // 'V'
    {0x0057, 188, 12, 11, 0, -11, 1969},  // 'W'
    {0x0058, 127, 8, 11, 0, -11, 2035},  // 'X'
    {0x0059, 120, 7, 11, 0, -11, 2079},  // 'Y'
    {0x005A, 120, 7, 11, 0, -11, 2123},  // 'Z'
    {0x005B, 71, 3, 14, 1, -11, 2167},  // '['
    {0x005C, 65, 4, 12, 0, -11, 2195},  // '\\'
    {0x005D, 71, 3, 14, 0, -11, 2219},  // ']'
    {0x005E, 105, 6, 7, 0, -11, 2247},  // '^'
    {0x005F, 106, 7, 2, 0, 0, 2268},  // '_'
    {0x0060, 58, 2, 4, 0, -12, 2276},  // '`'
    {0x0061, 106, 6, 9, 0, -8, 2280},  // 'a'
    {0x0062, 126, 7, 12, 1, -11, 2307},  // 'b'
    {0x0063, 111, 7, 9, 0, -8, 2355},  // 'c'
    {0x0064, 126, 7, 12, 0, -11, 2391},  // 'd'
    {0x0065, 112, 7, 9, 0, -8, 2439},  // 'e'
    {0x0066, 71, 4, 11, 0, -11, 2475},  // 'f'
    {0x0067, 124, 7, 11, 0, -8, 2497},  // 'g'
    {0x0068, 117, 6, 11, 1, -11, 2541},  // 'h'
    {0x0069, 59, 3, 11, 0, -11, 2574},  // 'i'
    {0x006A, 61, 4, 14, -1, -11, 2596},  // 'j'
    {0x006B, 106, 6, 11, 1, -11, 2624},  // 'k'
    {0x006C, 55, 3, 11, 0, -11, 2657},  // 'l'
    {0x006D, 175, 9, 8, 1, -8, 2679},  // 'm'
    {0x006E, 117, 6, 8, 1, -8, 2719},  // 'n'
    {0x006F, 124, 7, 9, 0, -8, 2743},  // 'o'
    {0x0070, 126, 7, 11, 1, -8, 2779},  // 'p'
    {0x0071, 126, 7, 11, 0, -8, 2823},  // 'q'
    {0x0072, 77, 4, 8, 1, -8, 2867},  // 'r'
    {0x0073, 99, 6, 9, 0, -8, 2883},  // 's'
    {0x0074, 80, 5, 11, 0, -10, 2910},  // 't'
    {0x0075, 115, 6, 9, 0, -8, 2943},  // 'u'
    {0x0076, 103, 6, 8, 0, -8, 2970},  // 'v'
    {0x0077, 154, 9, 8, 0, -8, 2994},  // 'w'
    {0x0078, 103, 6, 8, 0, -8, 3034},  // 'x'
    {0x0079, 101, 6, 11, 0, -8, 3058},  // 'y'
    {0x007A, 91, 5, 8, 0, -8, 3091},  // 'z'
    {0x007B, 71, 4, 14, 0, -11, 3115},  // '{'
    {0x007C, 71, 2, 14, 1, -11, 3143},  // '|'
    {0x007D, 71, 4, 14, 0, -11, 3157},  // '}'
    {0x007E, 92, 6, 3, 0, -6, 3185},  // '~'
    {0x00A0, 45, 0, 0, 0, 0, 3194},  // U+00A0
    {0x00A1, 57, 2, 11, 1, -8, 3194},  // '¡'
    {0x00A2, 112, 7, 11, 0, -11, 3205},  // '¢'
    {0x00A3, 115, 7, 11, 0, -11, 3249},  // '£'
    {0x00A4, 122, 7, 8, 0, -9, 3293},  // '¤'
    {0x00A5, 115, 7, 11, 0, -11, 3325},  // '¥'
    {0x00A6, 71, 2, 14, 1, -11, 3369},  // '¦'
    {0x00A7, 108, 6, 13, 0, -11, 3383},  // '§'
    {0x00A8, 58, 4, 2, 0, -11, 3422},  // '¨'
    {0x00A9, 132, 8, 10, 0, -11, 3426},  // '©'
    {0x00AA, 76, 4, 7, 0, -11, 3466},  // 'ª'
    {0x00AB, 100, 6, 7, 0, -7, 3480},  // '«'
    {0x00AC, 112, 6, 4, 0, -5, 3501},  // '¬'
    {0x00AD, 5, 0, 0, 0, 0, 3513},  // U+00AD
    {0x00AE, 124, 7, 9, 0, -11, 3513},  // '®'
    {0x00AF, 58, 3, 2, 0, -11, 3549},  // '¯'
    {0x00B0, 70, 4, 6, 0, -11, 3553},  // '°'
    {0x00B1, 112, 6, 10, 0, -10, 3565},  // '±'
    {0x00B2, 72, 4, 7, 0, -12, 3595},  // '²'
    {0x00B3, 72, 4, 7, 0, -12, 3609},  // '³'
    {0x00B4, 58, 2, 4, 0, -12, 3623},  // '´'
    {0x00B5, 122, 7, 11, 0, -8, 3627},  // 'µ'
    {0x00B6, 116, 6, 11, 0, -11, 3671},  // '¶'
    {0x00B7, 51, 2, 3, 0, -5, 3704},  // '·'
    {0x00B8, 58, 3, 5, 0, -1, 3707},  // '¸'
    {0x00B9, 51, 3, 7, 0, -12, 3717},  // '¹'
    {0x00BA, 85, 5, 7, 0, -11, 3731},  // 'º'
    {0x00BB, 100, 6, 7, 0, -7, 3752},  // '»'
    {0x00BC, 149, 9, 11, 0, -10, 3773},  // '¼'
    {0x00BD, 156, 9, 11, 0, -10, 3828},  // '½'
    {0x00BE, 168, 10, 11, 0, -10, 3883},  // '¾'
    {0x00BF, 102, 6, 11, 0, -8, 3938},  // '¿'
    {0x00C0, 138, 8, 14, 0, -14, 3971},  // 'À'
    {0x00C1, 138, 8, 14, 0, -14, 4027},  // 'Á'
    {0x00C2, 138, 8, 14, 0, -14, 4083},  // 'Â'
    {0x00C3, 138, 8, 13, 0, -13, 4139},  // 'Ã'
    {0x00C4, 138, 8, 14, 0, -14, 4191},  // 'Ä'
    {0x00C5, 138, 8, 14, 0, -14, 4247},  // 'Å'
    {0x00C6, 176, 10, 11, 0, -11, 4303},  // 'Æ'
    {0x00C7, 145, 9, 15, 0, -11, 4358},  // 'Ç'
    {0x00C8, 110, 5, 14, 1, -14, 4433},  // 'È'
    {0x00C9, 110, 5, 14, 1, -14, 4475},  // 'É'
    {0x00CA, 110, 5, 14, 1, -14, 4517},  // 'Ê'
    {0x00CB, 110, 5, 14, 1, -14, 4559},  // 'Ë'
    {0x00CC, 60, 4, 14, -1, -14, 4601},  // 'Ì'
    {0x00CD, 60, 3, 14, 1, -14, 4629},  // 'Í'
    {0x00CE, 60, 5, 14, -1, -14, 4657},  // 'Î'
    {0x00CF, 60, 5, 14, -1, -14, 4699},  // 'Ï'
    {0x00D0, 144, 9, 11, 0, -11, 4741},  // 'Ð'
    {0x00D1, 154, 8, 13, 1, -13, 4796},  // 'Ñ'
    {0x00D2, 157, 9, 15, 0, -14, 4848},  // 'Ò'
    {0x00D3, 157, 9, 15, 0, -14, 4923},  // 'Ó'
    {0x00D4, 157, 9, 15, 0, -14, 4998},  // 'Ô'
    {0x00D5, 157, 9, 14, 0, -13, 5073},  // 'Õ'
    {0x00D6, 157, 9, 15, 0, -14, 5143},  // 'Ö'
    {0x00D7, 109, 6, 7, 0, -8, 5218},  // '×'
    {0x00D8, 157, 9, 12, 0, -11, 5239},  // 'Ø'
    {0x00D9, 144, 7, 15, 1, -14, 5299},  // 'Ù'
    {0x00DA, 144, 7, 15, 1, -14, 5359},  // 'Ú'
    {0x00DB, 144, 7, 15, 1, -14, 5419},  // 'Û'
    {0x00DC, 144, 7, 15, 1, -14, 5479},  // 'Ü'
    {0x00DD, 120, 7, 14, 0, -14, 5539},  // 'Ý'
    {0x00DE, 114, 6, 11, 1, -11, 5595},  // 'Þ'
    {0x00DF, 114, 7, 12, 0, -11, 5628},  // 'ß'
    {0x00E0, 106, 6, 13, 0, -12, 5676},  // 'à'
    {0x00E1, 106, 6, 13, 0, -12, 5715},  // 'á'
    {0x00E2, 106, 6, 13, 0, -12, 5754},  // 'â'
    {0x00E3, 106, 6, 12, 0, -11, 5793},  // 'ã'
    {0x00E4, 106, 6, 12, 0, -11, 5829},  // 'ä'
    {0x00E5, 106, 6, 13, 0, -12, 5865},  // 'å'
    {0x00E6, 173, 10, 9, 0, -8, 5904},  // 'æ'
    {0x00E7, 111, 7, 12, 0, -8, 5949},  // 'ç'
    {0x00E8, 112, 7, 13, 0, -12, 5997},  // 'è'
    {0x00E9, 112, 7, 13, 0, -12, 6049},  // 'é'
    {0x00EA, 112, 7, 13, 0, -12, 6101},  // 'ê'
    {0x00EB, 112, 7, 12, 0, -11, 6153},  // 'ë'
    {0x00EC, 59, 3, 12, 0, -12, 6201},  // 'ì'
    {0x00ED, 59, 3, 12, 0, -12, 6225},  // 'í'
    {0x00EE, 59, 5, 12, -1, -12, 6249},  // 'î'
    {0x00EF, 59, 5, 11, -1, -11, 6285},  // 'ï'
    {0x00F0, 119, 7, 12, 0, -11, 6318},  // 'ð'
    {0x00F1, 117, 6, 11, 1, -11, 6366},  // 'ñ'
    {0x00F2, 124, 7, 13, 0, -12, 6399},  // 'ò'
    {0x00F3, 124, 7, 13, 0, -12, 6451},  // 'ó'
    {0x00F4, 124, 7, 13, 0, -12, 6503},  // 'ô'
    {0x00F5, 124, 7, 12, 0, -11, 6555},  // 'õ'
    {0x00F6, 124, 7, 12, 0, -11, 6603},  // 'ö'
    {0x00F7, 109, 6, 8, 0, -9, 6651},  // '÷'
    {0x00F8, 124, 7, 10, 0, -9, 6675},  // 'ø'
    {0x00F9, 115, 6, 13, 0, -12, 6715},  // 'ù'
    {0x00FA, 115, 6, 13, 0, -12, 6754},  // 'ú'
    {0x00FB, 115, 6, 13, 0, -12, 6793},  // 'û'
    {0x00FC, 115, 6, 12, 0, -11, 6832},  // 'ü'
    {0x00FD, 101, 6, 15, 0, -12, 6868},  // 'ý'
    {0x00FE, 126, 7, 14, 1, -11, 6913},  // 'þ'
    {0x00FF, 101, 6, 14, 0, -11, 6969},  // 'ÿ'
    {0x0100, 138, 8, 13, 0, -13, 7011},  // 'Ā'
    {0x0101, 106, 6, 12, 0, -11, 7063},  // 'ā'
    {0x0102, 138, 8, 14, 0, -14, 7099},  // 'Ă'
    {0x0103, 106, 6, 13, 0, -12, 7155},  // 'ă'
    {0x0104, 138, 8, 15, 0, -11, 7194},  // 'Ą'
    {0x0105, 106, 6, 12, 0, -8, 7254},  // 'ą'
    {0x0106, 145, 9, 15, 0, -14, 7290},  // 'Ć'
    {0x0107, 111, 7, 13, 0, -12, 7365},  // 'ć'
    {0x0108, 145, 9, 15, 0, -14, 7417},  // 'Ĉ'
    {0x0109, 111, 7, 13, 0, -12, 7492},  // 'ĉ'
    {0x010A, 145, 9, 15, 0, -14, 7544},  // 'Ċ'
    {0x010B, 111, 7, 12, 0, -11, 7619},  // 'ċ'
    {0x010C, 145, 9, 15, 0, -14, 7667},  // 'Č'
    {0x010D, 111, 7, 13, 0, -12, 7742},  // 'č'
    {0x010E, 144, 8, 14, 1, -14, 7794},  // 'Ď'
    {0x010F, 126, 9, 13, 0, -12, 7850},  // 'ď'
    {0x0110, 144, 9, 11, 0, -11, 7915},  // 'Đ'
    {0x0111, 126, 8, 12, 0, -11, 7970},  // 'đ'
    {0x0112, 110, 5, 13, 1, -13, 8018},  // 'Ē'
    {0x0113, 112, 7, 12, 0, -11, 8057},  // 'ē'
    {0x0114, 110, 5, 14, 1, -14, 8105},  // 'Ĕ'
    {0x0115, 112, 7, 13, 0, -12, 8147},  // 'ĕ'
    {0x0116, 110, 5, 14, 1, -14, 8199},  // 'Ė'
    {0x0117, 112, 7, 12, 0, -11, 8241},  // 'ė'
    {0x0118, 110, 6, 15, 1, -11, 8289},  // 'Ę'
    {0x0119, 112, 7, 11, 0, -8, 8334},  // 'ę'
    {0x011A, 110, 5, 14, 1, -14, 8378},  // 'Ě'
    {0x011B, 112, 7, 13, 0, -12, 8420},  // 'ě'
    {0x011C, 151, 9, 15, 0, -14, 8472},  // 'Ĝ'
    {0x011D, 124, 7, 15, 0, -12, 8547},  // 'ĝ'
    {0x011E, 151, 9, 15, 0, -14, 8607},  // 'Ğ'
    {0x011F, 124, 7, 15, 0, -12, 8682},  // 'ğ'
    {0x0120, 151, 9, 15, 0, -14, 8742},  // 'Ġ'
    {0x0121, 124, 7, 14, 0, -11, 8817},  // 'ġ'
    {0x0122, 151, 9, 15, 0, -11, 8873},  // 'Ģ'
    {0x0123, 124, 7, 15, 0, -12, 8948},  // 'ģ'
    {0x0126, 146, 9, 11, 0, -11, 9008},  // 'Ħ'
    {0x0127, 117, 7, 11, 0, -11, 9063},  // 'ħ'
    {0x0128, 60, 5, 13, -1, -13, 9107},  // 'Ĩ'
    {0x0129, 59, 5, 11, -1, -11, 9146},  // 'ĩ'
    {0x012A, 60, 5, 13, -1, -13, 9179},  // 'Ī'
    {0x012B, 59, 4, 11, -1, -11, 9218},  // 'ī'
    {0x012C, 60, 5, 14, -1, -14, 9240},  // 'Ĭ'
    {0x012D, 59, 5, 12, -1, -12, 9282},  // 'ĭ'
    {0x012E, 60, 3, 15, 0, -11, 9318},  // 'Į'
    {0x012F, 59, 3, 15, 0, -11, 9348},  // 'į'
    {0x0130, 60, 2, 14, 1, -14, 9378},  // 'İ'
    {0x0131, 59, 3, 8, 0, -8, 9392},  // 'ı'
    {0x0134, 117, 6, 15, 0, -14, 9408},  // 'Ĵ'
    {0x0135, 61, 5, 15, -1, -12, 9453},  // 'ĵ'
    {0x0136, 124, 7, 15, 1, -11, 9498},  // 'Ķ'
    {0x0137, 106, 6, 15, 1, -11, 9558},  // 'ķ'
    {0x0139, 101, 5, 14, 1, -14, 9603},  // 'Ĺ'
    {0x013A, 55, 4, 14, 0, -14, 9645},  // 'ĺ'
    {0x013B, 101, 5, 15, 1, -11, 9673},  // 'Ļ'
    {0x013C, 55, 3, 15, 0, -11, 9718},  // 'ļ'
    {0x013D, 101, 5, 12, 1, -12, 9748},  // 'Ľ'
    {0x013E, 55, 4, 12, 0, -12, 9784},  // 'ľ'
    {0x0141, 101, 6, 11, 0, -11, 9808},  // 'Ł'
    {0x0142, 55, 3, 11, 0, -11, 9841},  // 'ł'
    {0x0143, 154, 8, 14, 1, -14, 9863},  // 'Ń'
    {0x0144, 117, 6, 12, 1, -12, 9919},  // 'ń'
    {0x0145, 154, 8, 15, 1, -11, 9955},  // 'Ņ'
    {0x0146, 117, 6, 12, 1, -8, 10015},  // 'ņ'
    {0x0147, 154, 8, 14, 1, -14, 10051},  // 'Ň'
    {0x0148, 117, 6, 12, 1, -12, 10107},  // 'ň'
    {0x014A, 154, 8, 15, 1, -11, 10143},  // 'Ŋ'
    {0x014B, 117, 6, 11, 1, -8, 10203},  // 'ŋ'
    {0x014C, 157, 9, 14, 0, -13, 10236},  // 'Ō'
    {0x014D, 124, 7, 12, 0, -11, 10306},  // 'ō'
    {0x014E, 157, 9, 15, 0, -14, 10354},  // 'Ŏ'
    {0x014F, 124, 7, 13, 0, -12, 10429},  // 'ŏ'
    {0x0150, 157, 9, 15, 0, -14, 10481},  // 'Ő'
    {0x0151, 124, 7, 13, 0, -12, 10556},  // 'ő'
    {0x0152, 191, 11, 12, 0, -11, 10608},  // 'Œ'
    {0x0153, 196, 12, 9, 0, -8, 10680},  // 'œ'
    {0x0154, 128, 7, 14, 1, -14, 10734},  // 'Ŕ'
    {0x0155, 77, 4, 12, 1, -12, 10790},  // 'ŕ'
    {0x0156, 128, 7, 15, 1, -11, 10814},  // 'Ŗ'
    {0x0157, 77, 5, 12, 0, -8, 10874},  // 'ŗ'
    {0x0158, 128, 7, 14, 1, -14, 10910},  // 'Ř'
    {0x0159, 77, 5, 12, 0, -12, 10966},  // 'ř'
    {0x015A, 126, 7, 15, 0, -14, 11002},  // 'Ś'
    {0x015B, 99, 6, 13, 0, -12, 11062},  // 'ś'
    {0x015C, 126, 7, 15, 0, -14, 11101},  // 'Ŝ'
    {0x015D, 99, 6, 13, 0, -12, 11161},  // 'ŝ'
    {0x015E, 126, 7, 15, 0, -11, 11200},  // 'Ş'
    {0x015F, 99, 6, 12, 0, -8, 11260},  // 'ş'
    {0x0160, 126, 7, 15, 0, -14, 11296},  // 'Š'
    {0x0161, 99, 6, 13, 0, -12, 11356},  // 'š'
    {0x0162, 109, 7, 15, 0, -11, 11395},  // 'Ţ'
    {0x0163, 80, 5, 14, 0, -10, 11455},  // 'ţ'
    {0x0164, 109, 7, 14, 0, -14, 11497},  // 'Ť'
    {0x0165, 80, 5, 13, 0, -12, 11553},  // 'ť'
    {0x0166, 109, 7, 11, 0, -11, 11592},  // 'Ŧ'
    {0x0167, 80, 5, 11, 0, -10, 11636},  // 'ŧ'
    {0x0168, 144, 7, 14, 1, -13, 11669},  // 'Ũ'
    {0x0169, 115, 6, 12, 0, -11, 11725},  // 'ũ'
    {0x016A, 144, 7, 14, 1, -13, 11761},  // 'Ū'
    {0x016B, 115, 6, 12, 0, -11, 11817},  // 'ū'
    {0x016C, 144, 7, 15, 1, -14, 11853},  // 'Ŭ'
    {0x016D, 115, 6, 13, 0, -12, 11913},  // 'ŭ'
    {0x016E, 144, 7, 15, 1, -14, 11952},  // 'Ů'
    {0x016F, 115, 6, 13, 0, -12, 12012},  // 'ů'
    {0x0170, 144, 7, 15, 1, -14, 12051},  // 'Ű'
    {0x0171, 115, 6, 13, 0, -12, 12111},  // 'ű'
    {0x0172, 144, 7, 15, 1, -11, 12150},  // 'Ų'
    {0x0173, 115, 6, 12, 0, -8, 12210},  // 'ų'
    {0x0174, 188, 12, 14, 0, -14, 12246},  // 'Ŵ'
    {0x0175, 154, 9, 12, 0, -12, 12330},  // 'ŵ'
    {0x0176, 120, 7, 14, 0, -14, 12390},  // 'Ŷ'
    {0x0177, 101, 6, 15, 0, -12, 12446},  // 'ŷ'
    {0x0178, 120, 7, 14, 0, -14, 12491},  // 'Ÿ'
    {0x0179, 120, 7, 14, 0, -14, 12547},  // 'Ź'
    {0x017A, 91, 5, 12, 0, -12, 12603},  // 'ź'
    {0x017B, 120, 7, 14, 0, -14, 12639},  // 'Ż'
    {0x017C, 91, 5, 11, 0, -11, 12695},  // 'ż'
    {0x017D, 120, 7, 14, 0, -14, 12728},  // 'Ž'
    {0x017E, 91, 5, 12, 0, -12, 12784},  // 'ž'
    {0x2013, 95, 6, 2, 0, -5, 12820},  // '–'
    {0x2014, 163, 10, 2, 0, -5, 12826},  // '—'
    {0x2018, 48, 3, 6, 0, -11, 12836},  // '‘'
    {0x2019, 48, 3, 5, 0, -11, 12848},  // '’'
    {0x201C, 82, 5, 6, 0, -11, 12858},  // '“'
    {0x201D, 82, 5, 5, 0, -11, 12876},  // '”'
    {0x2022, 81, 3, 4, 1, -6, 12891},  // '•'
    {0x2026, 147, 8, 2, 0, -2, 12899},  // '…'
    {0x20AC, 128, 8, 12, 0, -11, 12907},  // '€'
    {0x2122, 156, 9, 7, 0, -11, 12955},  // '™'
};
const Font sora_title_regular = {sora_title_regular_bitmap, sora_title_regular_glyphs, 320, 11, 14, 4};

// Sora-Medium.ttf at 11 px, 320 glyphs, 8755 bytes
static const uint8_t sora_artist_bitmap[] = {
    0x4C,0x4C,0x4C,0x4C,0x4C,0x27,0x38,0x5D,0x69,0xC3,0x69,0xC3,0x69,0xC3,0x12,0x21,0x00,0xE0,0xD0,0x02,0xC2,0xD0,0x5C,0xEC,
    0xEA,0x28,0xA7,0xA3,0x39,0x99,0x92,0x9E,0xDE,0xD6,0x0C,0x3A,0x40,0x0D,0x1C,0x10,0x00,0x21,0x00,0x00,0xA5,0x00,0x1B,0xFE,
    0x50,0x6C,0x27,0xC0,0x7B,0x01,0x70,0x3E,0xC9,0x30,0x03,0x7A,0xD1,0x65,0x00,0xD4,0x7C,0x35,0xE2,0x1A,0xFE,0x70,0x00,0xA5,
    0x00,0x00,0x42,0x00,0x02,0x10,0x00,0x00,0x6D,0xC0,0xB4,0x00,0xB2,0xA3,0xD0,0x00,0xB1,0xA7,0xA0,0x00,0x8B,0xD9,0x66,0x30,
    0x16,0x3C,0x8B,0xD1,0x00,0x2B,0xB2,0x94,0x00,0x78,0xB3,0xA4,0x00,0xB4,0x6D,0xC1,0x00,0x00,0x02,0x10,0x00,0x23,0x10,0x08,
    0xFF,0x70,0x0E,0x40,0x00,0x0E,0x24,0x76,0x2D,0x96,0xDB,0x99,0xD5,0xA6,0xC5,0x3D,0xD3,0xA9,0x0A,0xE0,0x3D,0xFE,0xC7,0x01,
    0x31,0x00,0x69,0x69,0x69,0x12,0x02,0x81,0x09,0x90,0x1E,0x20,0x4C,0x00,0x7A,0x00,0x89,0x00,0x79,0x00,0x6B,0x00,0x2D,0x00,
    0x0C,0x50,0x06,0xC1,0x64,0x00,0x5D,0x00,0x0C,0x50,0x09,0x90,0x06,0xB0,0x05,0xC0,0x06,0xB0,0x07,0xA0,0x0A,0x70,0x1E,0x20,
    0x9A,0x00,0x01,0x80,0x00,0x55,0xA4,0x30,0x4C,0x9C,0x40,0x19,0x8B,0x30,0x78,0xA7,0x50,0x01,0xA0,0x00,0x00,0x81,0x00,0x00,
    0xD1,0x00,0x35,0xE6,0x40,0x6C,0xFC,0x80,0x00,0xD1,0x00,0x00,0xC1,0x00,0x16,0x6A,0xA6,0x82,0x6A,0xA9,0x59,0x97,0x46,0x8B,
    0x02,0x90,0x06,0xB0,0x08,0x90,0x0A,0x60,0x0D,0x20,0x1E,0x00,0x4C,0x00,0x79,0x00,0xA7,0x00,0x83,0x00,0x00,0x24,0x00,0x07,
    0xFF,0xD2,0x2E,0x51,0xB9,0x6C,0x00,0x6D,0x7B,0x00,0x4E,0x7B,0x00,0x3E,0x6C,0x00,0x6D,0x2F,0x51,0xC9,0x07,0xFF,0xD2,0x00,
    0x24,0x10,0xBF,0xB0,0x28,0xB0,0x06,0xB0,0x06,0xB0,0x06,0xB0,0x06,0xB0,0x06,0xB0,0x06,0xB0,0x00,0x42,0x00,0x1C,0xEE,0x50,
    0x6C,0x17,0xC0,0x44,0x04,0xD0,0x00,0x09,0xA0,0x04,0xCC,0x20,0x3E,0x70,0x00,0x7B,0x33,0x30,0x7F,0xFF,0xE0,0x7F,0xFF,0xA0,
    0x13,0x3C,0x80,0x01,0xB9,0x00,0x08,0xFB,0x20,0x02,0x39,0xB0,0x53,0x03,0xD0,0x9A,0x07,0xC0,0x2D,0xEE,0x50,0x01,0x42,0x00,
    0x00,0x11,0x00,0x00,0x78,0x00,0x01,0xE4,0x00,0x08,0xB5,0x70,0x1E,0x46,0xA0,0x8B,0x06,0xA0,0xAD,0xCD,0xE6,0x35,0x59,0xB2,
    0x00,0x06,0xA0,0x0F,0xFF,0x90,0x1D,0x33,0x20,0x3C,0x43,0x00,0x4F,0xDE,0x70,0x26,0x04,0xE0,0x55,0x00,0xF2,0x7C,0x15,0xE0,
    0x1C,0xEF,0x60,0x00,0x42,0x00,0x04,0xDF,0xB0,0x1E,0x73,0x20,0x5C,0x12,0x00,0x7C,0xEF,0xB0,0x7E,0x21,0xD5,0x6B,0x00,0xB7,
    0x3E,0x22,0xE4,0x09,0xFF,0xB0,0x00,0x33,0x00,0xAF,0xFF,0xC0,0xA6,0x28,0xB0,0x52,0x0B,0x60,0x00,0x2E,0x10,0x00,0x7A,0x00,
    0x00,0xC5,0x00,0x04,0xE0,0x00,0x09,0x90,0x00,0x00,0x43,0x00,0x1C,0xEF,0x70,0x6C,0x14,0xE0,0x6C,0x03,0xE0,0x0C,0xDE,0x60,
    0x5D,0x68,0xC0,0x98,0x00,0xD3,0x8B,0x03,0xE2,0x2D,0xEF,0x90,0x00,0x43,0x00,0x00,0x42,0x00,0x1D,0xEF,0x60,0x7C,0x14,0xE0,
    0x98,0x00,0xE3,0x8C,0x14,0xF4,0x1D,0xED,0xD4,0x00,0x21,0xE2,0x03,0x39,0xC0,0x0D,0xFC,0x20,0x35,0x8B,0x12,0x00,0x46,0x8B,
    0x36,0x6C,0x12,0x00,0x16,0x6A,0xA6,0x82,0x00,0x00,0x10,0x00,0x6B,0x80,0x4D,0xC6,0x10,0x7C,0x30,0x00,0x29,0xEC,0x40,0x00,
    0x16,0x60,0x35,0x55,0x30,0x7C,0xCC,0x80,0x23,0x33,0x20,0x7D,0xDD,0x90,0x6B,0x50,0x00,0x17,0xDD,0x50,0x00,0x1A,0x80,0x29,
    0xEB,0x40,0x59,0x30,0x00,0x01,0x30,0x00,0x3E,0xFC,0x10,0x9A,0x1C,0x60,0x53,0x0A,0x70,0x03,0x8E,0x30,0x06,0xD5,0x00,0x04,
    0x70,0x00,0x04,0x70,0x00,0x07,0xC0,0x00,0x00,0x00,0x33,0x00,0x00,0x00,0x6E,0xEE,0xD6,0x00,0x06,0xD3,0x00,0x4D,0x40,0x1D,
    0x32,0x62,0x45,0xC0,0x5B,0x1E,0xBC,0xC0,0xD1,0x78,0x6A,0x05,0xD0,0xC3,0x87,0x69,0x03,0xD0,0xC2,0x79,0x4D,0x4A,0xD3,0xD0,
    0x3D,0x08,0xD8,0xAE,0x60,0x0B,0x80,0x00,0x00,0x00,0x02,0xDB,0x88,0x00,0x00,0x00,0x17,0xA9,0x00,0x00,0x00,0xBF,0x50,0x00,
    0x01,0xE9,0x90,0x00,0x05,0xC4,0xD0,0x00,0x09,0x90,0xE3,0x00,0x0D,0xA7,0xD7,0x00,0x2E,0xCC,0xDB,0x00,0x7B,0x00,0x2E,0x10,
    0xB7,0x00,0x0D,0x60,0x3F,0xFE,0x80,0x3E,0x25,0xF2,0x3E,0x00,0xF2,0x3F,0x9B,0xC0,0x3E,0x99,0xE3,0x3E,0x00,0xB7,0x3E,0x34,
    0xE6,0x3F,0xFF,0xB1,0x00,0x14,0x20,0x00,0x05,0xEF,0xF8,0x00,0x2E,0x81,0x5E,0x40,0x7C,0x00,0x09,0x70,0x99,0x00,0x00,0x00,
    0x99,0x00,0x00,0x00,0x7C,0x00,0x08,0x80,0x1E,0x81,0x5E,0x50,0x05,0xEF,0xF9,0x00,0x00,0x14,0x20,0x00,0x3F,0xFF,0xB2,0x00,
    0x3E,0x45,0xBC,0x00,0x3E,0x00,0x1E,0x50,0x3E,0x00,0x0A,0x80,0x3E,0x00,0x0B,0x80,0x3E,0x00,0x1E,0x50,0x3E,0x45,0xCC,0x00,
    0x3F,0xFF,0xB2,0x00,0x3F,0xFF,0x90,0x3E,0x33,0x20,0x3E,0x00,0x00,0x3F,0xBB,0x50,0x3E,0x99,0x40,0x3E,0x00,0x00,0x3E,0x33,
    0x20,0x3F,0xFF,0xB0,0x3F,0xFF,0x80,0x3E,0x33,0x20,0x3E,0x00,0x00,0x3F,0xBB,0x40,0x3F,0x99,0x30,0x3E,0x00,0x00,0x3E,0x00,
    0x00,0x3E,0x00,0x00,0x00,0x14,0x20,0x00,0x05,0xEF,0xF8,0x00,0x1E,0x81,0x6F,0x30,0x7C,0x00,0x09,0x70,0x99,0x01,0x11,0x10,
    0x99,0x08,0xFF,0xE0,0x7C,0x00,0x0A,0x70,0x1E,0x81,0x3D,0x70,0x05,0xEF,0xFA,0x10,0x00,0x14,0x30,0x00,0x3E,0x00,0x0E,0x20,
    0x3E,0x00,0x0E,0x20,0x3E,0x00,0x0E,0x20,0x3F,0x99,0x9F,0x20,0x3F,0xAA,0xAF,0x20,0x3E,0x00,0x0E,0x20,0x3E,0x00,0x0E,0x20,
    0x3E,0x00,0x0E,0x20,0x3D,0x3D,0x3D,0x3D,0x3D,0x3D,0x3D,0x3D,0x0D,0xFF,0xC0,0x03,0x37,0xC0,0x00,0x05,0xC0,0x00,0x05,0xC0,
    0x10,0x05,0xC0,0xB7,0x05,0xC0,0x9B,0x19,0xA0,0x2D,0xFE,0x30,0x01,0x42,0x00,0x3E,0x02,0xE5,0x00,0x3E,0x0A,0x90,0x00,0x3E,
    0x5D,0x10,0x00,0x3E,0xD7,0x00,0x00,0x3E,0x8D,0x10,0x00,0x3E,0x0B,0x90,0x00,0x3E,0x03,0xE4,0x00,0x3E,0x00,0x8D,0x10,0x3E,
    0x00,0x00,0x3E,0x00,0x00,0x3E,0x00,0x00,0x3E,0x00,0x00,0x3E,0x00,0x00,0x3E,0x00,0x00,0x3E,0x44,0x20,0x3F,0xFF,0x90,0x3F,
    0x70,0x06,0xF4,0x3F,0xC0,0x0B,0xE4,0x3D,0xD2,0x1D,0xC4,0x3D,0x97,0x79,0xC4,0x3D,0x4C,0xB4,0xC4,0x3D,0x0E,0xD0,0xC4,0x3D,
    0x05,0x40,0xC4,0x3D,0x00,0x00,0xC4,0x3F,0xD0,0x07,0xA0,0x3D,0xD4,0x07,0xA0,0x3D,0x8A,0x07,0xA0,0x3D,0x1E,0x17,0xA0,0x3D,
    0x0A,0x87,0xA0,0x3D,0x04,0xD8,0xA0,0x3D,0x00,0xDC,0xA0,0x3D,0x00,0x7F,0xA0,0x00,0x14,0x30,0x00,0x04,0xEF,0xFA,0x10,0x1E,
    0x91,0x4D,0x80,0x6D,0x00,0x06,0xD0,0x9A,0x00,0x01,0xF1,0x9A,0x00,0x01,0xF1,0x6D,0x00,0x06,0xD0,0x1E,0x91,0x4E,0x80,0x04,
    0xEF,0xFA,0x00,0x00,0x14,0x30,0x00,0x3F,0xFE,0x80,0x3E,0x36,0xF3,0x3E,0x00,0xC6,0x3E,0x01,0xE5,0x3F,0xCE,0xC0,0x3E,0x76,
    0x10,0x3E,0x00,0x00,0x3E,0x00,0x00,0x00,0x14,0x30,0x00,0x04,0xEF,0xFA,0x10,0x1E,0x91,0x4D,0x80,0x6D,0x00,0x06,0xD0,0x9A,
    0x00,0x01,0xF1,0x9A,0x00,0x01,0xF1,0x6D,0x00,0x06,0xD0,0x1E,0x91,0x4D,0x80,0x04,0xEF,0xFA,0x00,0x00,0x1C,0x60,0x00,0x00,
    0x09,0xDA,0x00,0x00,0x01,0x66,0x00,0x3F,0xFE,0x90,0x3E,0x35,0xE5,0x3E,0x00,0xB8,0x3E,0x01,0xD6,0x3F,0xDE,0xC1,0x3E,0x5C,
    0x80,0x3E,0x04,0xE2,0x3E,0x00,0xAB,0x00,0x33,0x00,0x0B,0xFF,0x90,0x5E,0x23,0xF2,0x6C,0x00,0x51,0x2E,0xC9,0x40,0x03,0x8B,
    0xE4,0x54,0x00,0xA8,0x8C,0x22,0xD6,0x1C,0xFF,0xB1,0x00,0x43,0x00,0xCF,0xFF,0xF0,0x33,0xE6,0x30,0x00,0xE3,0x00,0x00,0xE3,
    0x00,0x00,0xE3,0x00,0x00,0xE3,0x00,0x00,0xE3,0x00,0x00,0xE3,0x00,0x5C,0x00,0x0F,0x20,0x5C,0x00,0x0F,0x20,0x5C,0x00,0x0F,
    0x20,0x5C,0x00,0x0F,0x20,0x5C,0x00,0x0F,0x20,0x4D,0x00,0x1F,0x10,0x1E,0x71,0x9C,0x00,0x06,0xFF,0xE4,0x00,0x00,0x24,0x10,
    0x00,0xB7,0x00,0x4D,0x7B,0x00,0x8A,0x3E,0x00,0xB7,0x0D,0x40,0xE3,0x0A,0x83,0xD0,0x06,0xB7,0xA0,0x02,0xEA,0x70,0x00,0xDF,
    0x30,0xB8,0x02,0xB3,0x05,0xC0,0x8A,0x05,0xF7,0x08,0x90,0x5D,0x07,0xDA,0x0A,0x60,0x1F,0x1A,0x9C,0x0C,0x30,0x0D,0x4C,0x4E,
    0x0E,0x00,0x0A,0x7E,0x0D,0x5D,0x00,0x07,0xBC,0x0A,0xAA,0x00,0x04,0xFA,0x08,0xF8,0x00,0x7C,0x00,0xA9,0x1D,0x63,0xE1,0x06,
    0xDB,0x70,0x00,0xCD,0x10,0x01,0xEE,0x20,0x09,0xA9,0xA0,0x2E,0x22,0xE3,0xA9,0x00,0x8B,0xB7,0x00,0xB6,0x5C,0x02,0xE1,0x0D,
    0x47,0xA0,0x08,0xAC,0x40,0x02,0xED,0x00,0x00,0xA7,0x00,0x00,0xA7,0x00,0x00,0xA7,0x00,0x8F,0xFF,0xF4,0x12,0x25,0xE2,0x00,
    0x0C,0x70,0x00,0x7C,0x00,0x03,0xE3,0x00,0x0C,0x80,0x00,0x7D,0x22,0x21,0x9F,0xFF,0xF5,0x19,0x70,0x2E,0x80,0x2D,0x00,0x2D,
    0x00,0x2D,0x00,0x2D,0x00,0x2D,0x00,0x2D,0x00,0x2D,0x00,0x2D,0x10,0x2F,0xD0,0x93,0x00,0xA6,0x00,0x79,0x00,0x4B,0x00,0x1E,
    0x00,0x0D,0x30,0x0A,0x60,0x08,0x90,0x05,0xC0,0x01,0xA0,0x59,0x40,0x5C,0x70,0x09,0x70,0x09,0x70,0x09,0x70,0x09,0x70,0x09,
    0x70,0x09,0x70,0x09,0x70,0x19,0x70,0x9F,0x70,0x04,0xF6,0x00,0x08,0x8A,0x00,0x0C,0x1C,0x00,0x3C,0x0A,0x40,0x56,0x05,0x50,
    0x77,0x77,0x70,0xAA,0xAA,0xA0,0xC5,0x6A,0x14,0x2D,0xDA,0x00,0x16,0x5D,0x50,0x18,0xAD,0x60,0x8B,0x5B,0x60,0xA8,0x0C,0x60,
    0x6E,0xCC,0x60,0x03,0x30,0x00,0x5C,0x00,0x00,0x5C,0x02,0x00,0x5D,0xCF,0xB0,0x5F,0x52,0xD6,0x5C,0x00,0x99,0x5C,0x00,0x99,
    0x5F,0x41,0xD7,0x5B,0xEE,0xC1,0x00,0x14,0x00,0x00,0x21,0x00,0x0A,0xFE,0x40,0x6D,0x37,0xC0,0x99,0x01,0x40,0x98,0x00,0x30,
    0x6D,0x16,0xD0,0x1C,0xFF,0x60,0x00,0x42,0x00,0x00,0x00,0xC5,0x00,0x20,0xC5,0x0A,0xFD,0xD5,0x6D,0x35,0xF5,0x99,0x00,0xC5,
    0x99,0x00,0xC5,0x6D,0x23,0xF5,0x1C,0xFE,0xB5,0x00,0x42,0x00,0x00,0x21,0x00,0x0A,0xFE,0x40,0x6D,0x27,0xC0,0x9C,0x99,0xE0,
    0x9B,0x77,0x70,0x7C,0x14,0xA0,0x1C,0xEE,0x60,0x00,0x42,0x00,0x00,0x10,0x0C,0xF2,0x2D,0x00,0xBF,0xD3,0x4C,0x21,0x3C,0x00,
    0x3C,0x00,0x3C,0x00,0x3C,0x00,0x00,0x20,0x00,0x0B,0xFD,0xA3,0x6D,0x25,0xF4,0x99,0x00,0xD4,0x99,0x00,0xD4,0x6E,0x58,0xF4,
    0x0A,0xFB,0xD4,0x00,0x02,0xE2,0x0A,0xCE,0xA0,0x05,0x75,0x00,0x5C,0x00,0x00,0x5C,0x01,0x00,0x5D,0xDF,0x60,0x5F,0x48,0xC0,
    0x5D,0x03,0xE0,0x5C,0x03,0xE0,0x5C,0x03,0xE0,0x5C,0x03,0xE0,0x13,0x5D,0x13,0xAD,0x2E,0x1E,0x1E,0x1E,0x1E,0x15,0x3E,0x02,
    0x9D,0x2E,0x0E,0x0E,0x0E,0x0E,0x0E,0xEC,0x51,0x5C,0x00,0x00,0x5C,0x00,0x00,0x5C,0x09,0x60,0x5C,0x4C,0x00,0x5D,0xD5,0x00,
    0x5D,0x9A,0x00,0x5C,0x1D,0x40,0x5C,0x06,0xD0,0xDC,0x4C,0x4C,0x4C,0x4C,0x4C,0x4C,0x4C,0x00,0x11,0x01,0x10,0x4A,0xEE,0x6E,
    0xE4,0x5E,0x4A,0xE3,0xAA,0x5C,0x06,0xC0,0x6B,0x5C,0x06,0xC0,0x6B,0x5C,0x06,0xC0,0x6B,0x5C,0x06,0xC0,0x6B,0x00,0x11,0x00,
    0x4A,0xDF,0x60,0x5E,0x48,0xC0,0x5C,0x03,0xE0,0x5C,0x03,0xE0,0x5C,0x03,0xE0,0x5C,0x03,0xE0,0x00,0x11,0x00,0x09,0xFF,0x70,
    0x5E,0x34,0xE3,0x99,0x00,0xB7,0x99,0x00,0xA7,0x6D,0x22,0xE4,0x0B,0xFF,0x90,0x00,0x33,0x00,0x00,0x02,0x00,0x49,0xCF,0xB0,
    0x5E,0x52,0xD6,0x5C,0x00,0x99,0x5C,0x00,0x89,0x5F,0x41,0xD7,0x5D,0xEE,0xC1,0x5C,0x14,0x00,0x5C,0x00,0x00,0x24,0x00,0x00,
    0x00,0x20,0x00,0x0A,0xFD,0x94,0x6D,0x24,0xE5,0x99,0x00,0xC5,0x99,0x00,0xC5,0x6D,0x24,0xF5,0x1C,0xFE,0xD5,0x00,0x41,0xC5,
    0x00,0x00,0xC5,0x00,0x00,0x42,0x49,0xD7,0x5E,0x51,0x5C,0x00,0x5B,0x00,0x5B,0x00,0x5B,0x00,0x00,0x20,0x00,0x3E,0xFB,0x00,
    0x89,0x1B,0x20,0x6D,0x94,0x00,0x06,0xAE,0x30,0x86,0x0C,0x50,0x5E,0xDD,0x10,0x02,0x41,0x00,0x29,0x00,0x3C,0x00,0xCF,0xD5,
    0x4D,0x21,0x3C,0x00,0x3C,0x00,0x2E,0x31,0x0A,0xF6,0x6A,0x05,0xA0,0x6B,0x06,0xB0,0x6B,0x06,0xB0,0x6B,0x06,0xB0,0x5D,0x19,
    0xB0,0x1D,0xFB,0xB0,0x01,0x40,0x00,0xA6,0x07,0x90,0x8A,0x0A,0x70,0x4D,0x0D,0x30,0x0E,0x4E,0x00,0x0B,0xAB,0x00,0x07,0xF8,
    0x00,0xA5,0x0A,0x60,0xB4,0x89,0x1E,0xA0,0xE1,0x5B,0x4B,0xC2,0xD0,0x1E,0x68,0xD6,0xA0,0x0D,0xA5,0xBA,0x70,0x0A,0xF3,0x9F,
    0x40,0x89,0x0A,0x50,0x2E,0x4D,0x00,0x09,0xE8,0x00,0x09,0xE9,0x00,0x2E,0x3E,0x20,0x99,0x09,0x90,0xB5,0x08,0x70,0x99,0x0C,
    0x50,0x4D,0x0E,0x10,0x0E,0x5C,0x00,0x0B,0xBA,0x00,0x07,0xF6,0x00,0x00,0xC2,0x00,0x7D,0xC0,0x00,0x46,0x20,0x00,0x9D,0xDC,
    0x23,0x9B,0x02,0xD2,0x0B,0x70,0x6C,0x00,0x9F,0xFE,0x02,0x70,0x0C,0x90,0x0E,0x00,0x0E,0x00,0x0E,0x00,0x9A,0x00,0x4D,0x00,
    0x0E,0x00,0x0E,0x00,0x0D,0x30,0x08,0xD0,0xD0,0xD0,0xD0,0xD0,0xD0,0xD0,0xD0,0xD0,0xD0,0xD0,0x40,0x64,0x00,0x6E,0x20,0x0B,
    0x40,0x0B,0x50,0x0B,0x50,0x06,0xC0,0x0A,0x90,0x0B,0x50,0x0B,0x50,0x1D,0x40,0xAB,0x00,0x28,0x13,0x10,0xBA,0xCC,0x20,0x30,
    0x66,0x00,0x5C,0x49,0x26,0x4C,0x4C,0x4C,0x4C,0x4C,0x12,0x00,0xA5,0x00,0x09,0xFD,0x40,0x6D,0x48,0xC0,0x98,0x01,0x40,0x98,
    0x01,0x60,0x5E,0x59,0xC0,0x08,0xEC,0x30,0x00,0xA5,0x00,0x04,0xDF,0xB0,0x0C,0x83,0x30,0x0E,0x00,0x00,0x3E,0x55,0x10,0x7F,
    0xAA,0x10,0x0E,0x00,0x00,0x0E,0x00,0xB3,0xAF,0xFF,0xF3,0x88,0x77,0xA5,0x2E,0xBC,0xD1,0x2E,0x02,0xD0,0x2E,0x02,0xD0,0x2E,
    0xBC,0xD1,0x89,0x87,0xB5,0xA8,0x00,0xD3,0x4D,0x04,0xC0,0x0C,0x59,0x70,0x29,0xCD,0x41,0x6B,0xDC,0xA2,0x47,0xCA,0x71,0x47,
    0xCA,0x71,0x00,0xA6,0x00,0xD0,0xD0,0xD0,0xD0,0x40,0x00,0xC0,0xD0,0xD0,0xD0,0x40,0x07,0xC8,0x00,0x3D,0x6D,0x30,0x4D,0x21,
    0x00,0x1E,0xEA,0x10,0x8A,0x2B,0x90,0x9A,0x16,0xA0,0x2C,0xED,0x40,0x00,0x5D,0x40,0x8A,0x2C,0x50,0x2C,0xFB,0x00,0x73,0x70,
    0xE6,0xD0,0x00,0x23,0x00,0x08,0x99,0xA1,0x48,0x79,0x58,0x94,0xB7,0x69,0x95,0x81,0x39,0x85,0xCB,0x69,0x2A,0x34,0x95,0x03,
    0xAA,0x60,0x6F,0xB0,0x27,0xE2,0xA8,0xD3,0xAB,0xE3,0x14,0x21,0x05,0x44,0x40,0x1E,0x3D,0x30,0x8A,0x7A,0x00,0xA8,0x99,0x00,
    0x3E,0x3E,0x10,0x08,0x57,0x50,0x8F,0xFF,0xC0,0x11,0x11,0xC0,0x00,0x01,0xC0,0x00,0x22,0x00,0x09,0x89,0x70,0x56,0xC9,0x83,
    0x81,0xAA,0x37,0x81,0xCA,0x46,0x47,0x66,0x92,0x07,0xAA,0x60,0x33,0x20,0xCC,0x70,0x6E,0xA0,0xC2,0xC2,0xB7,0xD1,0x2A,0x50,
    0x00,0x20,0x00,0x00,0xC2,0x00,0x25,0xD6,0x30,0x5C,0xEC,0x80,0x00,0xC2,0x00,0x00,0x92,0x00,0x5A,0xAA,0x70,0x37,0x77,0x50,
    0x04,0x10,0x8B,0xB0,0x32,0xC0,0x4D,0x60,0xAA,0x80,0x57,0x60,0x23,0x20,0x8D,0xC0,0x1C,0x50,0x16,0xC0,0xA9,0xC0,0x16,0x20,
    0x7A,0xC4,0x40,0x6A,0x05,0xA0,0x6B,0x06,0xB0,0x6B,0x06,0xB0,0x6B,0x06,0xB0,0x6D,0x2A,0xC2,0x6F,0xFA,0xD9,0x6A,0x30,0x00,
    0x6A,0x00,0x00,0x23,0x00,0x00,0x8F,0xF7,0xB0,0xEF,0xF7,0xB0,0xDF,0xF7,0xB0,0x5B,0xE7,0xB0,0x00,0xC7,0xB0,0x00,0xC7,0xB0,
    0x00,0xC7,0xB0,0x00,0xC7,0xB0,0x69,0x69,0x11,0x00,0x59,0x00,0x3B,0x30,0x7A,0x00,0x22,0x9B,0x1B,0x1B,0x1B,0x05,0x02,0x20,
    0x5E,0xE4,0xA7,0x6A,0xB6,0x6A,0x6E,0xE5,0x03,0x30,0x44,0x35,0x00,0x4E,0x2E,0x20,0x0B,0x89,0x90,0x0A,0x98,0xA0,0x2E,0x2D,
    0x30,0x67,0x48,0x00,0x44,0x00,0x62,0x00,0x8C,0x01,0xC0,0x00,0x1C,0x07,0x70,0x00,0x1C,0x0B,0x16,0x00,0x1C,0x49,0x4B,0x30,
    0x04,0xA4,0xC5,0xA0,0x02,0xB1,0xEC,0xE1,0x09,0x60,0x35,0xB0,0x03,0x00,0x00,0x00,0x44,0x00,0x62,0x00,0x8C,0x01,0xC0,0x00,
    0x1C,0x07,0x70,0x00,0x1C,0x0B,0x3A,0x70,0x1C,0x49,0x87,0xC2,0x04,0xA4,0x05,0xD1,0x02,0xB0,0x6C,0x30,0x09,0x60,0x9E,0xD2,
    0x03,0x00,0x00,0x00,0x35,0x40,0x07,0x10,0x7B,0xC0,0x2C,0x00,0x1D,0x60,0x96,0x00,0x34,0xC1,0xC0,0x60,0x9B,0xC7,0x86,0xA2,
    0x04,0x2C,0x1C,0x78,0x00,0x59,0x3E,0xCB,0x00,0xA3,0x13,0x78,0x00,0x30,0x00,0x00,0x00,0xD3,0x00,0x00,0xA3,0x00,0x00,0x71,
    0x00,0x05,0xE2,0x00,0x5E,0x91,0x00,0xA8,0x03,0x30,0x99,0x0B,0x70,0x3E,0xED,0x20,0x02,0x51,0x00,0x03,0x80,0x00,0x00,0x00,
    0xC5,0x00,0x00,0x00,0x35,0x00,0x00,0x00,0xBF,0x50,0x00,0x01,0xE9,0x90,0x00,0x05,0xC4,0xD0,0x00,0x09,0x90,0xE3,0x00,0x0D,
    0xA7,0xD7,0x00,0x2E,0xCC,0xDB,0x00,0x7B,0x00,0x2E,0x10,0xB7,0x00,0x0D,0x60,0x00,0x04,0x70,0x00,0x00,0x0C,0x40,0x00,0x00,
    0x25,0x00,0x00,0x00,0xBF,0x50,0x00,0x01,0xE9,0x90,0x00,0x05,0xC4,0xD0,0x00,0x09,0x90,0xE3,0x00,0x0D,0xA7,0xD7,0x00,0x2E,
    0xCC,0xDB,0x00,0x7B,0x00,0x2E,0x10,0xB7,0x00,0x0D,0x60,0x00,0x48,0x10,0x00,0x01,0xC9,0x80,0x00,0x02,0x51,0x60,0x00,0x00,
    0xBF,0x50,0x00,0x01,0xE9,0x90,0x00,0x05,0xC4,0xD0,0x00,0x09,0x90,0xE3,0x00,0x0D,0xA7,0xD7,0x00,0x2E,0xCC,0xDB,0x00,0x7B,
    0x00,0x2E,0x10,0xB7,0x00,0x0D,0x60,0x00,0x52,0x10,0x00,0x04,0xCD,0xC0,0x00,0x00,0x02,0x20,0x00,0x00,0xBF,0x50,0x00,0x01,
    0xE9,0x90,0x00,0x05,0xC4,0xD0,0x00,0x09,0x90,0xE3,0x00,0x0D,0xA7,0xD7,0x00,0x2E,0xCC,0xDB,0x00,0x7B,0x00,0x2E,0x10,0xB7,
    0x00,0x0D,0x60,0x01,0x52,0x40,0x00,0x04,0xF7,0xC0,0x00,0x00,0x21,0x20,0x00,0x00,0xBF,0x50,0x00,0x01,0xE9,0x90,0x00,0x05,
    0xC4,0xD0,0x00,0x09,0x90,0xE3,0x00,0x0D,0xA7,0xD7,0x00,0x2E,0xCC,0xDB,0x00,0x7B,0x00,0x2E,0x10,0xB7,0x00,0x0D,0x60,0x00,
    0x7B,0x30,0x00,0x00,0xA6,0x60,0x00,0x00,0x49,0x10,0x00,0x00,0xBF,0x50,0x00,0x01,0xE9,0x90,0x00,0x05,0xC4,0xD0,0x00,0x09,
    0x90,0xE3,0x00,0x0D,0xA7,0xD7,0x00,0x2E,0xCC,0xDB,0x00,0x7B,0x00,0x2E,0x10,0xB7,0x00,0x0D,0x60,0x00,0xAF,0xFF,0xFC,0x00,
    0xD4,0xE5,0x33,0x04,0xC0,0xE3,0x00,0x09,0x80,0xEB,0xA7,0x0D,0xCB,0xFA,0x96,0x3E,0x88,0xE3,0x00,0x8A,0x00,0xE5,0x33,0xC5,
    0x00,0xEF,0xFD,0x00,0x14,0x20,0x00,0x05,0xEF,0xF8,0x00,0x2E,0x81,0x5E,0x40,0x7C,0x00,0x09,0x70,0x99,0x00,0x00,0x00,0x99,
    0x00,0x00,0x00,0x7C,0x00,0x08,0x80,0x1E,0x81,0x5E,0x50,0x05,0xEF,0xF9,0x00,0x00,0x1B,0x50,0x00,0x00,0x04,0xC0,0x00,0x00,
    0x0D,0x80,0x00,0x07,0x40,0x00,0x05,0xD0,0x00,0x00,0x62,0x00,0x3F,0xFF,0x90,0x3E,0x33,0x20,0x3E,0x00,0x00,0x3F,0xBB,0x50,
    0x3E,0x99,0x40,0x3E,0x00,0x00,0x3E,0x33,0x20,0x3F,0xFF,0xB0,0x00,0x08,0x20,0x00,0x5B,0x00,0x00,0x52,0x00,0x3F,0xFF,0x90,
    0x3E,0x33,0x20,0x3E,0x00,0x00,0x3F,0xBB,0x50,0x3E,0x99,0x40,0x3E,0x00,0x00,0x3E,0x33,0x20,0x3F,0xFF,0xB0,0x00,0x85,0x00,
    0x07,0x9C,0x10,0x06,0x14,0x30,0x3F,0xFF,0x90,0x3E,0x33,0x20,0x3E,0x00,0x00,0x3F,0xBB,0x50,0x3E,0x99,0x40,0x3E,0x00,0x00,
    0x3E,0x33,0x20,0x3F,0xFF,0xB0,0x04,0x25,0x10,0x0C,0x8D,0x50,0x02,0x12,0x00,0x3F,0xFF,0x90,0x3E,0x33,0x20,0x3E,0x00,0x00,
    0x3F,0xBB,0x50,0x3E,0x99,0x40,0x3E,0x00,0x00,0x3E,0x33,0x20,0x3F,0xFF,0xB0,0x28,0x00,0x0B,0x60,0x02,0x50,0x04,0xD0,0x04,
    0xD0,0x04,0xD0,0x04,0xD0,0x04,0xD0,0x04,0xD0,0x04,0xD0,0x04,0xD0,0x03,0x70,0x0B,0x60,0x16,0x00,0x3D,0x00,0x3D,0x00,0x3D,
    0x00,0x3D,0x00,0x3D,0x00,0x3D,0x00,0x3D,0x00,0x3D,0x00,0x04,0x91,0x0C,0x99,0x25,0x06,0x03,0xD0,0x03,0xD0,0x03,0xD0,0x03,
    0xD0,0x03,0xD0,0x03,0xD0,0x03,0xD0,0x03,0xD0,0x05,0x25,0x3F,0x6D,0x02,0x02,0x04,0xD0,0x04,0xD0,0x04,0xD0,0x04,0xD0,0x04,
    0xD0,0x04,0xD0,0x04,0xD0,0x04,0xD0,0x3F,0xFF,0xB2,0x00,0x3E,0x45,0xBC,0x00,0x3E,0x00,0x1E,0x50,0xAF,0xB6,0x0A,0x80,0x8E,
    0x84,0x0B,0x80,0x3E,0x00,0x1E,0x50,0x3E,0x45,0xCC,0x00,0x3F,0xFF,0xB2,0x00,0x00,0x24,0x01,0x00,0x00,0x9D,0xD7,0x00,0x00,
    0x00,0x30,0x00,0x3F,0xD0,0x07,0xA0,0x3D,0xD4,0x07,0xA0,0x3D,0x8A,0x07,0xA0,0x3D,0x1E,0x17,0xA0,0x3D,0x0A,0x87,0xA0,0x3D,
    0x04,0xD8,0xA0,0x3D,0x00,0xDC,0xA0,0x3D,0x00,0x7F,0xA0,0x00,0x74,0x00,0x00,0x00,0x5C,0x00,0x00,0x00,0x19,0x30,0x00,0x04,
    0xEF,0xFA,0x10,0x1E,0x91,0x4D,0x80,0x6D,0x00,0x06,0xD0,0x9A,0x00,0x01,0xF1,0x9A,0x00,0x01,0xF1,0x6D,0x00,0x06,0xD0,0x1E,
    0x91,0x4E,0x80,0x04,0xEF,0xFA,0x00,0x00,0x14,0x30,0x00,0x00,0x00,0x82,0x00,0x00,0x06,0xB0,0x00,0x00,0x18,0x40,0x00,0x04,
    0xEF,0xFA,0x10,0x1E,0x91,0x4D,0x80,0x6D,0x00,0x06,0xD0,0x9A,0x00,0x01,0xF1,0x9A,0x00,0x01,0xF1,0x6D,0x00,0x06,0xD0,0x1E,
    0x91,0x4E,0x80,0x04,0xEF,0xFA,0x00,0x00,0x14,0x30,0x00,0x00,0x08,0x50,0x00,0x00,0x79,0xD1,0x00,0x00,0x65,0x63,0x00,0x04,
    0xEF,0xFA,0x10,0x1E,0x91,0x4D,0x80,0x6D,0x00,0x06,0xD0,0x9A,0x00,0x01,0xF1,0x9A,0x00,0x01,0xF1,0x6D,0x00,0x06,0xD0,0x1E,
    0x91,0x4E,0x80,0x04,0xEF,0xFA,0x00,0x00,0x14,0x30,0x00,0x00,0x24,0x01,0x00,0x00,0xAD,0xC7,0x00,0x00,0x14,0x60,0x00,0x04,
    0xEF,0xFA,0x10,0x1E,0x91,0x4D,0x80,0x6D,0x00,0x06,0xD0,0x9A,0x00,0x01,0xF1,0x9A,0x00,0x01,0xF1,0x6D,0x00,0x06,0xD0,0x1E,
    0x91,0x4E,0x80,0x04,0xEF,0xFA,0x00,0x00,0x14,0x30,0x00,0x00,0x42,0x51,0x00,0x00,0xC7,0xE5,0x00,0x00,0x24,0x40,0x00,0x04,
    0xEF,0xFA,0x10,0x1E,0x91,0x4D,0x80,0x6D,0x00,0x06,0xD0,0x9A,0x00,0x01,0xF1,0x9A,0x00,0x01,0xF1,0x6D,0x00,0x06,0xD0,0x1E,
    0x91,0x4E,0x80,0x04,0xEF,0xFA,0x00,0x00,0x14,0x30,0x00,0x12,0x01,0x20,0x5D,0x1A,0x70,0x09,0xDB,0x00,0x05,0xF8,0x00,0x3D,
    0x5D,0x40,0x36,0x05,0x40,0x00,0x14,0x34,0x50,0x04,0xEF,0xFE,0x40,0x1E,0x91,0x8F,0x80,0x6D,0x01,0xD7,0xD0,0x9A,0x07,0x81,
    0xF1,0x9A,0x1C,0x11,0xF1,0x6D,0x88,0x06,0xD0,0x1E,0xE2,0x4E,0x80,0x0A,0xEF,0xFA,0x00,0x19,0x14,0x30,0x00,0x01,0x81,0x00,
    0x00,0x00,0xA8,0x00,0x00,0x00,0x16,0x00,0x00,0x5C,0x00,0x0F,0x20,0x5C,0x00,0x0F,0x20,0x5C,0x00,0x0F,0x20,0x5C,0x00,0x0F,
    0x20,0x5C,0x00,0x0F,0x20,0x4D,0x00,0x1F,0x10,0x1E,0x71,0x9C,0x00,0x06,0xFF,0xE4,0x00,0x00,0x24,0x10,0x00,0x00,0x03,0x70,
    0x00,0x00,0x0B,0x60,0x00,0x00,0x16,0x00,0x00,0x5C,0x00,0x0F,0x20,0x5C,0x00,0x0F,0x20,0x5C,0x00,0x0F,0x20,0x5C,0x00,0x0F,
    0x20,0x5C,0x00,0x0F,0x20,0x4D,0x00,0x1F,0x10,0x1E,0x71,0x9C,0x00,0x06,0xFF,0xE4,0x00,0x00,0x24,0x10,0x00,0x00,0x39,0x20,
    0x00,0x00,0xC9,0xA0,0x00,0x02,0x50,0x60,0x00,0x5C,0x00,0x0F,0x20,0x5C,0x00,0x0F,0x20,0x5C,0x00,0x0F,0x20,0x5C,0x00,0x0F,
    0x20,0x5C,0x00,0x0F,0x20,0x4D,0x00,0x1F,0x10,0x1E,0x71,0x9C,0x00,0x06,0xFF,0xE4,0x00,0x00,0x24,0x10,0x00,0x00,0x51,0x50,
    0x00,0x02,0xF7,0xE0,0x00,0x00,0x20,0x20,0x00,0x5C,0x00,0x0F,0x20,0x5C,0x00,0x0F,0x20,0x5C,0x00,0x0F,0x20,0x5C,0x00,0x0F,
    0x20,0x5C,0x00,0x0F,0x20,0x4D,0x00,0x1F,0x10,0x1E,0x71,0x9C,0x00,0x06,0xFF,0xE4,0x00,0x00,0x24,0x10,0x00,0x00,0x07,0x30,
    0x00,0x5C,0x00,0x00,0x53,0x00,0xB7,0x00,0xB6,0x5C,0x02,0xE1,0x0D,0x47,0xA0,0x08,0xAC,0x40,0x02,0xED,0x00,0x00,0xA7,0x00,
    0x00,0xA7,0x00,0x00,0xA7,0x00,0x3E,0x00,0x00,0x3F,0xCB,0x30,0x3E,0x7A,0xD0,0x3E,0x00,0xE3,0x3E,0x01,0xE3,0x3F,0x9B,0xD0,
    0x3F,0xA9,0x20,0x3E,0x00,0x00,0x00,0x10,0x00,0x09,0xFD,0x30,0x2F,0x3A,0x90,0x9D,0x08,0x90,0x7D,0x6E,0x40,0x4D,0x28,0xC0,
    0x4D,0x00,0xD4,0x4D,0x02,0xE3,0x4D,0xAE,0xB0,0x00,0x24,0x00,0x0A,0x60,0x00,0x05,0xC0,0x00,0x00,0x70,0x00,0x2D,0xDA,0x00,
    0x16,0x5D,0x50,0x18,0xAD,0x60,0x8B,0x5B,0x60,0xA8,0x0C,0x60,0x6E,0xCC,0x60,0x03,0x30,0x00,0x00,0x69,0x00,0x00,0xB4,0x00,
    0x00,0x70,0x00,0x2D,0xDA,0x00,0x16,0x5D,0x50,0x18,0xAD,0x60,0x8B,0x5B,0x60,0xA8,0x0C,0x60,0x6E,0xCC,0x60,0x03,0x30,0x00,
    0x05,0xD4,0x00,0x0B,0x7A,0x00,0x06,0x06,0x00,0x2D,0xDA,0x00,0x16,0x5D,0x50,0x18,0xAD,0x60,0x8B,0x5B,0x60,0xA8,0x0C,0x60,
    0x6E,0xCC,0x60,0x03,0x30,0x00,0x04,0x31,0x00,0x0C,0xDB,0x00,0x00,0x12,0x00,0x2D,0xDA,0x00,0x16,0x5D,0x50,0x18,0xAD,0x60,
    0x8B,0x5B,0x60,0xA8,0x0C,0x60,0x6E,0xCC,0x60,0x03,0x30,0x00,0x06,0x15,0x00,0x1F,0x6D,0x00,0x01,0x01,0x00,0x2D,0xDA,0x00,
    0x16,0x5D,0x50,0x18,0xAD,0x60,0x8B,0x5B,0x60,0xA8,0x0C,0x60,0x6E,0xCC,0x60,0x03,0x30,0x00,0x06,0xC5,0x00,0x09,0x67,0x00,
    0x02,0x81,0x00,0x2D,0xDA,0x00,0x16,0x5D,0x50,0x18,0xAD,0x60,0x8B,0x5B,0x60,0xA8,0x0C,0x60,0x6E,0xCC,0x60,0x03,0x30,0x00,
    0x00,0x00,0x02,0x00,0x2D,0xD8,0xAF,0xD3,0x16,0x5D,0xC4,0xAA,0x18,0xAD,0xB8,0xAD,0x9B,0x5C,0xA7,0x76,0xA8,0x0C,0xB0,0x59,
    0x5E,0xE7,0xCE,0xE5,0x01,0x20,0x04,0x20,0x00,0x21,0x00,0x0A,0xFE,0x40,0x6D,0x37,0xC0,0x99,0x01,0x40,0x98,0x00,0x30,0x6D,
    0x16,0xD0,0x1C,0xFF,0x60,0x00,0xA6,0x00,0x00,0x5C,0x00,0x00,0xB8,0x00,0x06,0xB0,0x00,0x01,0xE2,0x00,0x00,0x52,0x00,0x0A,
    0xFE,0x40,0x6D,0x27,0xC0,0x9C,0x99,0xE0,0x9B,0x77,0x70,0x7C,0x14,0xA0,0x1C,0xEE,0x60,0x00,0x42,0x00,0x00,0x3C,0x00,0x00,
    0x88,0x00,0x00,0x52,0x00,0x0A,0xFE,0x40,0x6D,0x27,0xC0,0x9C,0x99,0xE0,0x9B,0x77,0x70,0x7C,0x14,0xA0,0x1C,0xEE,0x60,0x00,
    0x42,0x00,0x02,0xD8,0x00,0x08,0x7C,0x00,0x05,0x25,0x10,0x0A,0xFE,0x40,0x6D,0x27,0xC0,0x9C,0x99,0xE0,0x9B,0x77,0x70,0x7C,
    0x14,0xA0,0x1C,0xEE,0x60,0x00,0x42,0x00,0x06,0x37,0x10,0x0B,0x7D,0x30,0x00,0x21,0x00,0x0A,0xFE,0x40,0x6D,0x27,0xC0,0x9C,
    0x99,0xE0,0x9B,0x77,0x70,0x7C,0x14,0xA0,0x1C,0xEE,0x60,0x00,0x42,0x00,0xD2,0x97,0x24,0xBD,0x4E,0x2E,0x2E,0x2E,0x2E,0x0B,
    0x50,0x1D,0x00,0x24,0x00,0xAD,0x00,0x2E,0x00,0x1E,0x00,0x1E,0x00,0x1E,0x00,0x1E,0x00,0x0A,0xC1,0x1C,0x96,0x24,0x24,0x0B,
    0xD0,0x04,0xE0,0x02,0xE0,0x02,0xE0,0x02,0xE0,0x02,0xE0,0x26,0x45,0x4C,0x99,0x00,0x00,0x0B,0xD0,0x04,0xE0,0x02,0xE0,0x02,
    0xE0,0x02,0xE0,0x02,0xE0,0x00,0x10,0x41,0x07,0xEE,0xB1,0x00,0x1B,0xD0,0x05,0xA8,0xC2,0x4E,0x8A,0xE4,0x9A,0x00,0xD5,0x98,
    0x00,0xC4,0x7C,0x13,0xE1,0x1C,0xFF,0x70,0x00,0x43,0x00,0x03,0x71,0x10,0x07,0xBE,0x30,0x00,0x12,0x00,0x4A,0xDF,0x60,0x5E,
    0x48,0xC0,0x5C,0x03,0xE0,0x5C,0x03,0xE0,0x5C,0x03,0xE0,0x5C,0x03,0xE0,0x03,0xD0,0x00,0x00,0xC5,0x00,0x00,0x44,0x00,0x09,
    0xFF,0x70,0x5E,0x34,0xE3,0x99,0x00,0xB7,0x99,0x00,0xA7,0x6D,0x22,0xE4,0x0B,0xFF,0x90,0x00,0x33,0x00,0x00,0x0D,0x10,0x00,
    0x5A,0x00,0x00,0x43,0x00,0x09,0xFF,0x70,0x5E,0x34,0xE3,0x99,0x00,0xB7,0x99,0x00,0xA7,0x6D,0x22,0xE4,0x0B,0xFF,0x90,0x00,
    0x33,0x00,0x00,0xCB,0x00,0x05,0xAB,0x20,0x03,0x34,0x30,0x09,0xFF,0x70,0x5E,0x34,0xE3,0x99,0x00,0xB7,0x99,0x00,0xA7,0x6D,
    0x22,0xE4,0x0B,0xFF,0x90,0x00,0x33,0x00,0x02,0x71,0x10,0x06,0xBE,0x50,0x00,0x12,0x00,0x09,0xFF,0x70,0x5E,0x34,0xE3,0x99,
    0x00,0xB7,0x99,0x00,0xA7,0x6D,0x22,0xE4,0x0B,0xFF,0x90,0x00,0x33,0x00,0x04,0x56,0x20,0x07,0xAB,0x60,0x00,0x11,0x00,0x09,
    0xFF,0x70,0x5E,0x34,0xE3,0x99,0x00,0xB7,0x99,0x00,0xA7,0x6D,0x22,0xE4,0x0B,0xFF,0x90,0x00,0x33,0x00,0x00,0xB2,0x00,0x00,
    0xA2,0x00,0x35,0x55,0x40,0x6C,0xCC,0x80,0x00,0x41,0x00,0x00,0xE3,0x00,0x00,0x31,0x00,0x00,0x11,0x61,0x09,0xFF,0xC0,0x5E,
    0x3A,0xE3,0x99,0x3A,0xB7,0x99,0xA3,0xA7,0x6E,0xA2,0xE4,0x0E,0xFF,0x90,0x37,0x33,0x00,0x07,0xA0,0x00,0x01,0xE1,0x00,0x00,
    0x42,0x00,0x6A,0x05,0xA0,0x6B,0x06,0xB0,0x6B,0x06,0xB0,0x6B,0x06,0xB0,0x5D,0x19,0xB0,0x1D,0xFB,0xB0,0x01,0x40,0x00,0x00,
    0x4C,0x00,0x00,0x97,0x00,0x00,0x51,0x00,0x6A,0x05,0xA0,0x6B,0x06,0xB0,0x6B,0x06,0xB0,0x6B,0x06,0xB0,0x5D,0x19,0xB0,0x1D,
    0xFB,0xB0,0x01,0x40,0x00,0x02,0xD8,0x00,0x08,0x7C,0x00,0x05,0x14,0x10,0x6A,0x05,0xA0,0x6B,0x06,0xB0,0x6B,0x06,0xB0,0x6B,
    0x06,0xB0,0x5D,0x19,0xB0,0x1D,0xFB,0xB0,0x01,0x40,0x00,0x06,0x37,0x10,0x0B,0x6D,0x20,0x00,0x00,0x00,0x6A,0x05,0xA0,0x6B,
    0x06,0xB0,0x6B,0x06,0xB0,0x6B,0x06,0xB0,0x5D,0x19,0xB0,0x1D,0xFB,0xB0,0x01,0x40,0x00,0x00,0x88,0x00,0x00,0xC2,0x00,0x00,
    0x50,0x00,0xB5,0x08,0x70,0x99,0x0C,0x50,0x4D,0x0E,0x10,0x0E,0x5C,0x00,0x0B,0xBA,0x00,0x07,0xF6,0x00,0x00,0xC2,0x00,0x7D,
    0xC0,0x00,0x46,0x20,0x00,0x5C,0x00,0x00,0x5C,0x02,0x00,0x5D,0xCF,0xB1,0x5F,0x63,0xD6,0x5C,0x00,0x99,0x5C,0x00,0x89,0x5F,
    0x41,0xD7,0x5D,0xEE,0xC1,0x5C,0x14,0x00,0x5C,0x00,0x00,0x24,0x00,0x00,0x07,0x36,0x00,0x1E,0x7C,0x00,0x00,0x00,0x00,0xB5,
    0x08,0x70,0x99,0x0C,0x50,0x4D,0x0E,0x10,0x0E,0x5C,0x00,0x0B,0xBA,0x00,0x07,0xF6,0x00,0x00,0xC2,0x00,0x7D,0xC0,0x00,0x46,
    0x20,0x00,0x03,0xDD,0xC0,0x00,0x00,0x00,0x00,0x00,0x00,0xBF,0x50,0x00,0x01,0xE9,0x90,0x00,0x05,0xC4,0xD0,0x00,0x09,0x90,
    0xE3,0x00,0x0D,0xA7,0xD7,0x00,0x2E,0xCC,0xDB,0x00,0x7B,0x00,0x2E,0x10,0xB7,0x00,0x0D,0x60,0x01,0x11,0x00,0x0C,0xDA,0x00,
    0x00,0x00,0x00,0x2D,0xDA,0x00,0x16,0x5D,0x50,0x18,0xAD,0x60,0x8B,0x5B,0x60,0xA8,0x0C,0x60,0x6E,0xCC,0x60,0x03,0x30,0x00,
    0x02,0x50,0x60,0x00,0x01,0xD9,0xA0,0x00,0x00,0x47,0x10,0x00,0x00,0xBF,0x50,0x00,0x01,0xE9,0x90,0x00,0x05,0xC4,0xD0,0x00,
    0x09,0x90,0xE3,0x00,0x0D,0xA7,0xD7,0x00,0x2E,0xCC,0xDB,0x00,0x7B,0x00,0x2E,0x10,0xB7,0x00,0x0D,0x60,0x0B,0x0A,0x00,0x0B,
    0x9A,0x00,0x03,0x82,0x00,0x2D,0xDA,0x00,0x16,0x5D,0x50,0x18,0xAD,0x60,0x8B,0x5B,0x60,0xA8,0x0C,0x60,0x6E,0xCC,0x60,0x03,
    0x30,0x00,0x00,0xBF,0x50,0x00,0x01,0xE9,0x90,0x00,0x05,0xC4,0xD0,0x00,0x09,0x90,0xE3,0x00,0x0D,0xA7,0xD7,0x00,0x2E,0xCC,
    0xDB,0x00,0x7B,0x00,0x2E,0x10,0xB7,0x00,0x0D,0x60,0x00,0x00,0x2C,0x10,0x00,0x00,0x5A,0x20,0x00,0x00,0x1B,0x60,0x2D,0xDA,
    0x00,0x16,0x5D,0x50,0x18,0xAD,0x60,0x8B,0x5B,0x60,0xA8,0x0C,0x60,0x6E,0xCC,0x60,0x03,0x3B,0x10,0x00,0x1C,0x30,0x00,0x08,
    0x50,0x00,0x01,0x81,0x00,0x00,0x08,0x90,0x00,0x00,0x19,0x20,0x00,0x05,0xEF,0xF8,0x00,0x2E,0x81,0x5E,0x40,0x7C,0x00,0x09,
    0x70,0x99,0x00,0x00,0x00,0x99,0x00,0x00,0x00,0x7C,0x00,0x08,0x80,0x1E,0x81,0x5E,0x50,0x05,0xEF,0xF9,0x00,0x00,0x14,0x20,
    0x00,0x00,0x2D,0x00,0x00,0x79,0x00,0x00,0x52,0x00,0x0A,0xFE,0x40,0x6D,0x37,0xC0,0x99,0x01,0x40,0x98,0x00,0x30,0x6D,0x16,
    0xD0,0x1C,0xFF,0x60,0x00,0x42,0x00,0x00,0x19,0x40,0x00,0x00,0x99,0xC0,0x00,0x00,0x74,0x72,0x00,0x05,0xEF,0xF8,0x00,0x2E,
    0x81,0x5E,0x40,0x7C,0x00,0x09,0x70,0x99,0x00,0x00,0x00,0x99,0x00,0x00,0x00,0x7C,0x00,0x08,0x80,0x1E,0x81,0x5E,0x50,0x05,
    0xEF,0xF9,0x00,0x00,0x14,0x20,0x00,0x01,0xD9,0x00,0x07,0x8C,0x10,0x04,0x34,0x20,0x0A,0xFE,0x40,0x6D,0x37,0xC0,0x99,0x01,
    0x40,0x98,0x00,0x30,0x6D,0x16,0xD0,0x1C,0xFF,0x60,0x00,0x42,0x00,0x00,0x05,0x10,0x00,0x00,0x0E,0x40,0x00,0x00,0x16,0x20,
    0x00,0x05,0xEF,0xF8,0x00,0x2E,0x81,0x5E,0x40,0x7C,0x00,0x09,0x70,0x99,0x00,0x00,0x00,0x99,0x00,0x00,0x00,0x7C,0x00,0x08,
    0x80,0x1E,0x81,0x5E,0x50,0x05,0xEF,0xF9,0x00,0x00,0x14,0x20,0x00,0x00,0x63,0x00,0x00,0xB6,0x00,0x00,0x21,0x00,0x0A,0xFE,
    0x40,0x6D,0x37,0xC0,0x99,0x01,0x40,0x98,0x00,0x30,0x6D,0x16,0xD0,0x1C,0xFF,0x60,0x00,0x42,0x00,0x00,0x80,0x71,0x00,0x00,
    0x9A,0xB0,0x00,0x00,0x2A,0x40,0x00,0x05,0xEF,0xF8,0x00,0x2E,0x81,0x5E,0x40,0x7C,0x00,0x09,0x70,0x99,0x00,0x00,0x00,0x99,
    0x00,0x00,0x00,0x7C,0x00,0x08,0x80,0x1E,0x81,0x5E,0x50,0x05,0xEF,0xF9,0x00,0x00,0x14,0x20,0x00,0x09,0x5B,0x10,0x04,0xCA,
    0x00,0x00,0x63,0x00,0x0A,0xFE,0x40,0x6D,0x37,0xC0,0x99,0x01,0x40,0x98,0x00,0x30,0x6D,0x16,0xD0,0x1C,0xFF,0x60,0x00,0x42,
    0x00,0x03,0x52,0x60,0x00,0x01,0xDA,0x70,0x00,0x00,0x47,0x00,0x00,0x3F,0xFF,0xB2,0x00,0x3E,0x45,0xBC,0x00,0x3E,0x00,0x1E,
    0x50,0x3E,0x00,0x0A,0x80,0x3E,0x00,0x0B,0x80,0x3E,0x00,0x1E,0x50,0x3E,0x45,0xCC,0x00,0x3F,0xFF,0xB2,0x00,0x00,0x00,0x03,
    0xA0,0x00,0x00,0xC7,0xB0,0x00,0x20,0xC7,0x90,0x0A,0xFD,0xD5,0x00,0x6D,0x35,0xF5,0x00,0x99,0x00,0xC5,0x00,0x99,0x00,0xC5,
    0x00,0x6D,0x23,0xF5,0x00,0x1C,0xFE,0xB5,0x00,0x00,0x42,0x00,0x00,0x3F,0xFF,0xB2,0x00,0x3E,0x45,0xBC,0x00,0x3E,0x00,0x1E,
    0x50,0xAF,0xB6,0x0A,0x80,0x8E,0x84,0x0B,0x80,0x3E,0x00,0x1E,0x50,0x3E,0x45,0xCC,0x00,0x3F,0xFF,0xB2,0x00,0x00,0x39,0xE9,
    0x00,0x37,0xD8,0x0A,0xFD,0xD5,0x6D,0x35,0xF5,0x99,0x00,0xC5,0x99,0x00,0xC5,0x6D,0x23,0xF5,0x1C,0xFE,0xB5,0x00,0x42,0x00,
    0x0B,0xDD,0x40,0x00,0x00,0x00,0x3F,0xFF,0x90,0x3E,0x33,0x20,0x3E,0x00,0x00,0x3F,0xBB,0x50,0x3E,0x99,0x40,0x3E,0x00,0x00,
    0x3E,0x33,0x20,0x3F,0xFF,0xB0,0x02,0x33,0x00,0x08,0xCC,0x00,0x00,0x21,0x00,0x0A,0xFE,0x40,0x6D,0x27,0xC0,0x9C,0x99,0xE0,
    0x9B,0x77,0x70,0x7C,0x14,0xA0,0x1C,0xEE,0x60,0x00,0x42,0x00,0x06,0x14,0x20,0x09,0x9C,0x20,0x01,0x75,0x00,0x3F,0xFF,0x90,
    0x3E,0x33,0x20,0x3E,0x00,0x00,0x3F,0xBB,0x50,0x3E,0x99,0x40,0x3E,0x00,0x00,0x3E,0x33,0x20,0x3F,0xFF,0xB0,0x0B,0x2A,0x10,
    0x07,0xBC,0x00,0x00,0x73,0x00,0x0A,0xFE,0x40,0x6D,0x27,0xC0,0x9C,0x99,0xE0,0x9B,0x77,0x70,0x7C,0x14,0xA0,0x1C,0xEE,0x60,
    0x00,0x42,0x00,0x00,0x42,0x00,0x00,0xC7,0x00,0x00,0x21,0x00,0x3F,0xFF,0x90,0x3E,0x33,0x20,0x3E,0x00,0x00,0x3F,0xBB,0x50,
    0x3E,0x99,0x40,0x3E,0x00,0x00,0x3E,0x33,0x20,0x3F,0xFF,0xB0,0x00,0x62,0x00,0x00,0xC5,0x00,0x00,0x21,0x00,0x0A,0xFE,0x40,
    0x6D,0x27,0xC0,0x9C,0x99,0xE0,0x9B,0x77,0x70,0x7C,0x14,0xA0,0x1C,0xEE,0x60,0x00,0x42,0x00,0x3F,0xFF,0x90,0x3E,0x33,0x20,
    0x3E,0x00,0x00,0x3F,0xBB,0x50,0x3E,0x99,0x40,0x3E,0x00,0x00,0x3E,0x33,0x20,0x3F,0xFF,0xB0,0x00,0x0A,0x40,0x00,0x0C,0x30,
    0x00,0x07,0xA0,0x00,0x21,0x00,0x0A,0xFE,0x40,0x6D,0x27,0xC0,0x9C,0x99,0xE0,0x9B,0x77,0x70,0x7C,0x14,0xA0,0x1C,0xEF,0x60,
    0x00,0x5B,0x00,0x00,0x1D,0x60,0x00,0x02,0x10,0x07,0x26,0x30,0x07,0xBC,0x00,0x00,0x64,0x00,0x3F,0xFF,0x90,0x3E,0x33,0x20,
    0x3E,0x00,0x00,0x3F,0xBB,0x50,0x3E,0x99,0x40,0x3E,0x00,0x00,0x3E,0x33,0x20,0x3F,0xFF,0xB0,0x0A,0x4B,0x00,0x04,0xCA,0x00,
    0x00,0x73,0x00,0x0A,0xFE,0x40,0x6D,0x27,0xC0,0x9C,0x99,0xE0,0x9B,0x77,0x70,0x7C,0x14,0xA0,0x1C,0xEE,0x60,0x00,0x42,0x00,
    0x00,0x29,0x30,0x00,0x00,0xA9,0xC0,0x00,0x00,0x74,0x72,0x00,0x05,0xEF,0xF8,0x00,0x1E,0x81,0x6F,0x30,0x7C,0x00,0x09,0x70,
    0x99,0x01,0x11,0x10,0x99,0x08,0xFF,0xE0,0x7C,0x00,0x0A,0x70,0x1E,0x81,0x3D,0x70,0x05,0xEF,0xFA,0x10,0x00,0x14,0x30,0x00,
    0x00,0xCA,0x00,0x06,0x9B,0x20,0x03,0x33,0x20,0x0B,0xFD,0xA3,0x6D,0x25,0xF4,0x99,0x00,0xD4,0x99,0x00,0xD4,0x6E,0x58,0xF4,
    0x0A,0xFB,0xD4,0x00,0x02,0xE2,0x0A,0xCE,0xA0,0x05,0x75,0x00,0x00,0x60,0x51,0x00,0x00,0xB8,0xC0,0x00,0x00,0x3A,0x50,0x00,
    0x05,0xEF,0xF8,0x00,0x1E,0x81,0x6F,0x30,0x7C,0x00,0x09,0x70,0x99,0x01,0x11,0x10,0x99,0x08,0xFF,0xE0,0x7C,0x00,0x0A,0x70,
    0x1E,0x81,0x3D,0x70,0x05,0xEF,0xFA,0x10,0x00,0x14,0x30,0x00,0x01,0x00,0x00,0x08,0x58,0x40,0x04,0xCC,0x10,0x00,0x64,0x00,
    0x0B,0xFD,0xA3,0x6D,0x25,0xF4,0x99,0x00,0xD4,0x99,0x00,0xD4,0x6E,0x58,0xF4,0x0A,0xFB,0xD4,0x00,0x02,0xE2,0x0A,0xCE,0xA0,
    0x05,0x75,0x00,0x00,0x05,0x00,0x00,0x00,0x0E,0x30,0x00,0x00,0x15,0x20,0x00,0x05,0xEF,0xF8,0x00,0x1E,0x81,0x6F,0x30,0x7C,
    0x00,0x09,0x70,0x99,0x01,0x11,0x10,0x99,0x08,0xFF,0xE0,0x7C,0x00,0x0A,0x70,0x1E,0x81,0x3D,0x70,0x05,0xEF,0xFA,0x10,0x00,
    0x14,0x30,0x00,0x00,0x64,0x00,0x00,0xA7,0x00,0x00,0x20,0x00,0x0B,0xFD,0xA3,0x6D,0x25,0xF4,0x99,0x00,0xD4,0x99,0x00,0xD4,
    0x6E,0x58,0xF4,0x0A,0xFB,0xD4,0x00,0x02,0xE2,0x0A,0xCE,0xA0,0x05,0x75,0x00,0x00,0x14,0x20,0x00,0x05,0xEF,0xF8,0x00,0x1E,
    0x81,0x6F,0x30,0x7C,0x00,0x09,0x70,0x99,0x01,0x11,0x10,0x99,0x08,0xFF,0xE0,0x7C,0x00,0x0A,0x70,0x1E,0x81,0x3D,0x70,0x05,
    0xEF,0xFA,0x10,0x00,0x18,0x30,0x00,0x00,0x0B,0x70,0x00,0x00,0x08,0x50,0x00,0x00,0x04,0x00,0x00,0x00,0x12,0x00,0x00,0x94,
    0x00,0x00,0xB7,0x00,0x00,0x53,0x00,0x0B,0xFD,0xA3,0x6D,0x25,0xF4,0x99,0x00,0xD4,0x99,0x00,0xD4,0x6E,0x58,0xF4,0x0A,0xFB,
    0xD4,0x00,0x02,0xE2,0x0A,0xCE,0xA0,0x05,0x75,0x00,0x3E,0x00,0x0E,0x20,0xBF,0xFF,0xFF,0xA0,0x3E,0x00,0x0E,0x20,0x3F,0x99,
    0x9F,0x20,0x3F,0xAA,0xAF,0x20,0x3E,0x00,0x0E,0x20,0x3E,0x00,0x0E,0x20,0x3E,0x00,0x0E,0x20,0x8D,0x73,0x00,0x9E,0x84,0x00,
    0x5D,0xDF,0x60,0x5F,0x48,0xC0,0x5D,0x03,0xE0,0x5C,0x03,0xE0,0x5C,0x03,0xE0,0x5C,0x03,0xE0,0x05,0x21,0x2C,0xDD,0x00,0x22,
    0x03,0xD0,0x03,0xD0,0x03,0xD0,0x03,0xD0,0x03,0xD0,0x03,0xD0,0x03,0xD0,0x03,0xD0,0x17,0x21,0x3B,0xE8,0x00,0x10,0x0B,0xD0,
    0x04,0xE0,0x02,0xE0,0x02,0xE0,0x02,0xE0,0x02,0xE0,0x2D,0xDC,0x00,0x00,0x04,0xD0,0x04,0xD0,0x04,0xD0,0x04,0xD0,0x04,0xD0,
    0x04,0xD0,0x04,0xD0,0x04,0xD0,0x03,0x32,0x2C,0xC7,0x00,0x00,0x0B,0xD0,0x04,0xE0,0x02,0xE0,0x02,0xE0,0x02,0xE0,0x02,0xE0,
    0x15,0x06,0x0C,0x8A,0x04,0x71,0x04,0xD0,0x04,0xD0,0x04,0xD0,0x04,0xD0,0x04,0xD0,0x04,0xD0,0x04,0xD0,0x04,0xD0,0x49,0x49,
    0x1C,0xC5,0x04,0x50,0x0B,0xD0,0x04,0xE0,0x02,0xE0,0x02,0xE0,0x02,0xE0,0x02,0xE0,0x3D,0x3D,0x3D,0x3D,0x3D,0x3D,0x3D,0x3D,
    0x77,0xA6,0x5B,0x13,0x5D,0x13,0xAD,0x2E,0x1E,0x1E,0x1E,0x1E,0x58,0x89,0x29,0x15,0x4E,0x02,0x3D,0x3D,0x3D,0x3D,0x3D,0x3D,
    0x3D,0x3D,0xAD,0x2E,0x1E,0x1E,0x1E,0x1E,0x00,0x77,0x00,0x04,0xCB,0x40,0x05,0x33,0x40,0x0D,0xFF,0xC0,0x03,0x37,0xC0,0x00,
    0x05,0xC0,0x00,0x05,0xC0,0x10,0x05,0xC0,0xB7,0x05,0xC0,0x9B,0x19,0xA0,0x2D,0xFE,0x30,0x01,0x42,0x00,0x09,0xD1,0x1C,0x87,
    0x24,0x14,0x09,0xD0,0x02,0xF0,0x00,0xF0,0x00,0xF0,0x00,0xF0,0x00,0xF0,0x01,0xF0,0x0E,0xC0,0x05,0x10,0x3E,0x02,0xE5,0x00,
    0x3E,0x0A,0x90,0x00,0x3E,0x5D,0x10,0x00,0x3E,0xD7,0x00,0x00,0x3E,0x8D,0x10,0x00,0x3E,0x0B,0x90,0x00,0x3E,0x03,0xE4,0x00,
    0x3E,0x00,0x8D,0x10,0x00,0x16,0x00,0x00,0x00,0x3D,0x00,0x00,0x00,0x2A,0x00,0x00,0x00,0x22,0x00,0x00,0x5C,0x00,0x00,0x5C,
    0x00,0x00,0x5C,0x09,0x60,0x5C,0x4C,0x00,0x5D,0xD5,0x00,0x5D,0x9A,0x00,0x5C,0x1D,0x40,0x5C,0x06,0xD0,0x00,0x53,0x00,0x00,
    0x98,0x00,0x00,0x77,0x00,0x00,0x20,0x00,0x03,0x70,0x00,0x0B,0x60,0x00,0x16,0x00,0x00,0x3E,0x00,0x00,0x3E,0x00,0x00,0x3E,
    0x00,0x00,0x3E,0x00,0x00,0x3E,0x00,0x00,0x3E,0x00,0x00,0x3E,0x44,0x20,0x3F,0xFF,0x90,0x06,0x50,0x2D,0x20,0x34,0x00,0xDC,
    0x00,0x4C,0x00,0x4C,0x00,0x4C,0x00,0x4C,0x00,0x4C,0x00,0x4C,0x00,0x4C,0x00,0x3E,0x00,0x00,0x3E,0x00,0x00,0x3E,0x00,0x00,
    0x3E,0x00,0x00,0x3E,0x00,0x00,0x3E,0x00,0x00,0x3E,0x44,0x20,0x3F,0xFF,0x90,0x00,0x61,0x00,0x00,0xB6,0x00,0x00,0x94,0x00,
    0x00,0x30,0x00,0xDC,0x4C,0x4C,0x4C,0x4C,0x4C,0x4C,0x4C,0x26,0x3D,0x3A,0x11,0x00,0x1C,0x00,0x3E,0x1C,0x00,0x3E,0x19,0x00,
    0x3E,0x00,0x00,0x3E,0x00,0x00,0x3E,0x00,0x00,0x3E,0x00,0x00,0x3E,0x44,0x20,0x3F,0xFF,0x90,0x00,0xA4,0xDC,0xB3,0x4C,0x92,
    0x4C,0x00,0x4C,0x00,0x4C,0x00,0x4C,0x00,0x4C,0x00,0x4C,0x00,0x3E,0x00,0x00,0x3E,0x00,0x00,0x3E,0x33,0x00,0x3C,0xD3,0x00,
    0x9B,0x20,0x00,0x7E,0x00,0x00,0x3E,0x44,0x20,0x3F,0xFF,0x90,0xDC,0x00,0x4C,0x00,0x4C,0x00,0x4D,0x60,0x9C,0x20,0x8C,0x00,
    0x4C,0x00,0x4C,0x00,0x00,0x00,0x74,0x00,0x00,0x04,0xD1,0x00,0x00,0x04,0x30,0x00,0x3F,0xD0,0x07,0xA0,0x3D,0xD4,0x07,0xA0,
    0x3D,0x8A,0x07,0xA0,0x3D,0x1E,0x17,0xA0,0x3D,0x0A,0x87,0xA0,0x3D,0x04,0xD8,0xA0,0x3D,0x00,0xDC,0xA0,0x3D,0x00,0x7F,0xA0,
    0x00,0x1D,0x10,0x00,0x69,0x00,0x00,0x43,0x00,0x4A,0xDF,0x60,0x5E,0x48,0xC0,0x5C,0x03,0xE0,0x5C,0x03,0xE0,0x5C,0x03,0xE0,
    0x5C,0x03,0xE0,0x3F,0xD0,0x07,0xA0,0x3D,0xD4,0x07,0xA0,0x3D,0x8A,0x07,0xA0,0x3D,0x1E,0x17,0xA0,0x3D,0x0A,0x87,0xA0,0x3D,
    0x04,0xD8,0xA0,0x3D,0x00,0xDC,0xA0,0x3D,0x00,0x7F,0xA0,0x00,0x07,0x00,0x00,0x00,0x0D,0x40,0x00,0x00,0x0A,0x20,0x00,0x00,
    0x03,0x00,0x00,0x00,0x11,0x00,0x4A,0xDF,0x60,0x5E,0x48,0xC0,0x5C,0x03,0xE0,0x5C,0x03,0xE0,0x5C,0x03,0xE0,0x5C,0x03,0xE0,
    0x00,0x53,0x00,0x00,0x89,0x00,0x00,0x77,0x00,0x00,0x20,0x00,0x00,0x63,0x64,0x00,0x00,0x5B,0xD1,0x00,0x00,0x06,0x40,0x00,
    0x3F,0xD0,0x07,0xA0,0x3D,0xD4,0x07,0xA0,0x3D,0x8A,0x07,0xA0,0x3D,0x1E,0x17,0xA0,0x3D,0x0A,0x87,0xA0,0x3D,0x04,0xD8,0xA0,
    0x3D,0x00,0xDC,0xA0,0x3D,0x00,0x7F,0xA0,0x08,0x6B,0x10,0x02,0xDB,0x00,0x00,0x54,0x00,0x4A,0xDF,0x60,0x5E,0x48,0xC0,0x5C,
    0x03,0xE0,0x5C,0x03,0xE0,0x5C,0x03,0xE0,0x5C,0x03,0xE0,0x3F,0xD0,0x07,0xA0,0x3D,0xD4,0x07,0xA0,0x3D,0x8A,0x07,0xA0,0x3D,
    0x1E,0x17,0xA0,0x3D,0x0A,0x87,0xA0,0x3D,0x04,0xD8,0xA0,0x3D,0x00,0xDC,0xA0,0x3D,0x00,0x6E,0xA0,0x00,0x00,0x08,0x90,0x00,
    0x03,0xBE,0x60,0x00,0x03,0x96,0x00,0x00,0x11,0x00,0x4A,0xDF,0x60,0x5E,0x48,0xC0,0x5C,0x03,0xE0,0x5C,0x03,0xE0,0x5C,0x03,
    0xE0,0x5C,0x03,0xE0,0x00,0x04,0xD0,0x00,0x5E,0xA0,0x00,0x24,0x00,0x00,0xBD,0xD4,0x00,0x00,0x14,0x30,0x00,0x04,0xEF,0xFA,
    0x10,0x1E,0x91,0x4D,0x80,0x6D,0x00,0x06,0xD0,0x9A,0x00,0x01,0xF1,0x9A,0x00,0x01,0xF1,0x6D,0x00,0x06,0xD0,0x1E,0x91,0x4E,
    0x80,0x04,0xEF,0xFA,0x00,0x00,0x14,0x30,0x00,0x01,0x33,0x10,0x05,0xCC,0x30,0x00,0x11,0x00,0x09,0xFF,0x70,0x5E,0x34,0xE3,
    0x99,0x00,0xB7,0x99,0x00,0xA7,0x6D,0x22,0xE4,0x0B,0xFF,0x90,0x00,0x33,0x00,0x00,0x61,0x42,0x00,0x00,0x99,0xC2,0x00,0x00,
    0x1A,0x60,0x00,0x04,0xEF,0xFA,0x10,0x1E,0x91,0x4D,0x80,0x6D,0x00,0x06,0xD0,0x9A,0x00,0x01,0xF1,0x9A,0x00,0x01,0xF1,0x6D,
    0x00,0x06,0xD0,0x1E,0x91,0x4E,0x80,0x04,0xEF,0xFA,0x00,0x00,0x14,0x30,0x00,0x07,0x67,0x50,0x04,0xCC,0x20,0x00,0x55,0x00,
    0x09,0xFF,0x70,0x5E,0x34,0xE3,0x99,0x00,0xB7,0x99,0x00,0xA7,0x6D,0x22,0xE4,0x0B,0xFF,0x90,0x00,0x33,0x00,0x00,0x07,0x55,
    0x00,0x00,0x3B,0xB4,0x00,0x00,0x46,0x70,0x00,0x04,0xEF,0xFA,0x10,0x1E,0x91,0x4D,0x80,0x6D,0x00,0x06,0xD0,0x9A,0x00,0x01,
    0xF1,0x9A,0x00,0x01,0xF1,0x6D,0x00,0x06,0xD0,0x1E,0x91,0x4E,0x80,0x04,0xEF,0xFA,0x00,0x00,0x14,0x30,0x00,0x00,0xA7,0xA0,
    0x00,0xD8,0x60,0x01,0x55,0x10,0x09,0xFF,0x70,0x5E,0x34,0xE3,0x99,0x00,0xB7,0x99,0x00,0xA7,0x6D,0x22,0xE4,0x0B,0xFF,0x90,
    0x00,0x33,0x00,0x00,0x14,0x30,0x00,0x00,0x04,0xEF,0xFF,0xFF,0x80,0x1E,0x91,0x6D,0x33,0x20,0x7D,0x00,0x5D,0x00,0x00,0x9A,
    0x00,0x5E,0xBB,0x40,0x9A,0x00,0x5E,0x99,0x30,0x6D,0x00,0x5D,0x00,0x00,0x1E,0x91,0x6D,0x33,0x20,0x04,0xEF,0xFF,0xFF,0x90,
    0x00,0x14,0x30,0x00,0x00,0x00,0x11,0x00,0x21,0x00,0x09,0xFE,0x6A,0xFE,0x30,0x5E,0x35,0xEC,0x28,0xB0,0x99,0x00,0xBB,0x89,
    0xE0,0x98,0x00,0xBA,0x77,0x60,0x6D,0x12,0xEC,0x15,0xA0,0x0B,0xEF,0x9C,0xEF,0x60,0x00,0x43,0x00,0x42,0x00,0x00,0x05,0x40,
    0x00,0x2D,0x20,0x00,0x44,0x00,0x3F,0xFE,0x90,0x3E,0x35,0xE5,0x3E,0x00,0xB8,0x3E,0x01,0xD6,0x3F,0xDE,0xC1,0x3E,0x5C,0x80,
    0x3E,0x04,0xE2,0x3E,0x00,0xAB,0x01,0xD2,0x05,0xB0,0x03,0x30,0x49,0xD7,0x5E,0x51,0x5C,0x00,0x5B,0x00,0x5B,0x00,0x5B,0x00,
    0x3F,0xFE,0x90,0x3E,0x35,0xE5,0x3E,0x00,0xB8,0x3E,0x01,0xD6,0x3F,0xDE,0xC1,0x3E,0x5C,0x80,0x3E,0x04,0xE2,0x3E,0x00,0xAB,
    0x00,0x26,0x00,0x00,0x4D,0x00,0x00,0x2A,0x00,0x00,0x22,0x00,0x49,0xD7,0x5E,0x51,0x5C,0x00,0x5B,0x00,0x5B,0x00,0x5B,0x00,
    0x26,0x00,0x4C,0x00,0x3A,0x00,0x11,0x00,0x05,0x34,0x40,0x04,0xCC,0x20,0x00,0x66,0x00,0x3F,0xFE,0x90,0x3E,0x35,0xE5,0x3E,
    0x00,0xB8,0x3E,0x01,0xD6,0x3F,0xDE,0xC1,0x3E,0x5C,0x80,0x3E,0x04,0xE2,0x3E,0x00,0xAB,0x68,0xA3,0x1C,0xC0,0x04,0x40,0x49,
    0xD7,0x5E,0x51,0x5C,0x00,0x5B,0x00,0x5B,0x00,0x5B,0x00,0x00,0x07,0x40,0x00,0x3D,0x10,0x00,0x76,0x00,0x0B,0xFF,0x90,0x5E,
    0x23,0xF2,0x6C,0x00,0x51,0x2E,0xC9,0x40,0x03,0x8B,0xE4,0x54,0x00,0xA8,0x8C,0x22,0xD6,0x1C,0xFF,0xB1,0x00,0x43,0x00,0x00,
    0xA7,0x00,0x00,0xD1,0x00,0x01,0x50,0x00,0x3E,0xFB,0x00,0x89,0x1B,0x20,0x6D,0x94,0x00,0x06,0xAE,0x30,0x86,0x0C,0x50,0x5E,
    0xDD,0x10,0x02,0x41,0x00,0x00,0x76,0x00,0x05,0xBC,0x30,0x05,0x55,0x40,0x0B,0xFF,0x90,0x5E,0x23,0xF2,0x6C,0x00,0x51,0x2E,
    0xC9,0x40,0x03,0x8B,0xE4,0x54,0x00,0xA8,0x8C,0x22,0xD6,0x1C,0xFF,0xB1,0x00,0x43,0x00,0x07,0xE2,0x00,0x0C,0x79,0x00,0x14,
    0x24,0x00,0x3E,0xFB,0x00,0x89,0x1B,0x20,0x6D,0x94,0x00,0x06,0xAE,0x30,0x86,0x0C,0x50,0x5E,0xDD,0x10,0x02,0x41,0x00,0x00,
    0x33,0x00,0x0B,0xFF,0x90,0x5E,0x23,0xF2,0x6C,0x00,0x51,0x2E,0xC9,0x40,0x03,0x8B,0xE4,0x54,0x00,0xA8,0x8C,0x22,0xD6,0x1C,
    0xFF,0xB1,0x00,0x89,0x00,0x00,0x3C,0x20,0x00,0xAB,0x00,0x00,0x20,0x00,0x3E,0xFB,0x00,0x89,0x1B,0x20,0x6D,0x94,0x00,0x06,
    0xAE,0x30,0x86,0x0C,0x50,0x5E,0xDD,0x10,0x02,0xC2,0x00,0x01,0x97,0x00,0x05,0xC3,0x00,0x06,0x35,0x40,0x04,0xCC,0x20,0x00,
    0x87,0x00,0x0B,0xFF,0x90,0x5E,0x23,0xF2,0x6C,0x00,0x51,0x2E,0xC9,0x40,0x03,0x8B,0xE4,0x54,0x00,0xA8,0x8C,0x22,0xD6,0x1C,
    0xFF,0xB1,0x00,0x43,0x00,0x1C,0x59,0x00,0x09,0xD4,0x00,0x02,0x60,0x00,0x3E,0xFB,0x00,0x89,0x1B,0x20,0x6D,0x94,0x00,0x06,
    0xAE,0x30,0x86,0x0C,0x50,0x5E,0xDD,0x10,0x02,0x41,0x00,0xCF,0xFF,0xF0,0x33,0xE6,0x30,0x00,0xE3,0x00,0x00,0xE3,0x00,0x00,
    0xE3,0x00,0x00,0xE3,0x00,0x00,0xE3,0x00,0x00,0xE3,0x00,0x00,0xB4,0x00,0x00,0x4C,0x00,0x01,0xD8,0x00,0x29,0x00,0x3C,0x00,
    0xCF,0xD5,0x4D,0x21,0x3C,0x00,0x3C,0x00,0x2E,0x31,0x0B,0xF6,0x06,0xA0,0x03,0xC4,0x07,0x90,0x18,0x07,0x10,0x09,0xAB,0x00,
    0x01,0x73,0x00,0xCF,0xFF,0xF0,0x33,0xE6,0x30,0x00,0xE3,0x00,0x00,0xE3,0x00,0x00,0xE3,0x00,0x00,0xE3,0x00,0x00,0xE3,0x00,
    0x00,0xE3,0x00,0x00,0x52,0x00,0xA4,0x29,0xA3,0x3C,0x41,0xCF,0xD5,0x4D,0x21,0x3C,0x00,0x3C,0x00,0x2E,0x31,0x0A,0xF6,0xCF,
    0xFF,0xF0,0x33,0xE6,0x30,0x00,0xE3,0x00,0x27,0xE8,0x30,0x3A,0xEB,0x50,0x00,0xE3,0x00,0x00,0xE3,0x00,0x00,0xE3,0x00,0x29,
    0x00,0x3C,0x00,0xCF,0xD5,0x4D,0x21,0xAE,0xC4,0x4D,0x31,0x2E,0x31,0x0A,0xF6,0x00,0x43,0x10,0x00,0x01,0xDD,0xD1,0x00,0x00,
    0x01,0x20,0x00,0x5C,0x00,0x0F,0x20,0x5C,0x00,0x0F,0x20,0x5C,0x00,0x0F,0x20,0x5C,0x00,0x0F,0x20,0x5C,0x00,0x0F,0x20,0x4D,
    0x00,0x1F,0x10,0x1E,0x71,0x9C,0x00,0x06,0xFF,0xE4,0x00,0x00,0x24,0x10,0x00,0x04,0x61,0x00,0x09,0xCE,0x10,0x00,0x01,0x00,
    0x6A,0x05,0xA0,0x6B,0x06,0xB0,0x6B,0x06,0xB0,0x6B,0x06,0xB0,0x5D,0x19,0xB0,0x1D,0xFB,0xB0,0x01,0x40,0x00,0x02,0xDD,0xC0,
    0x00,0x00,0x00,0x00,0x00,0x5C,0x00,0x0F,0x20,0x5C,0x00,0x0F,0x20,0x5C,0x00,0x0F,0x20,0x5C,0x00,0x0F,0x20,0x5C,0x00,0x0F,
    0x20,0x4D,0x00,0x1F,0x10,0x1E,0x71,0x9C,0x00,0x06,0xFF,0xE4,0x00,0x00,0x24,0x10,0x00,0x02,0x33,0x00,0x08,0xCC,0x00,0x00,
    0x00,0x00,0x6A,0x05,0xA0,0x6B,0x06,0xB0,0x6B,0x06,0xB0,0x6B,0x06,0xB0,0x5D,0x19,0xB0,0x1D,0xFB,0xB0,0x01,0x40,0x00,0x01,
    0x60,0x60,0x00,0x00,0xC8,0xB0,0x00,0x00,0x37,0x20,0x00,0x5C,0x00,0x0F,0x20,0x5C,0x00,0x0F,0x20,0x5C,0x00,0x0F,0x20,0x5C,
    0x00,0x0F,0x20,0x5C,0x00,0x0F,0x20,0x4D,0x00,0x1F,0x10,0x1E,0x71,0x9C,0x00,0x06,0xFF,0xE4,0x00,0x00,0x24,0x10,0x00,0x0B,
    0x2A,0x10,0x08,0xBC,0x00,0x00,0x63,0x00,0x6A,0x05,0xA0,0x6B,0x06,0xB0,0x6B,0x06,0xB0,0x6B,0x06,0xB0,0x5D,0x19,0xB0,0x1D,
    0xFB,0xB0,0x01,0x40,0x00,0x00,0x6B,0x40,0x00,0x00,0xA5,0x70,0x00,0x00,0x39,0x20,0x00,0x5C,0x00,0x0F,0x20,0x5C,0x00,0x0F,
    0x20,0x5C,0x00,0x0F,0x20,0x5C,0x00,0x0F,0x20,0x5C,0x00,0x0F,0x20,0x4D,0x00,0x1F,0x10,0x1E,0x71,0x9C,0x00,0x06,0xFF,0xE4,
    0x00,0x00,0x24,0x10,0x00,0x00,0x10,0x00,0x03,0xC8,0x00,0x05,0x89,0x00,0x00,0x73,0x00,0x6A,0x05,0xA0,0x6B,0x06,0xB0,0x6B,
    0x06,0xB0,0x6B,0x06,0xB0,0x5D,0x19,0xB0,0x1D,0xFB,0xB0,0x01,0x40,0x00,0x00,0x26,0x72,0x00,0x00,0x88,0xC0,0x00,0x00,0x53,
    0x40,0x00,0x5C,0x00,0x0F,0x20,0x5C,0x00,0x0F,0x20,0x5C,0x00,0x0F,0x20,0x5C,0x00,0x0F,0x20,0x5C,0x00,0x0F,0x20,0x4D,0x00,
    0x1F,0x10,0x1E,0x71,0x9C,0x00,0x06,0xFF,0xE4,0x00,0x00,0x24,0x10,0x00,0x00,0xC8,0x70,0x04,0xBB,0x20,0x03,0x35,0x00,0x6A,
    0x05,0xA0,0x6B,0x06,0xB0,0x6B,0x06,0xB0,0x6B,0x06,0xB0,0x5D,0x19,0xB0,0x1D,0xFB,0xB0,0x01,0x40,0x00,0x5C,0x00,0x0F,0x20,
    0x5C,0x00,0x0F,0x20,0x5C,0x00,0x0F,0x20,0x5C,0x00,0x0F,0x20,0x5C,0x00,0x0F,0x20,0x4D,0x00,0x1F,0x10,0x1E,0x71,0x9C,0x00,
    0x06,0xFF,0xE4,0x00,0x00,0x2C,0x30,0x00,0x00,0x0C,0x30,0x00,0x00,0x08,0x80,0x00,0x6A,0x05,0xA0,0x6B,0x06,0xB0,0x6B,0x06,
    0xB0,0x6B,0x06,0xB0,0x5D,0x19,0xB0,0x1D,0xFB,0xB0,0x01,0x49,0x50,0x00,0x0B,0x50,0x00,0x05,0x80,0x00,0x03,0x93,0x00,0x00,
    0x00,0x0B,0x8C,0x00,0x00,0x00,0x16,0x06,0x20,0x00,0xB8,0x02,0xB3,0x05,0xC0,0x8A,0x05,0xF7,0x08,0x90,0x5D,0x07,0xDA,0x0A,
    0x60,0x1F,0x1A,0x9C,0x0C,0x30,0x0D,0x4C,0x4E,0x0E,0x00,0x0A,0x7E,0x0D,0x5D,0x00,0x07,0xBC,0x0A,0xAA,0x00,0x04,0xFA,0x08,
    0xF8,0x00,0x00,0x1D,0x80,0x00,0x00,0x78,0xD1,0x00,0x00,0x41,0x42,0x00,0xA5,0x0A,0x60,0xB4,0x89,0x1E,0xA0,0xE1,0x5B,0x4B,
    0xC2,0xD0,0x1E,0x68,0xD6,0xA0,0x0D,0xA5,0xBA,0x70,0x0A,0xF3,0x9F,0x40,0x00,0x85,0x00,0x07,0xAC,0x20,0x06,0x14,0x30,0xB7,
    0x00,0xB6,0x5C,0x02,0xE1,0x0D,0x47,0xA0,0x08,0xAC,0x40,0x02,0xED,0x00,0x00,0xA7,0x00,0x00,0xA7,0x00,0x00,0xA7,0x00,0x07,
    0xE2,0x00,0x0C,0x79,0x00,0x15,0x15,0x00,0xB5,0x08,0x70,0x99,0x0C,0x50,0x4D,0x0E,0x10,0x0E,0x5C,0x00,0x0B,0xBA,0x00,0x07,
    0xF6,0x00,0x00,0xC2,0x00,0x7D,0xC0,0x00,0x46,0x20,0x00,0x04,0x34,0x10,0x0B,0x9D,0x60,0x02,0x12,0x00,0xB7,0x00,0xB6,0x5C,
    0x02,0xE1,0x0D,0x47,0xA0,0x08,0xAC,0x40,0x02,0xED,0x00,0x00,0xA7,0x00,0x00,0xA7,0x00,0x00,0xA7,0x00,0x00,0x07,0x30,0x00,
    0x4C,0x10,0x00,0x43,0x00,0x8F,0xFF,0xF4,0x12,0x25,0xE2,0x00,0x0C,0x70,0x00,0x7C,0x00,0x03,0xE3,0x00,0x0C,0x80,0x00,0x7D,
    0x22,0x21,0x9F,0xFF,0xF5,0x00,0xB4,0x02,0xC0,0x02,0x40,0x9D,0xDC,0x23,0x9B,0x02,0xD2,0x0B,0x70,0x6C,0x00,0x9F,0xFE,0x00,
    0x42,0x00,0x00,0xC7,0x00,0x00,0x21,0x00,0x8F,0xFF,0xF4,0x12,0x25,0xE2,0x00,0x0C,0x70,0x00,0x7C,0x00,0x03,0xE3,0x00,0x0C,
    0x80,0x00,0x7D,0x22,0x21,0x9F,0xFF,0xF5,0x04,0x50,0x07,0xA0,0x00,0x00,0x9D,0xDC,0x23,0x9B,0x02,0xD2,0x0B,0x70,0x6C,0x00,
    0x9F,0xFE,0x07,0x35,0x40,0x05,0xBC,0x10,0x00,0x64,0x00,0x8F,0xFF,0xF4,0x12,0x25,0xE2,0x00,0x0C,0x70,0x00,0x7C,0x00,0x03,
    0xE3,0x00,0x0C,0x80,0x00,0x7D,0x22,0x21,0x9F,0xFF,0xF5,0x4A,0x85,0x0C,0xC1,0x04,0x50,0x9D,0xDC,0x23,0x9B,0x02,0xD2,0x0B,
    0x70,0x6C,0x00,0x9F,0xFE,0x9A,0xAA,0x40,0x89,0x99,0x30,0x9A,0xAA,0xAA,0xA8,0x89,0x99,0x99,0x97,0x02,0x79,0xA1,0xBA,0x45,
    0x12,0x8B,0x3B,0x3A,0x63,0x02,0x01,0x79,0xA6,0xA1,0xA0,0xBA,0xE6,0x45,0x73,0x12,0x21,0x8B,0xC8,0x3B,0x6A,0x3A,0x68,0x63,
    0x71,0x3A,0xA0,0x4F,0xE0,0x4F,0xE0,0x15,0x50,0x48,0x19,0x17,0x50,0x6D,0x1F,0x2C,0x80,0x00,0x14,0x10,0x05,0xEE,0xE3,0x0C,
    0x60,0x8A,0x2E,0x33,0x24,0x9E,0xBB,0x10,0x7E,0x77,0x00,0x6F,0x76,0x15,0x0C,0x60,0x7B,0x05,0xEE,0xE4,0x00,0x14,0x10,0xAE,
    0xBA,0x71,0xE2,0x0B,0x0A,0xA5,0xD2,0x0B,0x0A,0x9A,0xA2,0x0B,0x0A,0x48,0x92,0x05,0x04,0x00,0x41,
};
static const Glyph sora_artist_glyphs[] = {
    {0x0020, 39, 0, 0, 0, 0, 0},  // U+0020
    {0x0021, 50, 2, 8, 0, -8, 0},  // '!'
    {0x0022, 70, 4, 4, 0, -8, 8},  // '"'
    {0x0023, 105, 6, 8, 0, -8, 16},  // '#'
    {0x0024, 98, 6, 12, 0, -10, 40},  // '$'
    {0x0025, 127, 8, 10, 0, -9, 76},  // '%'
    {0x0026, 105, 6, 10, 0, -9, 116},  // '&'
    {0x0027, 45, 2, 4, 0, -8, 146},  // "'"
    {0x0028, 61, 4, 11, 0, -9, 150},  // '('
    {0x0029, 61, 3, 11, 0, -9, 172},  // ')'
    {0x002A, 87, 5, 6, 0, -9, 194},  // '*'
    {0x002B, 90, 5, 6, 0, -7, 212},  // '+'
    {0x002C, 45, 2, 4, 0, -2, 230},  // ','
    {0x002D, 78, 4, 2, 0, -4, 234},  // '-'
    {0x002E, 45, 2, 2, 0, -2, 238},  // '.'
    {0x002F, 58, 3, 10, 0, -9, 240},  // '/'
    {0x0030, 112, 6, 10, 0, -9, 260},  // '0'
    {0x0031, 66, 3, 8, 0, -8, 290},  // '1'
    {0x0032, 94, 5, 9, 0, -9, 306},  // '2'
    {0x0033, 94, 5, 9, 0, -8, 333},  // '3'
    {0x0034, 98, 6, 9, 0, -9, 360},  // '4'
    {0x0035, 95, 6, 9, 0, -8, 387},  // '5'
    {0x0036, 100, 6, 9, 0, -8, 414},  // '6'
    {0x0037, 89, 5, 8, 0, -8, 441},  // '7'
    {0x0038, 97, 6, 10, 0, -9, 465},  // '8'
    {0x0039, 100, 6, 9, 0, -9, 495},  // '9'
    {0x003A, 45, 2, 6, 0, -6, 522},  // ':'
    {0x003B, 45, 2, 8, 0, -6, 528},  // ';'
    {0x003C, 90, 5, 6, 0, -7, 536},  // '<'
    {0x003D, 90, 5, 4, 0, -6, 554},  // '='
    {0x003E, 90, 5, 5, 0, -6, 566},  // '>'
    {0x003F, 85, 5, 9, 0, -9, 581},  // '?'
    {0x0040, 163, 10, 12, 0, -9, 608},  // '@'
    {0x0041, 114, 7, 8, 0, -8, 668},  // 'A'
    {0x0042, 103, 6, 8, 0, -8, 700},  // 'B'
    {0x0043, 118, 7, 10, 0, -9, 724},  // 'C'
    {0x0044, 117, 7, 8, 0, -8, 764},  // 'D'
    {0x0045, 91, 5, 8, 0, -8, 796},  // 'E'
    {0x0046, 85, 5, 8, 0, -8, 820},  // 'F'
    {0x0047, 123, 7, 10, 0, -9, 844},  // 'G'
    {0x0048, 119, 7, 8, 0, -8, 884},  // 'H'
    {0x0049, 52, 2, 8, 0, -8, 916},  // 'I'
    {0x004A, 97, 5, 9, 0, -8, 924},  // 'J'
    {0x004B, 105, 7, 8, 0, -8, 951},  // 'K'
    {0x004C, 84, 5, 8, 0, -8, 983},  // 'L'
    {0x004D, 138, 8, 8, 0, -8, 1007},  // 'M'
    {0x004E, 127, 7, 8, 0, -8, 1039},  // 'N'
    {0x004F, 128, 8, 10, 0, -9, 1071},  // 'O'
    {0x0050, 98, 6, 8, 0, -8, 1111},  // 'P'
    {0x0051, 128, 8, 12, 0, -9, 1135},  // 'Q'
    {0x0052, 106, 6, 8, 0, -8, 1183},  // 'R'
    {0x0053, 102, 6, 10, 0, -9, 1207},  // 'S'
    {0x0054, 91, 5, 8, 0, -8, 1237},  // 'T'
    {0x0055, 117, 7, 9, 0, -8, 1261},  // 'U'
    {0x0056, 107, 6, 8, 0, -8, 1297},  // 'V'
    {0x0057, 153, 9, 8, 0, -8, 1321},  // 'W'
    {0x0058, 105, 6, 8, 0, -8, 1361},  // 'X'
    {0x0059, 98, 6, 8, 0, -8, 1385},  // 'Y'
    {0x005A, 98, 6, 8, 0, -8, 1409},  // 'Z'
    {0x005B, 61, 3, 11, 0, -9, 1433},  // '['
    {0x005C, 58, 3, 10, 0, -9, 1455},  // '\\'
    {0x005D, 61, 3, 11, 0, -9, 1475},  // ']'
    {0x005E, 89, 5, 5, 0, -8, 1497},  // '^'
    {0x005F, 88, 5, 2, 0, 0, 1512},  // '_'
    {0x0060, 49, 2, 3, 0, -9, 1518},  // '`'
    {0x0061, 88, 5, 7, 0, -6, 1521},  // 'a'
    {0x0062, 104, 6, 9, 0, -8, 1542},  // 'b'
    {0x0063, 92, 5, 8, 0, -7, 1569},  // 'c'
    {0x0064, 104, 6, 9, 0, -8, 1593},  // 'd'
    {0x0065, 93, 5, 8, 0, -7, 1620},  // 'e'
    {0x0066, 61, 4, 9, 0, -9, 1644},  // 'f'
    {0x0067, 102, 6, 10, 0, -7, 1662},  // 'g'
    {0x0068, 97, 5, 8, 0, -8, 1692},  // 'h'
    {0x0069, 52, 2, 9, 0, -9, 1716},  // 'i'
    {0x006A, 53, 2, 12, 0, -9, 1725},  // 'j'
    {0x006B, 90, 5, 8, 0, -8, 1737},  // 'k'
    {0x006C, 49, 2, 8, 0, -8, 1761},  // 'l'
    {0x006D, 143, 8, 7, 0, -7, 1769},  // 'm'
    {0x006E, 97, 5, 7, 0, -7, 1797},  // 'n'
    {0x006F, 102, 6, 8, 0, -7, 1818},  // 'o'
    {0x0070, 104, 6, 10, 0, -7, 1842},  // 'p'
    {0x0071, 104, 6, 10, 0, -7, 1872},  // 'q'
    {0x0072, 65, 4, 6, 0, -6, 1902},  // 'r'
    {0x0073, 83, 5, 8, 0, -7, 1914},  // 's'
    {0x0074, 67, 4, 8, 0, -8, 1938},  // 't'
    {0x0075, 96, 5, 7, 0, -6, 1954},  // 'u'
    {0x0076, 87, 5, 6, 0, -6, 1975},  // 'v'
    {0x0077, 129, 8, 6, 0, -6, 1993},  // 'w'
    {0x0078, 87, 5, 6, 0, -6, 2017},  // 'x'
    {0x0079, 85, 5, 9, 0, -6, 2035},  // 'y'
    {0x007A, 76, 4, 6, 0, -6, 2062},  // 'z'
    {0x007B, 61, 3, 11, 0, -9, 2074},  // '{'
    {0x007C, 60, 1, 11, 1, -8, 2096},  // '|'
    {0x007D, 61, 3, 11, 0, -9, 2107},  // '}'
    {0x007E, 79, 5, 3, 0, -5, 2129},  // '~'
    {0x00A0, 39, 0, 0, 0, 0, 2138},  // U+00A0
    {0x00A1, 50, 2, 9, 0, -6, 2138},  // '¡'
    {0x00A2, 93, 5, 8, 0, -8, 2147},  // '¢'
    {0x00A3, 95, 6, 8, 0, -8, 2171},  // '£'
    {0x00A4, 101, 6, 6, 0, -7, 2195},  // '¤'
    {0x00A5, 96, 6, 8, 0, -8, 2213},  // '¥'
    {0x00A6, 60, 1, 11, 1, -8, 2237},  // '¦'
    {0x00A7, 89, 5, 10, 0, -9, 2248},  // '§'
    {0x00A8, 49, 3, 2, 0, -9, 2278},  // '¨'
    {0x00A9, 107, 6, 8, 0, -9, 2282},  // '©'
    {0x00AA, 66, 4, 5, 0, -8, 2306},  // 'ª'
    {0x00AB, 88, 5, 6, 0, -6, 2316},  // '«'
    {0x00AC, 93, 5, 3, 0, -4, 2334},  // '¬'
    {0x00AD, 8, 0, 0, 0, 0, 2343},  // U+00AD
    {0x00AE, 102, 6, 7, 0, -9, 2343},  // '®'
    {0x00AF, 49, 3, 2, 0, -9, 2364},  // '¯'
    {0x00B0, 62, 4, 4, 0, -8, 2368},  // '°'
    {0x00B1, 92, 5, 8, 0, -8, 2376},  // '±'
    {0x00B2, 61, 3, 6, 0, -10, 2400},  // '²'
    {0x00B3, 61, 3, 6, 0, -10, 2412},  // '³'
    {0x00B4, 49, 2, 3, 0, -9, 2424},  // '´'
    {0x00B5, 101, 6, 9, 0, -6, 2427},  // 'µ'
    {0x00B6, 96, 5, 8, 0, -8, 2454},  // '¶'
    {0x00B7, 45, 2, 2, 0, -4, 2478},  // '·'
    {0x00B8, 49, 3, 4, 0, -1, 2480},  // '¸'
    {0x00B9, 44, 2, 6, 0, -10, 2488},  // '¹'
    {0x00BA, 72, 4, 6, 0, -9, 2494},  // 'º'
    {0x00BB, 88, 5, 6, 0, -6, 2506},  // '»'
    {0x00BC, 123, 8, 9, 0, -8, 2524},  // '¼'
    {0x00BD, 127, 8, 9, 0, -8, 2560},  // '½'
    {0x00BE, 137, 8, 9, 0, -8, 2596},  // '¾'
    {0x00BF, 85, 5, 9, 0, -6, 2632},  // '¿'
    {0x00C0, 114, 7, 11, 0, -11, 2659},  // 'À'
    {0x00C1, 114, 7, 11, 0, -11, 2703},  // 'Á'
    {0x00C2, 114, 7, 11, 0, -11, 2747},  // 'Â'
    {0x00C3, 114, 7, 11, 0, -11, 2791},  // 'Ã'
    {0x00C4, 114, 7, 11, 0, -11, 2835},  // 'Ä'
    {0x00C5, 114, 7, 11, 0, -11, 2879},  // 'Å'
    {0x00C6, 143, 8, 8, 0, -8, 2923},  // 'Æ'
    {0x00C7, 118, 7, 12, 0, -9, 2955},  // 'Ç'
    {0x00C8, 91, 5, 11, 0, -11, 3003},  // 'È'
    {0x00C9, 91, 5, 11, 0, -11, 3036},  // 'É'
    {0x00CA, 91, 5, 11, 0, -11, 3069},  // 'Ê'
    {0x00CB, 91, 5, 11, 0, -11, 3102},  // 'Ë'
    {0x00CC, 52, 3, 11, -1, -11, 3135},  // 'Ì'
    {0x00CD, 52, 3, 11, 0, -11, 3157},  // 'Í'
    {0x00CE, 52, 4, 11, -1, -11, 3179},  // 'Î'
    {0x00CF, 52, 4, 11, -1, -11, 3201},  // 'Ï'
    {0x00D0, 117, 7, 8, 0, -8, 3223},  // 'Ð'
    {0x00D1, 127, 7, 11, 0, -11, 3255},  // 'Ñ'
    {0x00D2, 128, 8, 12, 0, -11, 3299},  // 'Ò'
    {0x00D3, 128, 8, 12, 0, -11, 3347},  // 'Ó'
    {0x00D4, 128, 8, 12, 0, -11, 3395},  // 'Ô'
    {0x00D5, 128, 8, 12, 0, -11, 3443},  // 'Õ'
    {0x00D6, 128, 8, 12, 0, -11, 3491},  // 'Ö'
    {0x00D7, 90, 5, 6, 0, -7, 3539},  // '×'
    {0x00D8, 128, 8, 10, 0, -9, 3557},  // 'Ø'
    {0x00D9, 117, 7, 12, 0, -11, 3597},  // 'Ù'
    {0x00DA, 117, 7, 12, 0, -11, 3645},  // 'Ú'
    {0x00DB, 117, 7, 12, 0, -11, 3693},  // 'Û'
    {0x00DC, 117, 7, 12, 0, -11, 3741},  // 'Ü'
    {0x00DD, 98, 6, 11, 0, -11, 3789},  // 'Ý'
    {0x00DE, 95, 6, 8, 0, -8, 3822},  // 'Þ'
    {0x00DF, 96, 6, 10, 0, -9, 3846},  // 'ß'
    {0x00E0, 88, 5, 10, 0, -9, 3876},  // 'à'
    {0x00E1, 88, 5, 10, 0, -9, 3906},  // 'á'
    {0x00E2, 88, 5, 10, 0, -9, 3936},  // 'â'
    {0x00E3, 88, 5, 10, 0, -9, 3966},  // 'ã'
    {0x00E4, 88, 5, 10, 0, -9, 3996},  // 'ä'
    {0x00E5, 88, 5, 10, 0, -9, 4026},  // 'å'
    {0x00E6, 140, 8, 8, 0, -7, 4056},  // 'æ'
    {0x00E7, 92, 5, 10, 0, -7, 4088},  // 'ç'
    {0x00E8, 93, 5, 10, 0, -9, 4118},  // 'è'
    {0x00E9, 93, 5, 10, 0, -9, 4148},  // 'é'
    {0x00EA, 93, 5, 10, 0, -9, 4178},  // 'ê'
    {0x00EB, 93, 5, 10, 0, -9, 4208},  // 'ë'
    {0x00EC, 52, 2, 9, 0, -9, 4238},  // 'ì'
    {0x00ED, 52, 3, 9, 0, -9, 4247},  // 'í'
    {0x00EE, 52, 4, 9, -1, -9, 4265},  // 'î'
    {0x00EF, 52, 4, 9, -1, -9, 4283},  // 'ï'
    {0x00F0, 99, 6, 10, 0, -9, 4301},  // 'ð'
    {0x00F1, 97, 5, 9, 0, -9, 4331},  // 'ñ'
    {0x00F2, 102, 6, 10, 0, -9, 4358},  // 'ò'
    {0x00F3, 102, 6, 10, 0, -9, 4388},  // 'ó'
    {0x00F4, 102, 6, 10, 0, -9, 4418},  // 'ô'
    {0x00F5, 102, 6, 10, 0, -9, 4448},  // 'õ'
    {0x00F6, 102, 6, 10, 0, -9, 4478},  // 'ö'
    {0x00F7, 90, 5, 7, 0, -7, 4508},  // '÷'
    {0x00F8, 102, 6, 8, 0, -7, 4529},  // 'ø'
    {0x00F9, 96, 5, 10, 0, -9, 4553},  // 'ù'
    {0x00FA, 96, 5, 10, 0, -9, 4583},  // 'ú'
    {0x00FB, 96, 5, 10, 0, -9, 4613},  // 'û'
    {0x00FC, 96, 5, 10, 0, -9, 4643},  // 'ü'
    {0x00FD, 85, 5, 12, 0, -9, 4673},  // 'ý'
    {0x00FE, 104, 6, 11, 0, -8, 4709},  // 'þ'
    {0x00FF, 85, 5, 12, 0, -9, 4742},  // 'ÿ'
    {0x0100, 114, 7, 10, 0, -10, 4778},  // 'Ā'
    {0x0101, 88, 5, 10, 0, -9, 4818},  // 'ā'
    {0x0102, 114, 7, 11, 0, -11, 4848},  // 'Ă'
    {0x0103, 88, 5, 10, 0, -9, 4892},  // 'ă'
    {0x0104, 114, 7, 11, 0, -8, 4922},  // 'Ą'
    {0x0105, 88, 5, 9, 0, -6, 4966},  // 'ą'
    {0x0106, 118, 7, 12, 0, -11, 4993},  // 'Ć'
    {0x0107, 92, 5, 10, 0, -9, 5041},  // 'ć'
    {0x0108, 118, 7, 12, 0, -11, 5071},  // 'Ĉ'
    {0x0109, 92, 5, 10, 0, -9, 5119},  // 'ĉ'
    {0x010A, 118, 7, 12, 0, -11, 5149},  // 'Ċ'
    {0x010B, 92, 5, 10, 0, -9, 5197},  // 'ċ'
    {0x010C, 118, 7, 12, 0, -11, 5227},  // 'Č'
    {0x010D, 92, 5, 10, 0, -9, 5275},  // 'č'
    {0x010E, 117, 7, 11, 0, -11, 5305},  // 'Ď'
    {0x010F, 104, 7, 10, 0, -9, 5349},  // 'ď'
    {0x0110, 117, 7, 8, 0, -8, 5389},  // 'Đ'
    {0x0111, 104, 6, 9, 0, -8, 5421},  // 'đ'
    {0x0112, 91, 5, 10, 0, -10, 5448},  // 'Ē'
    {0x0113, 93, 5, 10, 0, -9, 5478},  // 'ē'
    {0x0114, 91, 5, 11, 0, -11, 5508},  // 'Ĕ'
    {0x0115, 93, 5, 10, 0, -9, 5541},  // 'ĕ'
    {0x0116, 91, 5, 11, 0, -11, 5571},  // 'Ė'
    {0x0117, 93, 5, 10, 0, -9, 5604},  // 'ė'
    {0x0118, 91, 5, 11, 0, -8, 5634},  // 'Ę'
    {0x0119, 93, 5, 10, 0, -7, 5667},  // 'ę'
    {0x011A, 91, 5, 11, 0, -11, 5697},  // 'Ě'
    {0x011B, 93, 5, 10, 0, -9, 5730},  // 'ě'
    {0x011C, 123, 7, 12, 0, -11, 5760},  // 'Ĝ'
    {0x011D, 102, 6, 12, 0, -9, 5808},  // 'ĝ'
    {0x011E, 123, 7, 12, 0, -11, 5844},  // 'Ğ'
    {0x011F, 102, 6, 13, 0, -10, 5892},  // 'ğ'
    {0x0120, 123, 7, 12, 0, -11, 5931},  // 'Ġ'
    {0x0121, 102, 6, 12, 0, -9, 5979},  // 'ġ'
    {0x0122, 123, 7, 13, 0, -9, 6015},  // 'Ģ'
    {0x0123, 102, 6, 13, 0, -10, 6067},  // 'ģ'
    {0x0126, 119, 7, 8, 0, -8, 6106},  // 'Ħ'
    {0x0127, 97, 5, 8, 0, -8, 6138},  // 'ħ'
    {0x0128, 52, 4, 11, -1, -11, 6162},  // 'Ĩ'
    {0x0129, 52, 4, 9, -1, -9, 6184},  // 'ĩ'
    {0x012A, 52, 4, 10, -1, -10, 6202},  // 'Ī'
    {0x012B, 52, 4, 9, -1, -9, 6222},  // 'ī'
    {0x012C, 52, 4, 11, -1, -11, 6240},  // 'Ĭ'
    {0x012D, 52, 4, 9, -1, -9, 6262},  // 'ĭ'
    {0x012E, 52, 2, 11, 0, -8, 6280},  // 'Į'
    {0x012F, 52, 2, 12, 0, -9, 6291},  // 'į'
    {0x0130, 52, 2, 11, 0, -11, 6303},  // 'İ'
    {0x0131, 52, 2, 6, 0, -6, 6314},  // 'ı'
    {0x0134, 97, 5, 12, 0, -11, 6320},  // 'Ĵ'
    {0x0135, 53, 4, 12, -1, -9, 6356},  // 'ĵ'
    {0x0136, 105, 7, 12, 0, -8, 6380},  // 'Ķ'
    {0x0137, 90, 5, 12, 0, -8, 6428},  // 'ķ'
    {0x0139, 84, 5, 11, 0, -11, 6464},  // 'Ĺ'
    {0x013A, 49, 3, 11, 0, -11, 6497},  // 'ĺ'
    {0x013B, 84, 5, 12, 0, -8, 6519},  // 'Ļ'
    {0x013C, 49, 2, 12, 0, -8, 6555},  // 'ļ'
    {0x013D, 84, 5, 9, 0, -9, 6567},  // 'Ľ'
    {0x013E, 49, 4, 9, 0, -9, 6594},  // 'ľ'
    {0x0141, 84, 5, 8, 0, -8, 6612},  // 'Ł'
    {0x0142, 49, 3, 8, 0, -8, 6636},  // 'ł'
    {0x0143, 127, 7, 11, 0, -11, 6652},  // 'Ń'
    {0x0144, 97, 5, 9, 0, -9, 6696},  // 'ń'
    {0x0145, 127, 7, 12, 0, -8, 6723},  // 'Ņ'
    {0x0146, 97, 5, 11, 0, -7, 6771},  // 'ņ'
    {0x0147, 127, 7, 11, 0, -11, 6804},  // 'Ň'
    {0x0148, 97, 5, 9, 0, -9, 6848},  // 'ň'
    {0x014A, 127, 7, 11, 0, -8, 6875},  // 'Ŋ'
    {0x014B, 97, 5, 10, 0, -7, 6919},  // 'ŋ'
    {0x014C, 128, 8, 11, 0, -10, 6949},  // 'Ō'
    {0x014D, 102, 6, 10, 0, -9, 6993},  // 'ō'
    {0x014E, 128, 8, 12, 0, -11, 7023},  // 'Ŏ'
    {0x014F, 102, 6, 10, 0, -9, 7071},  // 'ŏ'
    {0x0150, 128, 8, 12, 0, -11, 7101},  // 'Ő'
    {0x0151, 102, 6, 10, 0, -9, 7149},  // 'ő'
    {0x0152, 154, 9, 10, 0, -9, 7179},  // 'Œ'
    {0x0153, 157, 9, 8, 0, -7, 7229},  // 'œ'
    {0x0154, 106, 6, 11, 0, -11, 7269},  // 'Ŕ'
    {0x0155, 65, 4, 9, 0, -9, 7302},  // 'ŕ'
    {0x0156, 106, 6, 12, 0, -8, 7320},  // 'Ŗ'
    {0x0157, 65, 4, 10, 0, -6, 7356},  // 'ŗ'
    {0x0158, 106, 6, 11, 0, -11, 7376},  // 'Ř'
    {0x0159, 65, 4, 9, 0, -9, 7409},  // 'ř'
    {0x015A, 102, 6, 12, 0, -11, 7427},  // 'Ś'
    {0x015B, 83, 5, 10, 0, -9, 7463},  // 'ś'
    {0x015C, 102, 6, 12, 0, -11, 7493},  // 'Ŝ'
    {0x015D, 83, 5, 10, 0, -9, 7529},  // 'ŝ'
    {0x015E, 102, 6, 12, 0, -9, 7559},  // 'Ş'
    {0x015F, 83, 5, 10, 0, -7, 7595},  // 'ş'
    {0x0160, 102, 6, 12, 0, -11, 7625},  // 'Š'
    {0x0161, 83, 5, 10, 0, -9, 7661},  // 'š'
    {0x0162, 91, 5, 11, 0, -8, 7691},  // 'Ţ'
    {0x0163, 67, 4, 11, 0, -8, 7724},  // 'ţ'
    {0x0164, 91, 5, 11, 0, -11, 7746},  // 'Ť'
    {0x0165, 67, 4, 10, 0, -10, 7779},  // 'ť'
    {0x0166, 91, 5, 8, 0, -8, 7799},  // 'Ŧ'
    {0x0167, 67, 4, 8, 0, -8, 7823},  // 'ŧ'
    {0x0168, 117, 7, 12, 0, -11, 7839},  // 'Ũ'
    {0x0169, 96, 5, 10, 0, -9, 7887},  // 'ũ'
    {0x016A, 117, 7, 11, 0, -10, 7917},  // 'Ū'
    {0x016B, 96, 5, 10, 0, -9, 7961},  // 'ū'
    {0x016C, 117, 7, 12, 0, -11, 7991},  // 'Ŭ'
    {0x016D, 96, 5, 10, 0, -9, 8039},  // 'ŭ'
    {0x016E, 117, 7, 12, 0, -11, 8069},  // 'Ů'
    {0x016F, 96, 5, 11, 0, -10, 8117},  // 'ů'
    {0x0170, 117, 7, 12, 0, -11, 8150},  // 'Ű'
    {0x0171, 96, 5, 10, 0, -9, 8198},  // 'ű'
    {0x0172, 117, 7, 11, 0, -8, 8228},  // 'Ų'
    {0x0173, 96, 5, 9, 0, -6, 8272},  // 'ų'
    {0x0174, 153, 9, 11, 0, -11, 8299},  // 'Ŵ'
    {0x0175, 129, 8, 9, 0, -9, 8354},  // 'ŵ'
    {0x0176, 98, 6, 11, 0, -11, 8390},  // 'Ŷ'
    {0x0177, 85, 5, 12, 0, -9, 8423},  // 'ŷ'
    {0x0178, 98, 6, 11, 0, -11, 8459},  // 'Ÿ'
    {0x0179, 98, 6, 11, 0, -11, 8492},  // 'Ź'
    {0x017A, 76, 4, 9, 0, -9, 8525},  // 'ź'
    {0x017B, 98, 6, 11, 0, -11, 8543},  // 'Ż'
    {0x017C, 76, 4, 9, 0, -9, 8576},  // 'ż'
    {0x017D, 98, 6, 11, 0, -11, 8594},  // 'Ž'
    {0x017E, 76, 4, 9, 0, -9, 8627},  // 'ž'
    {0x2013, 79, 5, 2, 0, -4, 8645},  // '–'
    {0x2014, 133, 8, 2, 0, -4, 8651},  // '—'
    {0x2018, 43, 2, 5, 0, -9, 8659},  // '‘'
    {0x2019, 43, 2, 5, 0, -9, 8664},  // '’'
    {0x201C, 72, 4, 5, 0, -9, 8669},  // '“'
    {0x201D, 72, 4, 5, 0, -9, 8679},  // '”'
    {0x2022, 68, 3, 4, 0, -5, 8689},  // '•'
    {0x2026, 122, 7, 2, 0, -2, 8697},  // '…'
    {0x20AC, 105, 6, 10, 0, -9, 8705},  // '€'
    {0x2122, 129, 8, 5, 0, -8, 8735},  // '™'
};
const Font sora_artist = {sora_artist_bitmap, sora_artist_glyphs, 320, 8, 8, 2};

// Sora-Light.ttf at 58 px, 13 glyphs, 5379 bytes
static const uint8_t sora_clock_bitmap[] = {
    0xAF,0xFF,0xFF,0xFF,0xFF,0xFF,0xFF,0xFF,0x70,0xAF,0xFF,0xFF,0xFF,0xFF,0xFF,0xFF,0xFF,0x80,0xAF,0xFF,0xFF,0xFF,0xFF,0xFF,
    0xFF,0xFF,0x80,0x7B,0xBB,0xBB,0xBB,0xBB,0xBB,0xBB,0xBB,0x60,0x00,0x00,0x00,0x00,0x00,0x14,0x67,0x76,0x30,0x00,0x00,0x00,
    0x00,0x00,0x00,0x00,0x00,0x00,0x5B,0xFF,0xFF,0xFF,0xFD,0x81,0x00,0x00,0x00,0x00,0x00,0x00,0x00,0x1B,0xFF,0xFF,0xFF,0xFF,
    0xFF,0xFE,0x60,0x00,0x00,0x00,0x00,0x00,0x02,0xDF,0xFF,0xFF,0xFF,0xFF,0xFF,0xFF,0xF8,0x00,0x00,0x00,0x00,0x00,0x1C,0xFF,
    0xFF,0xFC,0x98,0x9A,0xEF,0xFF,0xFF,0x60,0x00,0x00,0x00,0x00,0x9F,0xFF,0xFA,0x20,0x00,0x00,0x06,0xDF,0xFF,0xE3,0x00,0x00,
    0x00,0x04,0xFF,0xFF,0x50,0x00,0x00,0x00,0x00,0x1B,0xFF,0xFB,0x00,0x00,0x00,0x0C,0xFF,0xF6,0x00,0x00,0x00,0x00,0x00,0x01,
    0xCF,0xFF,0x50,0x00,0x00,0x4F,0xFF,0xA0,0x00,0x00,0x00,0x00,0x00,0x00,0x3F,0xFF,0xC0,0x00,0x00,0xAF,0xFF,0x20,0x00,0x00,
    0x00,0x00,0x00,0x00,0x09,0xFF,0xF3,0x00,0x01,0xEF,0xFB,0x00,0x00,0x00,0x00,0x00,0x00,0x00,0x03,0xFF,0xF8,0x00,0x05,0xFF,
    0xF6,0x00,0x00,0x00,0x00,0x00,0x00,0x00,0x00,0xDF,0xFC,0x00,0x09,0xFF,0xF2,0x00,0x00,0x00,0x00,0x00,0x00,0x00,0x00,0x9F,
    0xFF,0x10,0x0C,0xFF,0xD0,0x00,0x00,0x00,0x00,0x00,0x00,0x00,0x00,0x6F,0xFF,0x40,0x0E,0xFF,0xA0,0x00,0x00,0x00,0x00,0x00,
    0x00,0x00,0x00,0x3F,0xFF,0x70,0x2F,0xFF,0x80,0x00,0x00,0x00,0x00,0x00,0x00,0x00,0x00,0x1F,0xFF,0x90,0x4F,0xFF,0x60,0x00,
    0x00,0x00,0x00,0x00,0x00,0x00,0x00,0x0D,0xFF,0xB0,0x5F,0xFF,0x50,0x00,0x00,0x00,0x00,0x00,0x00,0x00,0x00,0x0C,0xFF,0xC0,
    0x6F,0xFF,0x30,0x00,0x00,0x00,0x00,0x00,0x00,0x00,0x00,0x0B,0xFF,0xE0,0x7F,0xFF,0x20,0x00,0x00,0x00,0x00,0x00,0x00,0x00,
    0x00,0x0A,0xFF,0xE0,0x8F,0xFF,0x20,0x00,0x00,0x00,0x00,0x00,0x00,0x00,0x00,0x09,0xFF,0xF0,0x8F,0xFF,0x10,0x00,0x00,0x00,
    0x00,0x00,0x00,0x00,0x00,0x09,0xFF,0xF0,0x8F,0xFF,0x10,0x00,0x00,0x00,0x00,0x00,0x00,0x00,0x00,0x09,0xFF,0xF0,0x8F,0xFF,
    0x10,0x00,0x00,0x00,0x00,0x00,0x00,0x00,0x00,0x09,0xFF,0xF0,0x8F,0xFF,0x10,0x00,0x00,0x00,0x00,0x00,0x00,0x00,0x00,0x09,
    0xFF,0xF0,0x7F,0xFF,0x20,0x00,0x00,0x00,0x00,0x00,0x00,0x00,0x00,0x09,0xFF,0xF0,0x7F,0xFF,0x30,0x00,0x00,0x00,0x00,0x00,
    0x00,0x00,0x00,0x0A,0xFF,0xE0,0x6F,0xFF,0x40,0x00,0x00,0x00,0x00,0x00,0x00,0x00,0x00,0x0B,0xFF,0xD0,0x5F,0xFF,0x50,0x00,
    0x00,0x00,0x00,0x00,0x00,0x00,0x00,0x0C,0xFF,0xC0,0x3F,0xFF,0x70,0x00,0x00,0x00,0x00,0x00,0x00,0x00,0x00,0x0E,0xFF,0xB0,
    0x1F,0xFF,0x90,0x00,0x00,0x00,0x00,0x00,0x00,0x00,0x00,0x1F,0xFF,0x90,0x0D,0xFF,0xC0,0x00,0x00,0x00,0x00,0x00,0x00,0x00,
    0x00,0x4F,0xFF,0x60,0x0B,0xFF,0xE0,0x00,0x00,0x00,0x00,0x00,0x00,0x00,0x00,0x7F,0xFF,0x30,0x07,0xFF,0xF4,0x00,0x00,0x00,
    0x00,0x00,0x00,0x00,0x00,0xAF,0xFE,0x00,0x04,0xFF,0xF8,0x00,0x00,0x00,0x00,0x00,0x00,0x00,0x00,0xEF,0xFB,0x00,0x00,0xEF,
    0xFD,0x00,0x00,0x00,0x00,0x00,0x00,0x00,0x06,0xFF,0xF6,0x00,0x00,0x9F,0xFF,0x60,0x00,0x00,0x00,0x00,0x00,0x00,0x0C,0xFF,
    0xE1,0x00,0x00,0x3F,0xFF,0xD1,0x00,0x00,0x00,0x00,0x00,0x00,0x7F,0xFF,0x90,0x00,0x00,0x0A,0xFF,0xFB,0x10,0x00,0x00,0x00,
    0x00,0x04,0xFF,0xFF,0x20,0x00,0x00,0x02,0xEF,0xFF,0xC2,0x00,0x00,0x00,0x00,0x6E,0xFF,0xF8,0x00,0x00,0x00,0x00,0x6F,0xFF,
    0xFE,0x94,0x10,0x02,0x6C,0xFF,0xFF,0xD1,0x00,0x00,0x00,0x00,0x09,0xFF,0xFF,0xFF,0xFF,0xFF,0xFF,0xFF,0xFE,0x30,0x00,0x00,
    0x00,0x00,0x00,0x9F,0xFF,0xFF,0xFF,0xFF,0xFF,0xFF,0xD3,0x00,0x00,0x00,0x00,0x00,0x00,0x05,0xDF,0xFF,0xFF,0xFF,0xFF,0xF9,
    0x10,0x00,0x00,0x00,0x00,0x00,0x00,0x00,0x05,0x9C,0xEF,0xFD,0xB7,0x20,0x00,0x00,0x00,0x00,0x56,0x66,0x66,0x66,0x66,0x61,
    0xDF,0xFF,0xFF,0xFF,0xFF,0xF2,0xDF,0xFF,0xFF,0xFF,0xFF,0xF2,0xDF,0xFF,0xFF,0xFF,0xFF,0xF2,0x67,0x77,0x77,0x7A,0xFF,0xF2,
    0x00,0x00,0x00,0x06,0xFF,0xF2,0x00,0x00,0x00,0x06,0xFF,0xF2,0x00,0x00,0x00,0x06,0xFF,0xF2,0x00,0x00,0x00,0x06,0xFF,0xF2,
    0x00,0x00,0x00,0x06,0xFF,0xF2,0x00,0x00,0x00,0x06,0xFF,0xF2,0x00,0x00,0x00,0x06,0xFF,0xF2,0x00,0x00,0x00,0x06,0xFF,0xF2,
    0x00,0x00,0x00,0x06,0xFF,0xF2,0x00,0x00,0x00,0x06,0xFF,0xF2,0x00,0x00,0x00,0x06,0xFF,0xF2,0x00,0x00,0x00,0x06,0xFF,0xF2,
    0x00,0x00,0x00,0x06,0xFF,0xF2,0x00,0x00,0x00,0x06,0xFF,0xF2,0x00,0x00,0x00,0x06,0xFF,0xF2,0x00,0x00,0x00,0x06,0xFF,0xF2,
    0x00,0x00,0x00,0x06,0xFF,0xF2,0x00,0x00,0x00,0x06,0xFF,0xF2,0x00,0x00,0x00,0x06,0xFF,0xF2,0x00,0x00,0x00,0x06,0xFF,0xF2,
    0x00,0x00,0x00,0x06,0xFF,0xF2,0x00,0x00,0x00,0x06,0xFF,0xF2,0x00,0x00,0x00,0x06,0xFF,0xF2,0x00,0x00,0x00,0x06,0xFF,0xF2,
    0x00,0x00,0x00,0x06,0xFF,0xF2,0x00,0x00,0x00,0x06,0xFF,0xF2,0x00,0x00,0x00,0x06,0xFF,0xF2,0x00,0x00,0x00,0x06,0xFF,0xF2,
    0x00,0x00,0x00,0x06,0xFF,0xF2,0x00,0x00,0x00,0x06,0xFF,0xF2,0x00,0x00,0x00,0x06,0xFF,0xF2,0x00,0x00,0x00,0x06,0xFF,0xF2,
    0x00,0x00,0x00,0x06,0xFF,0xF2,0x00,0x00,0x00,0x06,0xFF,0xF2,0x00,0x00,0x00,0x06,0xFF,0xF2,0x00,0x00,0x00,0x06,0xFF,0xF2,
    0x00,0x00,0x00,0x06,0xFF,0xF2,0x00,0x00,0x00,0x06,0xFF,0xF2,0x00,0x00,0x00,0x00,0x35,0x77,0x64,0x10,0x00,0x00,0x00,0x00,
    0x00,0x00,0x01,0x7D,0xFF,0xFF,0xFF,0xEA,0x20,0x00,0x00,0x00,0x00,0x00,0x2C,0xFF,0xFF,0xFF,0xFF,0xFF,0xE5,0x00,0x00,0x00,
    0x00,0x03,0xEF,0xFF,0xFF,0xFF,0xFF,0xFF,0xFF,0x70,0x00,0x00,0x00,0x1D,0xFF,0xFF,0xD9,0x77,0x8B,0xFF,0xFF,0xF5,0x00,0x00,
    0x00,0x9F,0xFF,0xE6,0x00,0x00,0x00,0x3C,0xFF,0xFE,0x10,0x00,0x03,0xFF,0xFE,0x30,0x00,0x00,0x00,0x00,0xBF,0xFF,0x80,0x00,
    0x09,0xFF,0xF5,0x00,0x00,0x00,0x00,0x00,0x2E,0xFF,0xE0,0x00,0x0E,0xFF,0xC0,0x00,0x00,0x00,0x00,0x00,0x07,0xFF,0xF4,0x00,
    0x3F,0xFF,0x60,0x00,0x00,0x00,0x00,0x00,0x01,0xFF,0xF9,0x00,0x6F,0xFF,0x20,0x00,0x00,0x00,0x00,0x00,0x00,0xCF,0xFB,0x00,
    0x8F,0xFE,0x00,0x00,0x00,0x00,0x00,0x00,0x00,0x9F,0xFD,0x00,0xAF,0xFC,0x00,0x00,0x00,0x00,0x00,0x00,0x00,0x7F,0xFE,0x00,
    0x9E,0xEA,0x00,0x00,0x00,0x00,0x00,0x00,0x00,0x7F,0xFF,0x00,0x00,0x00,0x00,0x00,0x00,0x00,0x00,0x00,0x00,0x7F,0xFF,0x00,
    0x00,0x00,0x00,0x00,0x00,0x00,0x00,0x00,0x00,0x8F,0xFE,0x00,0x00,0x00,0x00,0x00,0x00,0x00,0x00,0x00,0x00,0xAF,0xFD,0x00,
    0x00,0x00,0x00,0x00,0x00,0x00,0x00,0x00,0x00,0xDF,0xFB,0x00,0x00,0x00,0x00,0x00,0x00,0x00,0x00,0x00,0x04,0xFF,0xF7,0x00,
    0x00,0x00,0x00,0x00,0x00,0x00,0x00,0x00,0x0B,0xFF,0xF2,0x00,0x00,0x00,0x00,0x00,0x00,0x00,0x00,0x00,0x6F,0xFF,0xB0,0x00,
    0x00,0x00,0x00,0x00,0x00,0x00,0x00,0x03,0xEF,0xFF,0x30,0x00,0x00,0x00,0x00,0x00,0x00,0x00,0x00,0x5E,0xFF,0xF7,0x00,0x00,
    0x00,0x00,0x00,0x00,0x00,0x00,0x19,0xFF,0xFF,0xA0,0x00,0x00,0x00,0x00,0x00,0x00,0x00,0x07,0xEF,0xFF,0xFA,0x00,0x00,0x00,
    0x00,0x00,0x00,0x00,0x03,0xCF,0xFF,0xFF,0x90,0x00,0x00,0x00,0x00,0x00,0x00,0x02,0x9F,0xFF,0xFF,0xE5,0x00,0x00,0x00,0x00,
    0x00,0x00,0x00,0x7E,0xFF,0xFF,0xF9,0x10,0x00,0x00,0x00,0x00,0x00,0x00,0x2C,0xFF,0xFF,0xFB,0x30,0x00,0x00,0x00,0x00,0x00,
    0x00,0x04,0xEF,0xFF,0xFD,0x60,0x00,0x00,0x00,0x00,0x00,0x00,0x00,0x3E,0xFF,0xFF,0x81,0x00,0x00,0x00,0x00,0x00,0x00,0x00,
    0x01,0xDF,0xFF,0xC2,0x00,0x00,0x00,0x00,0x00,0x00,0x00,0x00,0x07,0xFF,0xFB,0x00,0x00,0x00,0x00,0x00,0x00,0x00,0x00,0x00,
    0x0C,0xFF,0xE1,0x00,0x00,0x00,0x00,0x00,0x00,0x00,0x00,0x00,0x1F,0xFF,0x80,0x00,0x00,0x00,0x00,0x00,0x00,0x00,0x00,0x00,
    0x4F,0xFF,0x50,0x00,0x00,0x00,0x00,0x00,0x00,0x00,0x00,0x00,0x5F,0xFF,0x30,0x00,0x00,0x00,0x00,0x00,0x00,0x00,0x00,0x00,
    0x6F,0xFF,0x30,0x00,0x00,0x00,0x00,0x00,0x00,0x00,0x00,0x00,0x6F,0xFF,0x30,0x00,0x00,0x00,0x00,0x00,0x00,0x00,0x00,0x00,
    0x6F,0xFF,0x30,0x00,0x00,0x00,0x00,0x00,0x00,0x00,0x00,0x00,0x6F,0xFF,0xCC,0xCC,0xCC,0xCC,0xCC,0xCC,0xCC,0xCC,0xCC,0x60,
    0x6F,0xFF,0xFF,0xFF,0xFF,0xFF,0xFF,0xFF,0xFF,0xFF,0xFF,0x80,0x6F,0xFF,0xFF,0xFF,0xFF,0xFF,0xFF,0xFF,0xFF,0xFF,0xFF,0x80,
    0x6F,0xFF,0xFF,0xFF,0xFF,0xFF,0xFF,0xFF,0xFF,0xFF,0xFF,0x80,0x03,0x66,0x66,0x66,0x66,0x66,0x66,0x66,0x66,0x66,0x63,0x00,
    0x08,0xFF,0xFF,0xFF,0xFF,0xFF,0xFF,0xFF,0xFF,0xFF,0xF7,0x00,0x08,0xFF,0xFF,0xFF,0xFF,0xFF,0xFF,0xFF,0xFF,0xFF,0xF7,0x00,
    0x08,0xFF,0xFF,0xFF,0xFF,0xFF,0xFF,0xFF,0xFF,0xFF,0xF7,0x00,0x04,0x77,0x77,0x77,0x77,0x77,0x77,0x77,0x77,0xDF,0xF7,0x00,
    0x00,0x00,0x00,0x00,0x00,0x00,0x00,0x00,0x00,0xAF,0xF7,0x00,0x00,0x00,0x00,0x00,0x00,0x00,0x00,0x00,0x09,0xFF,0xF7,0x00,
    0x00,0x00,0x00,0x00,0x00,0x00,0x00,0x00,0x9F,0xFF,0xC1,0x00,0x00,0x00,0x00,0x00,0x00,0x00,0x00,0x09,0xFF,0xFC,0x10,0x00,
    0x00,0x00,0x00,0x00,0x00,0x00,0x00,0x9F,0xFF,0xC1,0x00,0x00,0x00,0x00,0x00,0x00,0x00,0x00,0x0A,0xFF,0xFC,0x10,0x00,0x00,
    0x00,0x00,0x00,0x00,0x00,0x00,0xAF,0xFF,0xC1,0x00,0x00,0x00,0x00,0x00,0x00,0x00,0x00,0x09,0xFF,0xFC,0x10,0x00,0x00,0x00,
    0x00,0x00,0x00,0x00,0x00,0xAF,0xFF,0xC1,0x00,0x00,0x00,0x00,0x00,0x00,0x00,0x00,0x0A,0xFF,0xFB,0x10,0x00,0x00,0x00,0x00,
    0x00,0x00,0x00,0x00,0xAF,0xFF,0xB1,0x00,0x00,0x00,0x00,0x00,0x00,0x00,0x00,0x0B,0xFF,0xFC,0x10,0x00,0x00,0x00,0x00,0x00,
    0x00,0x00,0x00,0xAF,0xFF,0xE8,0x76,0x30,0x00,0x00,0x00,0x00,0x00,0x00,0x07,0xFF,0xFF,0xFF,0xFF,0xFD,0x71,0x00,0x00,0x00,
    0x00,0x00,0x03,0xFF,0xFF,0xFF,0xFF,0xFF,0xFD,0x30,0x00,0x00,0x00,0x00,0x00,0xBF,0xFF,0xFF,0xFF,0xFF,0xFF,0xE4,0x00,0x00,
    0x00,0x00,0x00,0x5F,0xB5,0x21,0x14,0x9E,0xFF,0xFE,0x20,0x00,0x00,0x00,0x00,0x04,0x00,0x00,0x00,0x02,0xBF,0xFF,0xC0,0x00,
    0x00,0x00,0x00,0x00,0x00,0x00,0x00,0x00,0x1C,0xFF,0xF5,0x00,0x00,0x00,0x00,0x00,0x00,0x00,0x00,0x00,0x02,0xFF,0xFC,0x00,
    0x00,0x00,0x00,0x00,0x00,0x00,0x00,0x00,0x00,0x9F,0xFF,0x30,0x00,0x00,0x00,0x00,0x00,0x00,0x00,0x00,0x00,0x3F,0xFF,0x70,
    0x00,0x00,0x00,0x00,0x00,0x00,0x00,0x00,0x00,0x0D,0xFF,0xA0,0x00,0x00,0x00,0x00,0x00,0x00,0x00,0x00,0x00,0x0A,0xFF,0xC0,
    0x00,0x00,0x00,0x00,0x00,0x00,0x00,0x00,0x00,0x09,0xFF,0xD0,0x57,0x74,0x00,0x00,0x00,0x00,0x00,0x00,0x00,0x08,0xFF,0xD0,
    0xCF,0xF9,0x00,0x00,0x00,0x00,0x00,0x00,0x00,0x08,0xFF,0xD0,0xBF,0xFA,0x00,0x00,0x00,0x00,0x00,0x00,0x00,0x0A,0xFF,0xD0,
    0x9F,0xFC,0x00,0x00,0x00,0x00,0x00,0x00,0x00,0x0C,0xFF,0xB0,0x7F,0xFF,0x10,0x00,0x00,0x00,0x00,0x00,0x00,0x1F,0xFF,0x80,
    0x3F,0xFF,0x70,0x00,0x00,0x00,0x00,0x00,0x00,0x7F,0xFF,0x40,0x0D,0xFF,0xE1,0x00,0x00,0x00,0x00,0x00,0x01,0xDF,0xFE,0x00,
    0x07,0xFF,0xFA,0x00,0x00,0x00,0x00,0x00,0x09,0xFF,0xF8,0x00,0x01,0xDF,0xFF,0x90,0x00,0x00,0x00,0x00,0x9F,0xFF,0xE1,0x00,
    0x00,0x5F,0xFF,0xFD,0x61,0x00,0x01,0x6D,0xFF,0xFF,0x60,0x00,0x00,0x07,0xFF,0xFF,0xFF,0xED,0xEF,0xFF,0xFF,0xF8,0x00,0x00,
    0x00,0x00,0x7F,0xFF,0xFF,0xFF,0xFF,0xFF,0xFF,0x80,0x00,0x00,0x00,0x00,0x04,0xDF,0xFF,0xFF,0xFF,0xFF,0xD5,0x00,0x00,0x00,
    0x00,0x00,0x00,0x05,0xAD,0xEF,0xED,0xA5,0x00,0x00,0x00,0x00,0x00,0x00,0x00,0x00,0x00,0x00,0x01,0xC3,0x00,0x00,0x00,0x00,
    0x00,0x00,0x00,0x00,0x00,0x00,0x00,0x07,0xFE,0x30,0x00,0x00,0x00,0x00,0x00,0x00,0x00,0x00,0x00,0x00,0x1E,0xFF,0xB0,0x00,
    0x00,0x00,0x00,0x00,0x00,0x00,0x00,0x00,0x00,0x7F,0xFF,0x30,0x00,0x00,0x00,0x00,0x00,0x00,0x00,0x00,0x00,0x01,0xEF,0xFA,
    0x00,0x00,0x00,0x00,0x00,0x00,0x00,0x00,0x00,0x00,0x07,0xFF,0xF3,0x00,0x00,0x00,0x00,0x00,0x00,0x00,0x00,0x00,0x00,0x1E,
    0xFF,0xA0,0x00,0x00,0x00,0x00,0x00,0x00,0x00,0x00,0x00,0x00,0x8F,0xFF,0x20,0x00,0x00,0x00,0x00,0x00,0x00,0x00,0x00,0x00,
    0x02,0xEF,0xF9,0x00,0x00,0x00,0x00,0x00,0x00,0x00,0x00,0x00,0x00,0x09,0xFF,0xE2,0x00,0x00,0x00,0x00,0x00,0x00,0x00,0x00,
    0x00,0x00,0x2F,0xFF,0x90,0x00,0x00,0x00,0x00,0x00,0x00,0x00,0x00,0x00,0x00,0xAF,0xFF,0x20,0x00,0x00,0x00,0x00,0x00,0x00,
    0x00,0x00,0x00,0x03,0xFF,0xF9,0x00,0x00,0x00,0x00,0x00,0x00,0x00,0x00,0x00,0x00,0x0B,0xFF,0xE1,0x00,0x00,0x03,0xCC,0xC0,
    0x00,0x00,0x00,0x00,0x00,0x3F,0xFF,0x80,0x00,0x00,0x04,0xFF,0xE0,0x00,0x00,0x00,0x00,0x00,0xBF,0xFE,0x10,0x00,0x00,0x04,
    0xFF,0xE0,0x00,0x00,0x00,0x00,0x03,0xFF,0xF7,0x00,0x00,0x00,0x04,0xFF,0xE0,0x00,0x00,0x00,0x00,0x0B,0xFF,0xD1,0x00,0x00,
    0x00,0x04,0xFF,0xE0,0x00,0x00,0x00,0x00,0x4F,0xFF,0x60,0x00,0x00,0x00,0x04,0xFF,0xE0,0x00,0x00,0x00,0x00,0xCF,0xFD,0x00,
    0x00,0x00,0x00,0x04,0xFF,0xE0,0x00,0x00,0x00,0x05,0xFF,0xF5,0x00,0x00,0x00,0x00,0x04,0xFF,0xE0,0x00,0x00,0x00,0x0C,0xFF,
    0xC0,0x00,0x00,0x00,0x00,0x04,0xFF,0xE0,0x00,0x00,0x00,0x6F,0xFF,0x60,0x00,0x00,0x00,0x00,0x04,0xFF,0xE0,0x00,0x00,0x00,
    0xDF,0xFD,0x00,0x00,0x00,0x00,0x00,0x04,0xFF,0xE0,0x00,0x00,0x07,0xFF,0xF5,0x00,0x00,0x00,0x00,0x00,0x04,0xFF,0xE0,0x00,
    0x00,0x1E,0xFF,0xC0,0x00,0x00,0x00,0x00,0x00,0x04,0xFF,0xE0,0x00,0x00,0x7F,0xFF,0x50,0x00,0x00,0x00,0x00,0x00,0x04,0xFF,
    0xE0,0x00,0x00,0xAF,0xFB,0x00,0x00,0x00,0x00,0x00,0x00,0x04,0xFF,0xE0,0x00,0x00,0xAF,0xFA,0x11,0x11,0x11,0x11,0x11,0x11,
    0x14,0xFF,0xE1,0x11,0x10,0xAF,0xFF,0xFF,0xFF,0xFF,0xFF,0xFF,0xFF,0xFF,0xFF,0xFF,0xFF,0xF8,0xAF,0xFF,0xFF,0xFF,0xFF,0xFF,
    0xFF,0xFF,0xFF,0xFF,0xFF,0xFF,0xF8,0xAF,0xFF,0xFF,0xFF,0xFF,0xFF,0xFF,0xFF,0xFF,0xFF,0xFF,0xFF,0xF8,0x57,0x77,0x77,0x77,
    0x77,0x77,0x77,0x77,0x79,0xFF,0xF7,0x77,0x74,0x00,0x00,0x00,0x00,0x00,0x00,0x00,0x00,0x04,0xFF,0xE0,0x00,0x00,0x00,0x00,
    0x00,0x00,0x00,0x00,0x00,0x00,0x04,0xFF,0xE0,0x00,0x00,0x00,0x00,0x00,0x00,0x00,0x00,0x00,0x00,0x04,0xFF,0xE0,0x00,0x00,
    0x00,0x00,0x00,0x00,0x00,0x00,0x00,0x00,0x04,0xFF,0xE0,0x00,0x00,0x00,0x00,0x00,0x00,0x00,0x00,0x00,0x00,0x04,0xFF,0xE0,
    0x00,0x00,0x00,0x00,0x00,0x00,0x00,0x00,0x00,0x00,0x04,0xFF,0xE0,0x00,0x00,0x00,0x00,0x00,0x00,0x00,0x00,0x00,0x00,0x04,
    0xFF,0xE0,0x00,0x00,0x00,0x00,0x00,0x00,0x00,0x00,0x00,0x00,0x04,0xFF,0xE0,0x00,0x00,0x00,0x00,0x00,0x00,0x00,0x00,0x00,
    0x00,0x04,0xFF,0xE0,0x00,0x00,0x00,0x00,0x00,0x00,0x00,0x00,0x00,0x00,0x04,0xFF,0xE0,0x00,0x00,0x00,0x00,0x46,0x66,0x66,
    0x66,0x66,0x66,0x66,0x66,0x50,0x00,0x00,0x00,0xCF,0xFF,0xFF,0xFF,0xFF,0xFF,0xFF,0xFF,0xD0,0x00,0x00,0x00,0xDF,0xFF,0xFF,
    0xFF,0xFF,0xFF,0xFF,0xFF,0xD0,0x00,0x00,0x00,0xEF,0xFF,0xFF,0xFF,0xFF,0xFF,0xFF,0xFF,0xD0,0x00,0x00,0x00,0xFF,0xE7,0x77,
    0x77,0x77,0x77,0x77,0x77,0x60,0x00,0x00,0x02,0xFF,0xD0,0x00,0x00,0x00,0x00,0x00,0x00,0x00,0x00,0x00,0x03,0xFF,0xC0,0x00,
    0x00,0x00,0x00,0x00,0x00,0x00,0x00,0x00,0x04,0xFF,0xB0,0x00,0x00,0x00,0x00,0x00,0x00,0x00,0x00,0x00,0x05,0xFF,0xA0,0x00,
    0x00,0x00,0x00,0x00,0x00,0x00,0x00,0x00,0x07,0xFF,0x90,0x00,0x00,0x00,0x00,0x00,0x00,0x00,0x00,0x00,0x08,0xFF,0x80,0x00,
    0x00,0x00,0x00,0x00,0x00,0x00,0x00,0x00,0x09,0xFF,0x70,0x00,0x00,0x00,0x00,0x00,0x00,0x00,0x00,0x00,0x0A,0xFF,0x60,0x00,
    0x00,0x00,0x00,0x00,0x00,0x00,0x00,0x00,0x0B,0xFF,0x50,0x00,0x00,0x00,0x00,0x00,0x00,0x00,0x00,0x00,0x0C,0xFF,0x40,0x00,
    0x00,0x00,0x00,0x00,0x00,0x00,0x00,0x00,0x0D,0xFF,0x30,0x00,0x00,0x00,0x00,0x00,0x00,0x00,0x00,0x00,0x0E,0xFF,0x20,0x27,
    0xBC,0xDC,0xA7,0x20,0x00,0x00,0x00,0x00,0x1F,0xFF,0x19,0xFF,0xFF,0xFF,0xFF,0xFB,0x20,0x00,0x00,0x00,0x2F,0xFF,0xCF,0xFF,
    0xFF,0xFF,0xFF,0xFF,0xE4,0x00,0x00,0x00,0x3F,0xFF,0xFF,0xFF,0xFE,0xDE,0xFF,0xFF,0xFE,0x40,0x00,0x00,0x5F,0xFF,0xFF,0xB5,
    0x10,0x00,0x38,0xEF,0xFF,0xE2,0x00,0x00,0x6F,0xFF,0xE5,0x00,0x00,0x00,0x00,0x2C,0xFF,0xFB,0x00,0x00,0x7E,0xEE,0x30,0x00,
    0x00,0x00,0x00,0x01,0xDF,0xFF,0x40,0x00,0x00,0x00,0x00,0x00,0x00,0x00,0x00,0x00,0x4F,0xFF,0xB0,0x00,0x00,0x00,0x00,0x00,
    0x00,0x00,0x00,0x00,0x0B,0xFF,0xF2,0x00,0x00,0x00,0x00,0x00,0x00,0x00,0x00,0x00,0x05,0xFF,0xF6,0x00,0x00,0x00,0x00,0x00,
    0x00,0x00,0x00,0x00,0x00,0xEF,0xF9,0x00,0x00,0x00,0x00,0x00,0x00,0x00,0x00,0x00,0x00,0xCF,0xFC,0x00,0x00,0x00,0x00,0x00,
    0x00,0x00,0x00,0x00,0x00,0xAF,0xFD,0x00,0x00,0x00,0x00,0x00,0x00,0x00,0x00,0x00,0x00,0x9F,0xFE,0x4E,0xEE,0x20,0x00,0x00,
    0x00,0x00,0x00,0x00,0x00,0x9F,0xFE,0x4F,0xFF,0x30,0x00,0x00,0x00,0x00,0x00,0x00,0x00,0x9F,0xFD,0x3F,0xFF,0x50,0x00,0x00,
    0x00,0x00,0x00,0x00,0x00,0xBF,0xFC,0x0F,0xFF,0x80,0x00,0x00,0x00,0x00,0x00,0x00,0x00,0xEF,0xFA,0x0C,0xFF,0xC0,0x00,0x00,
    0x00,0x00,0x00,0x00,0x04,0xFF,0xF7,0x08,0xFF,0xF3,0x00,0x00,0x00,0x00,0x00,0x00,0x0A,0xFF,0xF2,0x03,0xFF,0xFB,0x00,0x00,
    0x00,0x00,0x00,0x00,0x3F,0xFF,0xC0,0x00,0xBF,0xFF,0x70,0x00,0x00,0x00,0x00,0x01,0xCF,0xFF,0x50,0x00,0x3F,0xFF,0xF7,0x00,
    0x00,0x00,0x00,0x2C,0xFF,0xFC,0x00,0x00,0x08,0xFF,0xFF,0xC5,0x10,0x00,0x28,0xEF,0xFF,0xE3,0x00,0x00,0x00,0xBF,0xFF,0xFF,
    0xFD,0xDE,0xFF,0xFF,0xFF,0x50,0x00,0x00,0x00,0x1A,0xFF,0xFF,0xFF,0xFF,0xFF,0xFF,0xE5,0x00,0x00,0x00,0x00,0x00,0x7E,0xFF,
    0xFF,0xFF,0xFF,0xFC,0x30,0x00,0x00,0x00,0x00,0x00,0x01,0x7B,0xDE,0xFE,0xC9,0x40,0x00,0x00,0x00,0x00,0x00,0x00,0x00,0x00,
    0x03,0x68,0x9A,0xA9,0x86,0x40,0x00,0x00,0x00,0x00,0x00,0x00,0x18,0xDF,0xFF,0xFF,0xFF,0xFF,0xE0,0x00,0x00,0x00,0x00,0x00,
    0x06,0xEF,0xFF,0xFF,0xFF,0xFF,0xFF,0xE0,0x00,0x00,0x00,0x00,0x00,0xAF,0xFF,0xFF,0xFF,0xFF,0xFF,0xFF,0xE0,0x00,0x00,0x00,
    0x00,0x0A,0xFF,0xFF,0xEA,0x64,0x22,0x23,0x46,0x80,0x00,0x00,0x00,0x00,0x7F,0xFF,0xF8,0x10,0x00,0x00,0x00,0x00,0x00,0x00,
    0x00,0x00,0x02,0xEF,0xFE,0x40,0x00,0x00,0x00,0x00,0x00,0x00,0x00,0x00,0x00,0x0A,0xFF,0xF4,0x00,0x00,0x00,0x00,0x00,0x00,
    0x00,0x00,0x00,0x00,0x3F,0xFF,0x70,0x00,0x00,0x00,0x00,0x00,0x00,0x00,0x00,0x00,0x00,0x9F,0xFD,0x00,0x00,0x00,0x00,0x00,
    0x00,0x00,0x00,0x00,0x00,0x01,0xEF,0xF6,0x00,0x00,0x00,0x00,0x00,0x00,0x00,0x00,0x00,0x00,0x05,0xFF,0xE1,0x00,0x00,0x00,
    0x00,0x00,0x00,0x00,0x00,0x00,0x00,0x09,0xFF,0xB0,0x00,0x00,0x00,0x00,0x00,0x00,0x00,0x00,0x00,0x00,0x0C,0xFF,0x70,0x00,
    0x00,0x00,0x00,0x00,0x00,0x00,0x00,0x00,0x00,0x0E,0xFF,0x40,0x00,0x00,0x00,0x00,0x00,0x00,0x00,0x00,0x00,0x00,0x2F,0xFF,
    0x20,0x00,0x00,0x02,0x44,0x31,0x00,0x00,0x00,0x00,0x00,0x4F,0xFE,0x00,0x00,0x29,0xEF,0xFF,0xFF,0xC7,0x10,0x00,0x00,0x00,
    0x6F,0xFD,0x00,0x07,0xFF,0xFF,0xFF,0xFF,0xFF,0xD4,0x00,0x00,0x00,0x7F,0xFC,0x00,0xAF,0xFF,0xFF,0xFF,0xFF,0xFF,0xFF,0x50,
    0x00,0x00,0x8F,0xFB,0x08,0xFF,0xFF,0xB8,0x77,0x9C,0xFF,0xFF,0xE3,0x00,0x00,0x8F,0xFA,0x3F,0xFF,0xA2,0x00,0x00,0x00,0x4C,
    0xFF,0xFD,0x10,0x00,0x8F,0xFA,0xAF,0xF6,0x00,0x00,0x00,0x00,0x01,0xBF,0xFF,0x70,0x00,0x8F,0xFB,0xFF,0x70,0x00,0x00,0x00,
    0x00,0x00,0x1E,0xFF,0xE0,0x00,0x8F,0xFF,0xFC,0x00,0x00,0x00,0x00,0x00,0x00,0x07,0xFF,0xF5,0x00,0x8F,0xFF,0xF5,0x00,0x00,
    0x00,0x00,0x00,0x00,0x01,0xEF,0xF9,0x00,0x8F,0xFF,0xE0,0x00,0x00,0x00,0x00,0x00,0x00,0x00,0xAF,0xFD,0x00,0x8F,0xFF,0xA0,
    0x00,0x00,0x00,0x00,0x00,0x00,0x00,0x7F,0xFF,0x00,0x7F,0xFF,0x80,0x00,0x00,0x00,0x00,0x00,0x00,0x00,0x4F,0xFF,0x20,0x6F,
    0xFF,0x60,0x00,0x00,0x00,0x00,0x00,0x00,0x00,0x3F,0xFF,0x30,0x4F,0xFF,0x60,0x00,0x00,0x00,0x00,0x00,0x00,0x00,0x2F,0xFF,
    0x40,0x2F,0xFF,0x60,0x00,0x00,0x00,0x00,0x00,0x00,0x00,0x2F,0xFF,0x40,0x0E,0xFF,0x70,0x00,0x00,0x00,0x00,0x00,0x00,0x00,
    0x3F,0xFF,0x30,0x0C,0xFF,0x90,0x00,0x00,0x00,0x00,0x00,0x00,0x00,0x5F,0xFF,0x10,0x09,0xFF,0xC0,0x00,0x00,0x00,0x00,0x00,
    0x00,0x00,0x8F,0xFE,0x00,0x05,0xFF,0xF1,0x00,0x00,0x00,0x00,0x00,0x00,0x00,0xDF,0xFB,0x00,0x01,0xEF,0xF7,0x00,0x00,0x00,
    0x00,0x00,0x00,0x03,0xFF,0xF7,0x00,0x00,0xAF,0xFE,0x10,0x00,0x00,0x00,0x00,0x00,0x0A,0xFF,0xF2,0x00,0x00,0x3F,0xFF,0xB0,
    0x00,0x00,0x00,0x00,0x00,0x5F,0xFF,0xB0,0x00,0x00,0x0A,0xFF,0xFA,0x10,0x00,0x00,0x00,0x05,0xEF,0xFF,0x40,0x00,0x00,0x02,
    0xEF,0xFF,0xD5,0x10,0x00,0x03,0xAF,0xFF,0xF9,0x00,0x00,0x00,0x00,0x6F,0xFF,0xFF,0xEC,0xBC,0xEF,0xFF,0xFF,0xC1,0x00,0x00,
    0x00,0x00,0x07,0xFF,0xFF,0xFF,0xFF,0xFF,0xFF,0xFC,0x10,0x00,0x00,0x00,0x00,0x00,0x5D,0xFF,0xFF,0xFF,0xFF,0xFF,0x91,0x00,
    0x00,0x00,0x00,0x00,0x00,0x01,0x6B,0xEF,0xFF,0xFC,0x82,0x00,0x00,0x00,0x00,0x00,0x00,0x00,0x00,0x00,0x01,0x21,0x00,0x00,
    0x00,0x00,0x00,0x00,0x46,0x66,0x66,0x66,0x66,0x66,0x66,0x66,0x66,0x66,0x65,0x9F,0xFF,0xFF,0xFF,0xFF,0xFF,0xFF,0xFF,0xFF,
    0xFF,0xFE,0x9F,0xFF,0xFF,0xFF,0xFF,0xFF,0xFF,0xFF,0xFF,0xFF,0xFE,0x9F,0xFF,0xFF,0xFF,0xFF,0xFF,0xFF,0xFF,0xFF,0xFF,0xFE,
    0x9F,0xFA,0x77,0x77,0x77,0x77,0x77,0x77,0x77,0x9F,0xFE,0x9F,0xF6,0x00,0x00,0x00,0x00,0x00,0x00,0x00,0x5F,0xFE,0x9F,0xF6,
    0x00,0x00,0x00,0x00,0x00,0x00,0x00,0xAF,0xFC,0x9F,0xF6,0x00,0x00,0x00,0x00,0x00,0x00,0x01,0xFF,0xF7,0x9F,0xF6,0x00,0x00,
    0x00,0x00,0x00,0x00,0x07,0xFF,0xF2,0x9F,0xF6,0x00,0x00,0x00,0x00,0x00,0x00,0x0C,0xFF,0xB0,0x9F,0xF6,0x00,0x00,0x00,0x00,
    0x00,0x00,0x3F,0xFF,0x60,0x58,0x83,0x00,0x00,0x00,0x00,0x00,0x00,0x8F,0xFE,0x10,0x00,0x00,0x00,0x00,0x00,0x00,0x00,0x00,
    0xDF,0xFA,0x00,0x00,0x00,0x00,0x00,0x00,0x00,0x00,0x03,0xFF,0xF4,0x00,0x00,0x00,0x00,0x00,0x00,0x00,0x00,0x09,0xFF,0xD0,
    0x00,0x00,0x00,0x00,0x00,0x00,0x00,0x00,0x1E,0xFF,0x80,0x00,0x00,0x00,0x00,0x00,0x00,0x00,0x00,0x5F,0xFF,0x20,0x00,0x00,
    0x00,0x00,0x00,0x00,0x00,0x00,0xBF,0xFB,0x00,0x00,0x00,0x00,0x00,0x00,0x00,0x00,0x02,0xFF,0xF6,0x00,0x00,0x00,0x00,0x00,
    0x00,0x00,0x00,0x07,0xFF,0xE1,0x00,0x00,0x00,0x00,0x00,0x00,0x00,0x00,0x0D,0xFF,0xA0,0x00,0x00,0x00,0x00,0x00,0x00,0x00,
    0x00,0x4F,0xFF,0x50,0x00,0x00,0x00,0x00,0x00,0x00,0x00,0x00,0x9F,0xFE,0x10,0x00,0x00,0x00,0x00,0x00,0x00,0x00,0x01,0xEF,
    0xF9,0x00,0x00,0x00,0x00,0x00,0x00,0x00,0x00,0x06,0xFF,0xF4,0x00,0x00,0x00,0x00,0x00,0x00,0x00,0x00,0x0B,0xFF,0xD0,0x00,
    0x00,0x00,0x00,0x00,0x00,0x00,0x00,0x1F,0xFF,0x80,0x00,0x00,0x00,0x00,0x00,0x00,0x00,0x00,0x6F,0xFF,0x20,0x00,0x00,0x00,
    0x00,0x00,0x00,0x00,0x00,0xBF,0xFB,0x00,0x00,0x00,0x00,0x00,0x00,0x00,0x00,0x02,0xFF,0xF6,0x00,0x00,0x00,0x00,0x00,0x00,
    0x00,0x00,0x08,0xFF,0xE1,0x00,0x00,0x00,0x00,0x00,0x00,0x00,0x00,0x0D,0xFF,0xA0,0x00,0x00,0x00,0x00,0x00,0x00,0x00,0x00,
    0x4F,0xFF,0x40,0x00,0x00,0x00,0x00,0x00,0x00,0x00,0x00,0xAF,0xFD,0x00,0x00,0x00,0x00,0x00,0x00,0x00,0x00,0x01,0xEF,0xF8,
    0x00,0x00,0x00,0x00,0x00,0x00,0x00,0x00,0x06,0xFF,0xF2,0x00,0x00,0x00,0x00,0x00,0x00,0x00,0x00,0x0C,0xFF,0xD0,0x00,0x00,
    0x00,0x00,0x00,0x00,0x00,0x00,0x2F,0xFF,0x80,0x00,0x00,0x00,0x00,0x00,0x00,0x00,0x00,0x8F,0xFF,0x20,0x00,0x00,0x00,0x00,
    0x00,0x00,0x00,0x00,0xDF,0xFB,0x00,0x00,0x00,0x00,0x00,0x00,0x00,0x00,0x04,0xFF,0xF6,0x00,0x00,0x00,0x00,0x00,0x00,0x00,
    0x00,0x09,0xFF,0xE1,0x00,0x00,0x00,0x00,0x00,0x00,0x00,0x00,0x0E,0xFF,0xA0,0x00,0x00,0x00,0x00,0x00,0x00,0x00,0x00,0x00,
    0x00,0x01,0x46,0x65,0x30,0x00,0x00,0x00,0x00,0x00,0x00,0x00,0x00,0x06,0xCF,0xFF,0xFF,0xFE,0xA4,0x00,0x00,0x00,0x00,0x00,
    0x00,0x02,0xCF,0xFF,0xFF,0xFF,0xFF,0xFF,0xA1,0x00,0x00,0x00,0x00,0x00,0x4E,0xFF,0xFF,0xFF,0xFF,0xFF,0xFF,0xFC,0x10,0x00,
    0x00,0x00,0x03,0xEF,0xFF,0xFC,0x97,0x77,0xAE,0xFF,0xFF,0xB0,0x00,0x00,0x00,0x0C,0xFF,0xFC,0x40,0x00,0x00,0x00,0x6E,0xFF,
    0xF7,0x00,0x00,0x00,0x6F,0xFF,0xB1,0x00,0x00,0x00,0x00,0x03,0xEF,0xFE,0x10,0x00,0x00,0xCF,0xFE,0x20,0x00,0x00,0x00,0x00,
    0x00,0x6F,0xFF,0x70,0x00,0x02,0xFF,0xF9,0x00,0x00,0x00,0x00,0x00,0x00,0x0D,0xFF,0xB0,0x00,0x05,0xFF,0xF4,0x00,0x00,0x00,
    0x00,0x00,0x00,0x09,0xFF,0xE0,0x00,0x07,0xFF,0xF1,0x00,0x00,0x00,0x00,0x00,0x00,0x06,0xFF,0xF1,0x00,0x08,0xFF,0xF0,0x00,
    0x00,0x00,0x00,0x00,0x00,0x05,0xFF,0xF2,0x00,0x07,0xFF,0xF0,0x00,0x00,0x00,0x00,0x00,0x00,0x05,0xFF,0xF2,0x00,0x06,0xFF,
    0xF1,0x00,0x00,0x00,0x00,0x00,0x00,0x06,0xFF,0xF1,0x00,0x04,0xFF,0xF4,0x00,0x00,0x00,0x00,0x00,0x00,0x09,0xFF,0xD0,0x00,
    0x00,0xEF,0xF9,0x00,0x00,0x00,0x00,0x00,0x00,0x0D,0xFF,0xA0,0x00,0x00,0x9F,0xFE,0x20,0x00,0x00,0x00,0x00,0x00,0x6F,0xFF,
    0x40,0x00,0x00,0x2E,0xFF,0xC1,0x00,0x00,0x00,0x00,0x03,0xEF,0xFB,0x00,0x00,0x00,0x05,0xFF,0xFC,0x40,0x00,0x00,0x00,0x7E,
    0xFF,0xD2,0x00,0x00,0x00,0x00,0x6F,0xFF,0xFC,0x97,0x67,0xAE,0xFF,0xFD,0x30,0x00,0x00,0x00,0x00,0x04,0xDF,0xFF,0xFF,0xFF,
    0xFF,0xFF,0xB2,0x00,0x00,0x00,0x00,0x00,0x00,0x6F,0xFF,0xFF,0xFF,0xFF,0xFE,0x20,0x00,0x00,0x00,0x00,0x00,0x2B,0xFF,0xFF,
    0xFF,0xFF,0xFF,0xFF,0xF8,0x00,0x00,0x00,0x00,0x03,0xDF,0xFF,0xD8,0x53,0x23,0x69,0xEF,0xFF,0xB1,0x00,0x00,0x00,0x2E,0xFF,
    0xE6,0x00,0x00,0x00,0x00,0x19,0xFF,0xFA,0x00,0x00,0x00,0xBF,0xFF,0x40,0x00,0x00,0x00,0x00,0x00,0x7F,0xFF,0x70,0x00,0x06,
    0xFF,0xF7,0x00,0x00,0x00,0x00,0x00,0x00,0x0B,0xFF,0xE1,0x00,0x0C,0xFF,0xC0,0x00,0x00,0x00,0x00,0x00,0x00,0x02,0xFF,0xF8,
    0x00,0x2F,0xFF,0x60,0x00,0x00,0x00,0x00,0x00,0x00,0x00,0xAF,0xFC,0x00,0x6F,0xFF,0x20,0x00,0x00,0x00,0x00,0x00,0x00,0x00,
    0x6F,0xFF,0x10,0x8F,0xFE,0x00,0x00,0x00,0x00,0x00,0x00,0x00,0x00,0x3F,0xFF,0x30,0x9F,0xFC,0x00,0x00,0x00,0x00,0x00,0x00,
    0x00,0x00,0x2F,0xFF,0x50,0x9F,0xFC,0x00,0x00,0x00,0x00,0x00,0x00,0x00,0x00,0x1F,0xFF,0x50,0x9F,0xFD,0x00,0x00,0x00,0x00,
    0x00,0x00,0x00,0x00,0x2F,0xFF,0x40,0x7F,0xFF,0x10,0x00,0x00,0x00,0x00,0x00,0x00,0x00,0x5F,0xFF,0x30,0x5F,0xFF,0x40,0x00,
    0x00,0x00,0x00,0x00,0x00,0x00,0x8F,0xFF,0x10,0x1F,0xFF,0xA0,0x00,0x00,0x00,0x00,0x00,0x00,0x00,0xDF,0xFC,0x00,0x0B,0xFF,
    0xF3,0x00,0x00,0x00,0x00,0x00,0x00,0x07,0xFF,0xF7,0x00,0x05,0xFF,0xFC,0x10,0x00,0x00,0x00,0x00,0x00,0x3E,0xFF,0xE1,0x00,
    0x00,0xBF,0xFF,0xB1,0x00,0x00,0x00,0x00,0x03,0xEF,0xFF,0x70,0x00,0x00,0x2E,0xFF,0xFE,0x72,0x00,0x00,0x03,0x9F,0xFF,0xFC,
    0x00,0x00,0x00,0x04,0xEF,0xFF,0xFF,0xDC,0xBC,0xEF,0xFF,0xFF,0xD2,0x00,0x00,0x00,0x00,0x4D,0xFF,0xFF,0xFF,0xFF,0xFF,0xFF,
    0xFB,0x10,0x00,0x00,0x00,0x00,0x01,0x9F,0xFF,0xFF,0xFF,0xFF,0xFE,0x70,0x00,0x00,0x00,0x00,0x00,0x00,0x02,0x7B,0xDE,0xFE,
    0xCA,0x61,0x00,0x00,0x00,0x00,0x00,0x00,0x00,0x00,0x03,0x67,0x76,0x41,0x00,0x00,0x00,0x00,0x00,0x00,0x00,0x00,0x29,0xEF,
    0xFF,0xFF,0xFE,0x92,0x00,0x00,0x00,0x00,0x00,0x00,0x06,0xEF,0xFF,0xFF,0xFF,0xFF,0xFF,0x70,0x00,0x00,0x00,0x00,0x00,0x7F,
    0xFF,0xFF,0xFF,0xFF,0xFF,0xFF,0xF8,0x00,0x00,0x00,0x00,0x06,0xFF,0xFF,0xFC,0x87,0x78,0xBF,0xFF,0xFF,0x60,0x00,0x00,0x00,
    0x2E,0xFF,0xFB,0x30,0x00,0x00,0x02,0xBF,0xFF,0xE2,0x00,0x00,0x00,0xAF,0xFF,0xA0,0x00,0x00,0x00,0x00,0x09,0xFF,0xF9,0x00,
    0x00,0x02,0xFF,0xFC,0x00,0x00,0x00,0x00,0x00,0x00,0xBF,0xFF,0x20,0x00,0x08,0xFF,0xF4,0x00,0x00,0x00,0x00,0x00,0x00,0x2E,
    0xFF,0x80,0x00,0x0C,0xFF,0xC0,0x00,0x00,0x00,0x00,0x00,0x00,0x09,0xFF,0xD0,0x00,0x1F,0xFF,0x70,0x00,0x00,0x00,0x00,0x00,
    0x00,0x03,0xFF,0xF2,0x00,0x4F,0xFF,0x30,0x00,0x00,0x00,0x00,0x00,0x00,0x00,0xEF,0xF6,0x00,0x6F,0xFF,0x10,0x00,0x00,0x00,
    0x00,0x00,0x00,0x00,0xBF,0xF9,0x00,0x7F,0xFE,0x00,0x00,0x00,0x00,0x00,0x00,0x00,0x00,0xAF,0xFB,0x00,0x7F,0xFD,0x00,0x00,
    0x00,0x00,0x00,0x00,0x00,0x00,0x9F,0xFE,0x00,0x7F,0xFD,0x00,0x00,0x00,0x00,0x00,0x00,0x00,0x00,0x9F,0xFF,0x00,0x7F,0xFE,
    0x00,0x00,0x00,0x00,0x00,0x00,0x00,0x00,0xAF,0xFF,0x20,0x5F,0xFF,0x10,0x00,0x00,0x00,0x00,0x00,0x00,0x00,0xCF,0xFF,0x30,
    0x3F,0xFF,0x40,0x00,0x00,0x00,0x00,0x00,0x00,0x00,0xEF,0xFF,0x40,0x1F,0xFF,0x80,0x00,0x00,0x00,0x00,0x00,0x00,0x05,0xFF,
    0xFF,0x40,0x0B,0xFF,0xD0,0x00,0x00,0x00,0x00,0x00,0x00,0x0B,0xFF,0xFF,0x50,0x07,0xFF,0xF6,0x00,0x00,0x00,0x00,0x00,0x00,
    0x4F,0xFE,0xFF,0x50,0x01,0xEF,0xFE,0x10,0x00,0x00,0x00,0x00,0x02,0xEF,0xBD,0xFF,0x50,0x00,0x8F,0xFF,0xC2,0x00,0x00,0x00,
    0x00,0x3D,0xFF,0x5E,0xFF,0x50,0x00,0x1D,0xFF,0xFE,0x71,0x00,0x00,0x28,0xFF,0xFB,0x0E,0xFF,0x40,0x00,0x03,0xEF,0xFF,0xFF,
    0xDC,0xCD,0xFF,0xFF,0xD2,0x0F,0xFF,0x40,0x00,0x00,0x4E,0xFF,0xFF,0xFF,0xFF,0xFF,0xFD,0x30,0x1F,0xFF,0x30,0x00,0x00,0x02,
    0xBF,0xFF,0xFF,0xFF,0xFF,0xA1,0x00,0x2F,0xFF,0x10,0x00,0x00,0x00,0x03,0x8C,0xDE,0xDB,0x83,0x00,0x00,0x4F,0xFE,0x00,0x00,
    0x00,0x00,0x00,0x00,0x00,0x00,0x00,0x00,0x00,0x6F,0xFC,0x00,0x00,0x00,0x00,0x00,0x00,0x00,0x00,0x00,0x00,0x00,0x9F,0xFA,
    0x00,0x00,0x00,0x00,0x00,0x00,0x00,0x00,0x00,0x00,0x00,0xCF,0xF7,0x00,0x00,0x00,0x00,0x00,0x00,0x00,0x00,0x00,0x00,0x01,
    0xFF,0xF4,0x00,0x00,0x00,0x00,0x00,0x00,0x00,0x00,0x00,0x00,0x06,0xFF,0xE0,0x00,0x00,0x00,0x00,0x00,0x00,0x00,0x00,0x00,
    0x00,0x0C,0xFF,0x90,0x00,0x00,0x00,0x00,0x00,0x00,0x00,0x00,0x00,0x00,0x5F,0xFF,0x30,0x00,0x00,0x00,0x00,0x00,0x00,0x00,
    0x00,0x00,0x01,0xDF,0xFC,0x00,0x00,0x00,0x00,0x00,0x00,0x00,0x00,0x00,0x00,0x1B,0xFF,0xF4,0x00,0x00,0x00,0x00,0x00,0x00,
    0x00,0x00,0x00,0x02,0xCF,0xFF,0xA0,0x00,0x00,0x00,0x00,0x00,0x00,0x00,0x00,0x01,0x7E,0xFF,0xFD,0x20,0x00,0x00,0x00,0x03,
    0xDB,0x98,0x77,0x89,0xCF,0xFF,0xFF,0xE3,0x00,0x00,0x00,0x00,0x04,0xFF,0xFF,0xFF,0xFF,0xFF,0xFF,0xFD,0x30,0x00,0x00,0x00,
    0x00,0x04,0xFF,0xFF,0xFF,0xFF,0xFF,0xFE,0x81,0x00,0x00,0x00,0x00,0x00,0x03,0xEF,0xFF,0xFF,0xFF,0xFC,0x72,0x00,0x00,0x00,
    0x00,0x00,0x00,0x00,0x01,0x34,0x55,0x43,0x00,0x00,0x00,0x00,0x00,0x00,0x00,0x3A,0xAA,0xA1,0x5F,0xFF,0xF1,0x5F,0xFF,0xF1,
    0x5F,0xFF,0xF1,0x5F,0xFF,0xF1,0x5F,0xFF,0xF1,0x12,0x22,0x20,0x00,0x00,0x00,0x00,0x00,0x00,0x00,0x00,0x00,0x00,0x00,0x00,
    0x00,0x00,0x00,0x00,0x00,0x00,0x00,0x00,0x00,0x00,0x00,0x00,0x00,0x00,0x00,0x00,0x00,0x00,0x00,0x00,0x00,0x00,0x00,0x00,
    0x00,0x00,0x00,0x00,0x00,0x00,0x00,0x00,0x00,0x4B,0xBB,0xB1,0x5F,0xFF,0xF1,0x5F,0xFF,0xF1,0x5F,0xFF,0xF1,0x5F,0xFF,0xF1,
    0x5F,0xFF,0xF1,
};
static const Glyph sora_clock_glyphs[] = {
    {0x0020, 170, 0, 0, 0, 0, 0},  // U+0020
    {0x002D, 365, 17, 4, 3, -18, 0},  // '-'
    {0x0030, 536, 27, 45, 3, -44, 36},  // '0'
    {0x0031, 536, 12, 43, 9, -43, 666},  // '1'
    {0x0032, 536, 23, 44, 6, -44, 924},  // '2'
    {0x0033, 536, 23, 44, 5, -43, 1452},  // '3'
    {0x0034, 536, 26, 43, 4, -43, 1980},  // '4'
    {0x0035, 536, 24, 44, 5, -43, 2539},  // '5'
    {0x0036, 536, 25, 45, 5, -43, 3067},  // '6'
    {0x0037, 536, 22, 43, 6, -43, 3652},  // '7'
    {0x0038, 536, 25, 45, 4, -44, 4125},  // '8'
    {0x0039, 536, 25, 45, 4, -44, 4710},  // '9'
    {0x003A, 188, 6, 28, 3, -28, 5295},  // ':'
};
const Font sora_clock = {sora_clock_bitmap, sora_clock_glyphs, 13, 44, 56, 17};

// Sora-Regular.ttf at 9 px, 98 glyphs, 1459 bytes
static const uint8_t sora_micro_bitmap[] = {
    0x56,0x68,0x68,0x68,0x68,0x22,0x78,0x56,0x50,0x78,0x70,0x67,0x60,0x05,0x58,0x00,0x08,0x5B,0x00,0x6D,0xBD,0x80,0x0B,0x2A,
    0x00,0x8D,0xAC,0x50,0x3B,0x78,0x20,0x1B,0x85,0x00,0x00,0x60,0x00,0x18,0xD4,0x00,0x7A,0x5C,0x00,0x86,0x06,0x00,0x3C,0xC7,
    0x00,0x21,0x2C,0x30,0x95,0x0A,0x40,0x3C,0xCA,0x00,0x00,0xA0,0x00,0x00,0x30,0x00,0x4A,0x35,0x30,0xA3,0x99,0x10,0x90,0x99,
    0x00,0x8B,0x88,0x94,0x00,0x8A,0x5A,0x00,0xA9,0x19,0x02,0x95,0xB8,0x07,0xB6,0x00,0x3C,0x43,0x00,0x3A,0x26,0x40,0x6D,0x5B,
    0x80,0xB2,0xB9,0x40,0xB2,0x6E,0x00,0x5D,0xDC,0x60,0x54,0x76,0x65,0x0A,0x40,0x2B,0x00,0x67,0x00,0x85,0x00,0x95,0x00,0x86,
    0x00,0x59,0x00,0x0B,0x00,0x06,0x40,0xA5,0x00,0x2B,0x00,0x0B,0x00,0x0A,0x20,0x0A,0x30,0x0B,0x10,0x0B,0x00,0x59,0x00,0x82,
    0x00,0x27,0x51,0x7C,0x97,0x29,0xA4,0x78,0x65,0x04,0x30,0x01,0x20,0x04,0x80,0x59,0xB6,0x48,0xA4,0x04,0x80,0x01,0x10,0x21,
    0x76,0xB1,0x40,0x8C,0xC2,0x22,0x97,0x09,0x30,0x0A,0x00,0x0A,0x00,0x2A,0x00,0x58,0x00,0x85,0x00,0xB1,0x00,0x70,0x00,0x05,
    0xA8,0x00,0x3C,0x4A,0x70,0x87,0x02,0xB0,0x95,0x00,0xC0,0x96,0x01,0xC0,0x6A,0x06,0x90,0x0A,0xCC,0x20,0x8B,0x10,0x3B,0x20,
    0x0A,0x20,0x0A,0x20,0x0A,0x20,0x0A,0x20,0x0A,0x20,0x08,0xA3,0x7A,0x5B,0x53,0x0C,0x00,0x6A,0x1A,0xA1,0x87,0x00,0x9D,0xCC,
    0x6B,0xB8,0x24,0x7A,0x06,0xA1,0x0A,0xB7,0x20,0x1C,0xA3,0x1C,0x4C,0xD6,0x00,0x60,0x00,0x03,0xA0,0x00,0x0B,0x48,0x00,0x5A,
    0x1B,0x00,0xB7,0x6C,0x30,0x68,0x8D,0x40,0x00,0x1B,0x00,0x2B,0xB7,0x00,0x49,0x42,0x00,0x58,0x50,0x00,0x6C,0xAB,0x00,0x31,
    0x0C,0x10,0x96,0x0C,0x10,0x3C,0xD8,0x00,0x05,0xA8,0x00,0x3C,0x53,0x00,0x86,0x52,0x00,0x9C,0xAC,0x10,0x97,0x09,0x50,0x68,
    0x0A,0x50,0x1B,0xCB,0x00,0x8B,0xB9,0xA4,0x4B,0x30,0x77,0x00,0xB2,0x02,0xA0,0x08,0x60,0x0C,0x10,0x08,0xA4,0x00,0x79,0x5C,
    0x00,0x87,0x1C,0x00,0x2D,0xC9,0x00,0xA4,0x0B,0x20,0xA4,0x0B,0x20,0x4C,0xC9,0x00,0x18,0xA3,0x00,0x89,0x6B,0x00,0xB2,0x0B,
    0x20,0x98,0x4E,0x30,0x1A,0xAB,0x30,0x00,0x1C,0x00,0x2C,0xC6,0x00,0x02,0x10,0x00,0x54,0x76,0x00,0x22,0x97,0x55,0x66,0x00,
    0x12,0x77,0xA2,0x40,0x02,0x98,0x7B,0x60,0x6B,0x71,0x01,0x78,0x24,0x43,0x69,0x97,0x69,0x97,0x24,0x43,0x67,0x10,0x17,0xB7,
    0x03,0xA9,0x7A,0x40,0x2A,0x91,0xA7,0x98,0x60,0x59,0x07,0xC4,0x0A,0x20,0x03,0x10,0x0B,0x40,0x00,0x5A,0xA6,0x00,0x07,0xB5,
    0x4A,0xA0,0x2B,0x17,0x43,0xA5,0x76,0x98,0xA9,0x59,0x93,0xB0,0x49,0x39,0x94,0xB2,0x69,0x77,0x68,0x4B,0x8C,0xC2,0x1C,0x30,
    0x00,0x00,0x04,0xCA,0x90,0x00,0x00,0x15,0x40,0x00,0x01,0xB5,0x00,0x05,0xAA,0x00,0x09,0x4B,0x00,0x0C,0x0A,0x30,0x3E,0xCD,
    0x80,0x77,0x02,0xB0,0xB2,0x00,0xC1,0x4B,0xB6,0x00,0x6A,0x4D,0x10,0x69,0x0C,0x20,0x6E,0xCD,0x00,0x69,0x0A,0x50,0x69,0x09,
    0x60,0x6E,0xCC,0x20,0x04,0xAA,0x30,0x3D,0x56,0xD1,0x97,0x00,0x84,0xA4,0x00,0x00,0xA5,0x00,0x44,0x5B,0x11,0xB4,0x08,0xDD,
    0x80,0x4B,0xB8,0x10,0x6A,0x48,0xB0,0x69,0x00,0xB3,0x69,0x00,0x96,0x69,0x00,0xA5,0x69,0x03,0xC1,0x6E,0xCC,0x40,0x4B,0xB8,
    0x6A,0x43,0x69,0x00,0x6E,0xC8,0x69,0x00,0x69,0x00,0x6E,0xCA,0x4B,0xB8,0x69,0x42,0x68,0x00,0x6D,0xC7,0x68,0x00,0x68,0x00,
    0x68,0x00,0x04,0xAA,0x30,0x3C,0x56,0xC1,0x87,0x00,0x84,0xA4,0x16,0x64,0xA5,0x29,0xC8,0x5B,0x10,0xA5,0x08,0xDC,0xA0,0x46,
    0x00,0x80,0x69,0x00,0xC0,0x69,0x00,0xC0,0x6D,0xBB,0xD0,0x6A,0x44,0xC0,0x69,0x00,0xC0,0x69,0x00,0xC0,0x46,0x58,0x58,0x58,
    0x58,0x58,0x58,0x1B,0xBA,0x04,0x4C,0x00,0x0C,0x00,0x0C,0x80,0x0C,0xB4,0x2B,0x4D,0xD5,0x46,0x08,0x20,0x69,0x6A,0x00,0x69,
    0xB1,0x00,0x6D,0xA0,0x00,0x69,0xB4,0x00,0x69,0x3C,0x10,0x69,0x07,0x90,0x46,0x00,0x68,0x00,0x68,0x00,0x68,0x00,0x68,0x00,
    0x68,0x00,0x6D,0xC9,0x49,0x00,0x59,0x6F,0x30,0xAC,0x6B,0x91,0xBC,0x68,0xC6,0x7C,0x68,0xAC,0x2C,0x68,0x49,0x0C,0x68,0x00,
    0x0C,0x4B,0x20,0x64,0x6C,0x80,0x86,0x68,0xC1,0x86,0x68,0x87,0x86,0x68,0x1B,0x86,0x68,0x0A,0xA6,0x68,0x04,0xF6,0x03,0xAA,
    0x40,0x2D,0x65,0xC4,0x87,0x00,0x5A,0xA4,0x00,0x1C,0x95,0x00,0x3B,0x5C,0x10,0xA6,0x07,0xDD,0x90,0x4B,0xB6,0x00,0x6A,0x4D,
    0x30,0x69,0x09,0x50,0x69,0x1C,0x30,0x6E,0xC7,0x00,0x69,0x00,0x00,0x69,0x00,0x00,0x03,0xAA,0x40,0x2D,0x65,0xC4,0x87,0x00,
    0x5A,0xA4,0x00,0x1C,0x95,0x00,0x3B,0x5C,0x10,0xA7,0x08,0xDD,0x90,0x00,0x49,0x00,0x00,0x1B,0xA0,0x4B,0xB7,0x00,0x6A,0x4C,
    0x40,0x69,0x08,0x60,0x6A,0x4C,0x40,0x6D,0xC9,0x00,0x69,0x2C,0x10,0x69,0x08,0x90,0x07,0xA6,0x00,0x5B,0x4C,0x30,0x78,0x04,
    0x30,0x2C,0xC9,0x10,0x10,0x2A,0x70,0xA6,0x08,0x70,0x3C,0xCB,0x10,0x9B,0xBB,0x37,0x94,0x05,0x90,0x05,0x90,0x05,0x90,0x05,
    0x90,0x05,0x90,0x55,0x00,0x80,0x77,0x00,0xC0,0x77,0x00,0xC0,0x77,0x00,0xC0,0x78,0x00,0xC0,0x4B,0x03,0xC0,0x09,0xDD,0x50,
    0x90,0x01,0x80,0xA5,0x05,0x90,0x69,0x08,0x60,0x1B,0x0A,0x10,0x0B,0x1B,0x00,0x08,0x79,0x00,0x04,0xE6,0x00,0x81,0x05,0x20,
    0x73,0xA4,0x0D,0x60,0xB1,0x78,0x1C,0x90,0xB0,0x3A,0x49,0xB2,0xA0,0x0B,0x76,0xB6,0x80,0x0B,0xA3,0xA9,0x50,0x09,0xD0,0x8E,
    0x10,0x74,0x05,0x60,0x4B,0x0B,0x20,0x0A,0x89,0x00,0x03,0xF1,0x00,0x09,0xB7,0x00,0x3B,0x1C,0x20,0xA4,0x06,0x90,0x81,0x05,
    0x50,0x87,0x0B,0x20,0x2B,0x2A,0x00,0x0A,0xA6,0x00,0x03,0xC0,0x00,0x00,0xB0,0x00,0x00,0xB0,0x00,0x7B,0xBB,0x30,0x24,0x4C,
    0x30,0x00,0x79,0x00,0x02,0xC1,0x00,0x0A,0x50,0x00,0x6A,0x00,0x00,0xAD,0xCC,0x50,0x5D,0x40,0x58,0x00,0x58,0x00,0x58,0x00,
    0x58,0x00,0x58,0x00,0x58,0x00,0x58,0x00,0x4B,0x40,0xB0,0x00,0xA2,0x00,0x76,0x00,0x49,0x00,0x0A,0x00,0x0A,0x00,0x0A,0x20,
    0x05,0x30,0x8C,0x0A,0x0A,0x0A,0x0A,0x0A,0x0A,0x0A,0x8A,0x05,0x60,0x09,0x90,0x19,0x92,0x66,0x57,0x31,0x13,0x99,0x99,0x10,
    0x44,0x44,0x10,0x50,0xB2,0x44,0x4C,0xB2,0x00,0x78,0x7C,0xC8,0xB2,0x68,0x7C,0xA8,0x55,0x00,0x00,0x77,0x00,0x00,0x7B,0xC9,
    0x00,0x7B,0x2A,0x60,0x77,0x05,0x90,0x79,0x08,0x70,0x7A,0xCB,0x10,0x1A,0xC5,0x88,0x3C,0xB3,0x01,0x96,0x0B,0x2C,0xD8,0x00,
    0x07,0x40,0x00,0x09,0x50,0x1A,0xCC,0x50,0x89,0x2C,0x50,0xB3,0x09,0x50,0x96,0x0B,0x50,0x2C,0xCB,0x50,0x1A,0xC5,0x87,0x3C,
    0xBB,0xBC,0x95,0x08,0x3C,0xD8,0x09,0x60,0x5A,0x20,0xAD,0x70,0x68,0x00,0x68,0x00,0x68,0x00,0x68,0x00,0x1A,0xB8,0x30,0x89,
    0x2D,0x40,0xB3,0x0A,0x40,0x96,0x0C,0x40,0x3C,0xCC,0x40,0x02,0x2C,0x10,0x0B,0xC6,0x00,0x55,0x00,0x77,0x00,0x7B,0xC6,0x7B,
    0x3C,0x77,0x0C,0x77,0x0C,0x77,0x0C,0x56,0x45,0x97,0x49,0x49,0x49,0x49,0x05,0x60,0x04,0x50,0x08,0x80,0x04,0xA0,0x04,0xA0,
    0x04,0xA0,0x04,0xA0,0x05,0x90,0x1C,0x40,0x55,0x00,0x77,0x00,0x77,0x66,0x78,0xA0,0x7C,0x90,0x77,0xB3,0x77,0x4B,0x95,0x67,
    0x67,0x67,0x67,0x67,0x67,0x68,0xC6,0xBA,0x00,0x7A,0x3D,0x3B,0x40,0x77,0x0B,0x08,0x60,0x77,0x0B,0x08,0x60,0x77,0x0B,0x08,
    0x60,0x68,0xC6,0x7A,0x3C,0x77,0x0C,0x77,0x0C,0x77,0x0C,0x19,0xC7,0x00,0x89,0x2B,0x40,0xB3,0x07,0x80,0x96,0x0A,0x60,0x2C,
    0xCA,0x00,0x67,0xC9,0x00,0x7B,0x2A,0x60,0x77,0x05,0x90,0x79,0x08,0x70,0x7C,0xCB,0x10,0x77,0x00,0x00,0x66,0x00,0x00,0x1A,
    0xC8,0x40,0x89,0x2C,0x50,0xB3,0x09,0x50,0x96,0x0B,0x50,0x2C,0xCC,0x50,0x00,0x09,0x50,0x00,0x07,0x40,0x68,0x90,0x7A,0x10,
    0x77,0x00,0x77,0x00,0x77,0x00,0x4B,0xA1,0x95,0x74,0x5B,0xA2,0x71,0x78,0x6D,0xC3,0x23,0x00,0x68,0x00,0xBD,0x80,0x68,0x00,
    0x68,0x00,0x58,0x00,0x2C,0x90,0x75,0x0A,0x86,0x0C,0x86,0x0C,0x87,0x2C,0x3D,0xCA,0xA1,0x28,0x95,0x68,0x59,0xA4,0x1B,0xB0,
    0x0B,0xB0,0x90,0x77,0x09,0xA4,0xAA,0x49,0x67,0xAA,0x76,0x2A,0xA9,0xA3,0x0C,0x87,0xD0,0x84,0x66,0x3A,0xB1,0x0B,0xA0,0x2A,
    0xB2,0x94,0x69,0xA0,0x38,0x95,0x77,0x58,0xA2,0x0B,0xB0,0x0A,0xA0,0x07,0x70,0x9A,0x10,0x8B,0xC1,0x02,0xC0,0x0A,0x50,0x5A,
    0x00,0xAB,0xB3,0x0B,0x40,0x3A,0x00,0x39,0x00,0x59,0x00,0x96,0x00,0x39,0x00,0x39,0x00,0x2A,0x00,0x08,0x40,0x70,0xA0,0xA0,
    0xA0,0xA0,0xA0,0xA0,0xA0,0x80,0x88,0x00,0x0A,0x00,0x0A,0x00,0x0B,0x10,0x0A,0x40,0x0A,0x00,0x0A,0x00,0x2A,0x00,0x84,0x00,
    0x68,0x23,0x77,0xB3,0x5A,0x10,0xA5,0x70,0xAA,0x50,0x14,0x00,0x11,0x97,0x21,0xBC,0xCC,0xCC,0x50,
};
static const Glyph sora_micro_glyphs[] = {
    {0x0020, 37, 0, 0, 0, 0, 0},  // U+0020
    {0x0021, 45, 2, 7, 0, -7, 0},  // '!'
    {0x0022, 60, 3, 3, 0, -7, 7},  // '"'
    {0x0023, 89, 5, 7, 0, -7, 13},  // '#'
    {0x0024, 85, 5, 10, 0, -8, 34},  // '$'
    {0x0025, 107, 6, 7, 0, -7, 64},  // '%'
    {0x0026, 89, 5, 7, 0, -7, 85},  // '&'
    {0x0027, 41, 2, 3, 0, -7, 106},  // "'"
    {0x0028, 54, 3, 9, 0, -7, 109},  // '('
    {0x0029, 54, 3, 9, 0, -7, 127},  // ')'
    {0x002A, 75, 4, 5, 0, -7, 145},  // '*'
    {0x002B, 78, 4, 6, 0, -6, 155},  // '+'
    {0x002C, 41, 2, 4, 0, -2, 167},  // ','
    {0x002D, 68, 4, 1, 0, -3, 171},  // '-'
    {0x002E, 41, 2, 2, 0, -2, 173},  // '.'
    {0x002F, 50, 3, 8, 0, -7, 175},  // '/'
    {0x0030, 95, 5, 7, 0, -7, 191},  // '0'
    {0x0031, 59, 3, 7, 0, -7, 212},  // '1'
    {0x0032, 81, 4, 7, 0, -7, 226},  // '2'
    {0x0033, 81, 4, 7, 0, -7, 240},  // '3'
    {0x0034, 84, 5, 7, 0, -7, 254},  // '4'
    {0x0035, 82, 5, 7, 0, -7, 275},  // '5'
    {0x0036, 86, 5, 7, 0, -7, 296},  // '6'
    {0x0037, 76, 4, 7, 0, -7, 317},  // '7'
    {0x0038, 83, 5, 7, 0, -7, 331},  // '8'
    {0x0039, 86, 5, 8, 0, -7, 352},  // '9'
    {0x003A, 41, 2, 5, 0, -5, 376},  // ':'
    {0x003B, 41, 2, 7, 0, -5, 381},  // ';'
    {0x003C, 78, 4, 4, 0, -5, 388},  // '<'
    {0x003D, 78, 4, 4, 0, -5, 396},  // '='
    {0x003E, 78, 4, 4, 0, -5, 404},  // '>'
    {0x003F, 74, 4, 7, 0, -7, 412},  // '?'
    {0x0040, 138, 8, 10, 0, -7, 426},  // '@'
    {0x0041, 97, 6, 7, 0, -7, 466},  // 'A'
    {0x0042, 88, 5, 7, 0, -7, 487},  // 'B'
    {0x0043, 101, 6, 7, 0, -7, 508},  // 'C'
    {0x0044, 101, 6, 7, 0, -7, 529},  // 'D'
    {0x0045, 79, 4, 7, 0, -7, 550},  // 'E'
    {0x0046, 75, 4, 7, 0, -7, 564},  // 'F'
    {0x0047, 105, 6, 7, 0, -7, 578},  // 'G'
    {0x0048, 102, 5, 7, 0, -7, 599},  // 'H'
    {0x0049, 47, 2, 7, 0, -7, 620},  // 'I'
    {0x004A, 84, 4, 7, 0, -7, 627},  // 'J'
    {0x004B, 88, 5, 7, 0, -7, 641},  // 'K'
    {0x004C, 73, 4, 7, 0, -7, 662},  // 'L'
    {0x004D, 115, 6, 7, 0, -7, 676},  // 'M'
    {0x004E, 107, 6, 7, 0, -7, 697},  // 'N'
    {0x004F, 109, 6, 7, 0, -7, 718},  // 'O'
    {0x0050, 84, 5, 7, 0, -7, 739},  // 'P'
    {0x0051, 109, 6, 9, 0, -7, 760},  // 'Q'
    {0x0052, 90, 5, 7, 0, -7, 787},  // 'R'
    {0x0053, 89, 5, 7, 0, -7, 808},  // 'S'
    {0x0054, 78, 4, 7, 0, -7, 829},  // 'T'
    {0x0055, 100, 5, 7, 0, -7, 843},  // 'U'
    {0x0056, 91, 5, 7, 0, -7, 864},  // 'V'
    {0x0057, 129, 8, 7, 0, -7, 885},  // 'W'
    {0x0058, 90, 5, 7, 0, -7, 913},  // 'X'
    {0x0059, 85, 5, 7, 0, -7, 934},  // 'Y'
    {0x005A, 85, 5, 7, 0, -7, 955},  // 'Z'
    {0x005B, 54, 3, 9, 0, -7, 976},  // '['
    {0x005C, 50, 3, 8, 0, -7, 994},  // '\\'
    {0x005D, 54, 2, 9, 0, -7, 1010},  // ']'
    {0x005E, 76, 4, 5, 0, -7, 1019},  // '^'
    {0x005F, 76, 5, 2, 0, 0, 1029},  // '_'
    {0x0060, 45, 2, 3, 0, -8, 1035},  // '`'
    {0x0061, 76, 4, 5, 0, -5, 1038},  // 'a'
    {0x0062, 89, 5, 7, 0, -7, 1048},  // 'b'
    {0x0063, 80, 4, 5, 0, -5, 1069},  // 'c'
    {0x0064, 89, 5, 7, 0, -7, 1079},  // 'd'
    {0x0065, 80, 4, 5, 0, -5, 1100},  // 'e'
    {0x0066, 54, 3, 7, 0, -7, 1110},  // 'f'
    {0x0067, 88, 5, 7, 0, -5, 1124},  // 'g'
    {0x0068, 84, 4, 7, 0, -7, 1145},  // 'h'
    {0x0069, 46, 2, 7, 0, -7, 1159},  // 'i'
    {0x006A, 47, 3, 9, -1, -7, 1166},  // 'j'
    {0x006B, 76, 4, 7, 0, -7, 1184},  // 'k'
    {0x006C, 44, 2, 7, 0, -7, 1198},  // 'l'
    {0x006D, 121, 7, 5, 0, -5, 1205},  // 'm'
    {0x006E, 84, 4, 5, 0, -5, 1225},  // 'n'
    {0x006F, 88, 5, 5, 0, -5, 1235},  // 'o'
    {0x0070, 89, 5, 7, 0, -5, 1250},  // 'p'
    {0x0071, 89, 5, 7, 0, -5, 1271},  // 'q'
    {0x0072, 58, 3, 5, 0, -5, 1292},  // 'r'
    {0x0073, 72, 4, 5, 0, -5, 1302},  // 's'
    {0x0074, 59, 3, 7, 0, -7, 1312},  // 't'
    {0x0075, 82, 4, 5, 0, -5, 1326},  // 'u'
    {0x0076, 74, 4, 5, 0, -5, 1336},  // 'v'
    {0x0077, 107, 6, 5, 0, -5, 1346},  // 'w'
    {0x0078, 75, 4, 5, 0, -5, 1361},  // 'x'
    {0x0079, 73, 4, 7, 0, -5, 1371},  // 'y'
    {0x007A, 66, 4, 5, 0, -5, 1385},  // 'z'
    {0x007B, 54, 3, 9, 0, -7, 1395},  // '{'
    {0x007C, 53, 1, 9, 1, -7, 1413},  // '|'
    {0x007D, 54, 3, 9, 0, -7, 1422},  // '}'
    {0x007E, 67, 4, 2, 0, -4, 1440},  // '~'
    {0x00B0, 53, 3, 4, 0, -7, 1444},  // '°'
    {0x00B7, 41, 2, 3, 0, -4, 1452},  // '·'
    {0x2014, 113, 7, 1, 0, -3, 1455},  // '—'
};
const Font sora_micro = {sora_micro_bitmap, sora_micro_glyphs, 98, 7, 9, 3};
